year_month,sku,reference_volume,reference_price,capacity,markup,discount,excise,vilc,nr,maco,segment,sellin_sku,sellout_volume,reference_price_unit,
2024-01,AGUILA 0 BOTELLA RETORNABLE 330.0,-0.21,5151.515152,330,0.393442623,0,0,23955.6798,-65240.64171,-41284.96191,Core,Aguila 0.0% RB 330,77.27469635,1700,330
2024-02,AGUILA 0 BOTELLA RETORNABLE 330.0,-0.12,5151.515152,330,0.393442623,0,0,14039.8991,-37280.36669,-23240.46759,Core,Aguila 0.0% RB 330,65.97470093,1700,330
2024-03,AGUILA 0 BOTELLA RETORNABLE 330.0,-0.04,5151.515152,330,0.393442623,0,0,4547.6631,-12426.7889,-7879.125797,Core,Aguila 0.0% RB 330,55.40169907,1700,330
2024-04,AGUILA 0 BOTELLA RETORNABLE 330.0,-0.19,5151.515152,330,0.393442623,0,0,22431.23626,-59027.24726,-36596.01101,Core,Aguila 0.0% RB 330,46.7507019,1700,330
2024-05,AGUILA 0 BOTELLA RETORNABLE 330.0,-0.14,5151.515152,330,0.363636426,0,0,16174.7733,-44444.44242,-28269.66912,Core,Aguila 0.0% RB 330,15.45909977,1700,330
2024-06,AGUILA 0 BOTELLA RETORNABLE 330.0,30.59,5151.515152,330,0.363636426,-0.012523814,-0.000241641,-3531686.927,9587143.929,6055457.002,Core,Aguila 0.0% RB 330,49.92290115,1700,330
2024-07,AGUILA 0 BOTELLA RETORNABLE 330.0,248.06,5151.515152,330,0.363636426,-0.009386974,0.000181472,-28544988.53,78024276.82,49479288.29,Core,Aguila 0.0% RB 330,191.5823975,1700,330
2024-08,AGUILA 0 BOTELLA RETORNABLE 330.0,162.71,5151.515152,330,0.363636426,-0.007814889,0,-19018028.02,51250295.9,32232267.88,Core,Aguila 0.0% RB 330,207.0830994,1700,330
2024-09,AGUILA 0 BOTELLA RETORNABLE 330.0,92.41,5151.515152,330,0.363636426,-0.006787485,0,-10823495.5,29137385.49,18313889.99,Core,Aguila 0.0% RB 330,263.973114,1700,330
2024-10,AGUILA 0 BOTELLA RETORNABLE 330.0,58.83,5151.515152,330,0.363636426,-0.009609437,0,-6938844.207,18496721.97,11557877.76,Core,Aguila 0.0% RB 330,158.4631958,1700,330
2024-11,AGUILA 0 BOTELLA RETORNABLE 330.0,0.15,5151.515152,330,0.363636426,-0.019132741,0,-21896.5548,46707.96258,24811.40778,Core,Aguila 0.0% RB 330,189.4668372,1700,330
2024-12,AGUILA 0 BOTELLA RETORNABLE 330.0,0,5151.515152,330,0.363636426,0,0,0,0,0,Core,Aguila 0.0% RB 330,73.52926921,1700,330
2025-02,AGUILA 0 BOTELLA RETORNABLE 330.0,-0.04,5151.515152,330,0.363636426,0,0,6172.480941,-12698.41212,-6525.93118,Core,Aguila 0.0% RB 330,68.48245229,1700,330
2025-04,AGUILA 0 BOTELLA RETORNABLE 330.0,1.48,5151.515152,330,0.363636426,-0.018696243,0,-178444.5028,461056.9822,282612.4794,Core,Aguila 0.0% RB 330,69.02806961,1700,330
2025-05,AGUILA 0 BOTELLA RETORNABLE 330.0,194.25,5151.515152,330,0.363636426,-0.012449778,0,-26924332.91,60898927.61,33974594.7,Core,Aguila 0.0% RB 330,39.90537498,1700,330
2025-06,AGUILA 0 BOTELLA RETORNABLE 330.0,160.95,5151.515152,330,0.363636426,-0.010368203,0,-22521534.34,50565469.99,28043935.65,Core,Aguila 0.0% RB 330,85.31960656,1700,330
2025-07,AGUILA 0 BOTELLA RETORNABLE 330.0,118.4,5151.515152,330,0.363636426,-0.016745579,0,-16766498.86,36957878.77,20191379.92,Core,Aguila 0.0% RB 330,153.5384623,1700,330
2025-08,AGUILA 0 BOTELLA RETORNABLE 330.0,79.63,5151.515152,330,0.363636426,-0.012651958,0,-11016611.69,24959530.48,13942918.79,Core,Aguila 0.0% RB 330,199.3425732,1700,330
2024-01,AGUILA 0 LATA NO RETORNABLE 330.0,-22.12,5151.515152,330,0.363636426,0.040489272,0.000137212,5395275.728,-7307510.088,-1912234.36,Core,Aguila 0.0% CAN 330,599.8590698,1700,330
2024-02,AGUILA 0 LATA NO RETORNABLE 330.0,-17.01,6060.606061,330,0.215190068,0.021001958,8.65899E-06,4124170.822,-7278794.443,-3154623.621,Core,Aguila 0.0% CAN 330,230.3860931,2000,330
2024-03,AGUILA 0 LATA NO RETORNABLE 330.0,958.13,6060.606061,330,0.215190068,-0.149699704,-0.000527773,-230934135.5,341233771.6,110299636.2,Core,Aguila 0.0% CAN 330,194.4933929,2000,330
2024-04,AGUILA 0 LATA NO RETORNABLE 330.0,906.29,6060.606061,330,0.215190068,-0.186519375,-0.000610234,-217951888.8,308754556.7,90802667.89,Core,Aguila 0.0% CAN 330,314.5628967,2000,330
2024-05,AGUILA 0 LATA NO RETORNABLE 330.0,1580.81,6060.606061,330,0.215190068,-0.31364004,-0.000401885,-382300863.1,454466766.8,72165903.63,Core,Aguila 0.0% CAN 330,546.7028809,2000,330
2024-06,AGUILA 0 LATA NO RETORNABLE 330.0,964.7,6060.606061,330,0.215190068,-0.339268925,-0.00018093,-233696771,267068676.2,33371905.24,Core,Aguila 0.0% CAN 330,621.1085815,2000,330
2024-07,AGUILA 0 LATA NO RETORNABLE 330.0,1095.75,6060.606061,330,0.215190068,-0.156245289,0.000135246,-265456601.8,387545038.2,122088436.5,Core,Aguila 0.0% CAN 330,948.0302734,2000,330
2024-08,AGUILA 0 LATA NO RETORNABLE 330.0,896.88,6060.606061,330,0.215190068,-0.201386356,0,-217865278.9,300189811.6,82324532.71,Core,Aguila 0.0% CAN 330,767.3513794,2000,330
2024-09,AGUILA 0 LATA NO RETORNABLE 330.0,629.27,6060.606061,330,0.215190068,-0.128671857,0,-152437089.5,229796628.4,77359538.93,Core,Aguila 0.0% CAN 330,716.7655029,2000,330
2024-10,AGUILA 0 LATA NO RETORNABLE 330.0,1144.73,6060.606061,330,0.215190068,-0.271789649,0,-277200161.3,349369344.7,72169183.38,Core,Aguila 0.0% CAN 330,719.5582275,2000,330
2024-11,AGUILA 0 LATA NO RETORNABLE 330.0,821.17,6060.606061,330,0.215190068,-0.243354619,0,-198747810.4,260405614.3,61657803.86,Core,Aguila 0.0% CAN 330,753.8096455,2000,330
2024-12,AGUILA 0 LATA NO RETORNABLE 330.0,742.78,6060.606061,330,0.215190068,-0.158730373,0,-179720124,261890831.2,82170707.26,Core,Aguila 0.0% CAN 330,947.490299,2000,330
2025-01,AGUILA 0 LATA NO RETORNABLE 330.0,1646.23,6060.606061,330,0.215190068,-0.157141991,0,-357190338.3,581526905.3,224336567.1,Core,Aguila 0.0% CAN 330,776.6790979,2000,330
2025-02,AGUILA 0 LATA NO RETORNABLE 330.0,1923.06,5303.030303,330,0.208633203,-0.235359161,0,-437113618,542166838.5,105053220.5,Core,Aguila 0.0% CAN 330,603.3655116,1750,330
2025-03,AGUILA 0 LATA NO RETORNABLE 330.0,2295.6,4545.454545,330,0.200000096,-0.79687479,0,-512415491.5,148425705.1,-363989786.5,Core,Aguila 0.0% CAN 330,1061.080962,1500,330
2025-04,AGUILA 0 LATA NO RETORNABLE 330.0,2111.6508,4924.242424,330,0.300000208,-0.967290046,0,-467397267.6,21986245.72,-445411021.9,Core,Aguila 0.0% CAN 330,1635.844608,1625,330
2025-05,AGUILA 0 LATA NO RETORNABLE 330.0,2243.1508,4545.454545,330,0.200000192,-0.591214486,0,-495910002.1,291879108.1,-204030894.1,Core,Aguila 0.0% CAN 330,1693.41077,1500,330
2025-06,AGUILA 0 LATA NO RETORNABLE 330.0,1691.1112,4545.454545,330,0.200000192,-1.008717347,0,-370683346.3,-4692513.773,-375375860.1,Core,Aguila 0.0% CAN 330,2027.17565,1500,330
2025-07,AGUILA 0 LATA NO RETORNABLE 330.0,2046.39,4545.454545,330,0.148936354,-0.896009408,-1.45532E-09,-449362084.8,70748434.81,-378613650,Core,Aguila 0.0% CAN 330,1893.921482,1500,330
2025-08,AGUILA 0 LATA NO RETORNABLE 330.0,1760.4348,4545.454545,330,0.12500018,-0.238105275,0,-389699364.1,455399634.3,65700270.27,Core,Aguila 0.0% CAN 330,1803.76043,1500,330
2024-03,AGUILA CERO BOTELLA RETORNABLE 330.0,-0.1,7272.727273,330,0.182266313,0,0,6979.07,-51693.39139,-44714.32139,Core,Aguila Cero RB 330,6.170599937,2400,330
2024-08,AGUILA CERO BOTELLA RETORNABLE 330.0,-0.1,7272.727273,330,0.182266313,0,0,6979.07,-51693.39139,-44714.32139,Core,Aguila Cero RB 330,94.07640076,2400,330
2024-09,AGUILA CERO BOTELLA RETORNABLE 330.0,-0.1,7272.727273,330,0.182266313,0,0,6979.07,-51693.39139,-44714.32139,Core,Aguila Cero RB 330,91.69550323,2400,330
2024-10,AGUILA CERO BOTELLA RETORNABLE 330.0,-0.2,7272.727273,330,0.182266313,0,0,13958.14,-103386.7828,-89428.64279,Core,Aguila Cero RB 330,0.0053,2400,330
2024-12,AGUILA CERO BOTELLA RETORNABLE 330.0,-0.2,7575.757576,330,0.182964781,0,0,13958.14,-107630.9784,-93672.83835,Core,Aguila Cero RB 330,5.087314131,2500,330
2025-01,AGUILA CERO BOTELLA RETORNABLE 330.0,-0.69,7575.757576,330,0.182964781,0,0,48155.583,-371326.8753,-323171.2923,Core,Aguila Cero RB 330,0.011522,2500,330
2025-06,AGUILA CERO BOTELLA RETORNABLE 330.0,-0.3,7575.757576,330,0.182964781,0,0,20937.21,-161446.4675,-140509.2575,Core,Aguila Cero RB 330,0.702954989,2500,330
2025-07,AGUILA CERO BOTELLA RETORNABLE 330.0,-0.1,7575.757576,330,0.182964781,0,0,6979.07,-53815.48918,-46836.41918,Core,Aguila Cero RB 330,1.206576959,2500,330
2024-03,AGUILA CERO LATA NO RETORNABLE 330.0,-0.03,10000,330,0.180327879,0,0,5361.576,-21358.54324,-15996.96724,Core,Aguila Cero CAN 330,0.0033,3300,330
2025-07,AGUILA CERO LATA NO RETORNABLE 330.0,-0.02,10404.0404,330,0.193050142,0,0,4216.432,-14656.36822,-10439.93622,Core,Aguila Cero CAN 330,28.42611204,3433.333333,330
2024-01,AGUILA CTE BOTELLA NO RETORNABLE 330.0,3444.28,6666.666667,330,0.189189118,-0.013963912,-0.201577436,-1229254133,1272856251,43602118.48,Core,Aguila NRB 330,319.0653992,2200,330
2024-02,AGUILA CTE BOTELLA NO RETORNABLE 330.0,4078.48,6666.666667,330,0.189189118,-0.010350683,-0.201974291,-1455340386,1513408838,58068452.09,Core,Aguila NRB 330,634.2276001,2200,330
2024-03,AGUILA CTE BOTELLA NO RETORNABLE 330.0,399.17,6666.666667,330,0.189189118,0,-0.000374516,-151373997.8,187977585.3,36603587.43,Core,Aguila NRB 330,834.2219238,2200,330
2024-04,AGUILA CTE BOTELLA NO RETORNABLE 330.0,458.38,7272.727273,330,-2.20833E-07,-0.019337953,-0.183398862,-110937043.3,223345808.6,112408765.2,Core,Aguila NRB 330,2216.893799,2400,330
2024-05,AGUILA CTE BOTELLA NO RETORNABLE 330.0,2852.28,7272.727273,330,-2.20833E-07,-0.008363799,-0.178033131,-713173083.9,1418257771,705084687.4,Core,Aguila NRB 330,3469.615234,2400,330
2024-06,AGUILA CTE BOTELLA NO RETORNABLE 330.0,1707.09,7272.727273,330,-2.20833E-07,-0.00386685,-0.172165732,-411863715.5,859640549.8,447776834.3,Core,Aguila NRB 330,1329.977539,2400,330
2024-07,AGUILA CTE BOTELLA NO RETORNABLE 330.0,3023.5,7272.727273,330,-2.20833E-07,-0.036993681,-0.170428109,-720425465.8,1464544382,744118916,Core,Aguila NRB 330,2748.988281,2400,330
2024-08,AGUILA CTE BOTELLA NO RETORNABLE 330.0,4665.37,7272.727273,330,0.18032808,-0.050197859,-0.195640114,-1665252789,1821790173,156537384,Core,Aguila NRB 330,2108.102295,2400,330
2024-09,AGUILA CTE BOTELLA NO RETORNABLE 330.0,2061.48,7272.727273,330,-2.20833E-07,-0.003372309,-0.186815868,-519106618.8,1020266612,501159993.5,Core,Aguila NRB 330,1465.875244,2400,330
2024-10,AGUILA CTE BOTELLA NO RETORNABLE 330.0,1815.48,7272.727273,330,-2.20833E-07,-0.004072493,-0.180472586,-439349566.5,904777648.2,465428081.7,Core,Aguila NRB 330,1470.13562,2400,330
2024-11,AGUILA CTE BOTELLA NO RETORNABLE 330.0,1524.34,7272.727273,330,0.18032808,-0.015437615,-0.196980682,-543954612.5,621620124.4,77665511.93,Core,Aguila NRB 330,1655.274789,2400,330
2024-12,AGUILA CTE BOTELLA NO RETORNABLE 330.0,931.39,7272.727273,330,0.18032808,0,-0.000453105,-353203466.8,482039188.3,128835721.5,Core,Aguila NRB 330,1765.390062,2400,330
2025-01,AGUILA CTE BOTELLA NO RETORNABLE 330.0,1909.53,7272.727273,330,-2.20833E-07,-0.023578865,-0.175885853,-686417502.2,934237723.2,247820221,Core,Aguila NRB 330,1945.294034,2400,330
2025-02,AGUILA CTE BOTELLA NO RETORNABLE 330.0,1722.02,7272.727273,330,-2.20833E-07,-0.005182382,-0.172243559,-623949293.7,865692463.4,241743169.7,Core,Aguila NRB 330,1221.205535,2400,330
2025-03,AGUILA CTE BOTELLA NO RETORNABLE 330.0,960.59,7272.727273,330,-2.20833E-07,-0.003967217,-0.171599866,-345581879.3,483998283.4,138416404.1,Core,Aguila NRB 330,1464.438487,2400,330
2025-04,AGUILA CTE BOTELLA NO RETORNABLE 330.0,598.75,7272.727273,330,0.18032808,0,-0.000362521,-290881737.2,309910048.7,19028311.42,Core,Aguila NRB 330,1675.511438,2400,330
2025-05,AGUILA CTE BOTELLA NO RETORNABLE 330.0,1425.9049,7272.727273,330,-2.20833E-07,-0.00606598,-0.175311529,-503621141.2,713386144.6,209765003.4,Core,Aguila NRB 330,1396.864421,2400,330
2025-06,AGUILA CTE BOTELLA NO RETORNABLE 330.0,588.7808,7272.727273,330,-2.20833E-07,-0.259553033,-0.169124159,-211221440.3,205582260.6,-5639179.694,Core,Aguila NRB 330,1994.238024,2400,330
2025-07,AGUILA CTE BOTELLA NO RETORNABLE 330.0,1870.49,7272.727273,330,-2.20833E-07,-0.039039824,-0.177297015,-675607298.3,895849918.9,220242620.6,Core,Aguila NRB 330,2518.546108,2400,330
2025-08,AGUILA CTE BOTELLA NO RETORNABLE 330.0,119.5468,7272.727273,330,-2.20833E-07,-1.585214283,-0.139904276,-41806769.15,-52978226.12,-94784995.26,Core,Aguila NRB 330,3158.903471,2400,330
2024-01,AGUILA CTE BOTELLA RETORNABLE 1000.0,60687.54,5500,1000,0.181818302,-0.019314543,-0.238147287,-6385292949,17623141733,11237848784,Core,Aguila RB 1000,97236.65625,5500,1000
2024-02,AGUILA CTE BOTELLA RETORNABLE 1000.0,54341.56,5500,1000,0.181818302,-0.027277768,-0.238338775,-5703609640,15607020595,9903410956,Core,Aguila RB 1000,80860.82813,5500,1000
2024-03,AGUILA CTE BOTELLA RETORNABLE 1000.0,57848.28,5500,1000,0.181818302,-0.019785259,-0.238850669,-6064086501,16772082990,10707996489,Core,Aguila RB 1000,73241.60938,5500,1000
2024-04,AGUILA CTE BOTELLA RETORNABLE 1000.0,59605.01,5500,1000,0.181818302,-0.02753445,-0.239134007,-6244010057,17094175095,10850165038,Core,Aguila RB 1000,79106.55469,5500,1000
2024-05,AGUILA CTE BOTELLA RETORNABLE 1000.0,59957.78,5500,1000,0.181818302,-0.000492147,-0.238911716,-6285649555,17834653503,11549003948,Core,Aguila RB 1000,75122.21094,5500,1000
2024-06,AGUILA CTE BOTELLA RETORNABLE 1000.0,58874.93,5500,1000,0.181818302,-0.01801851,-0.238741871,-6162678437,17112926000,10950247563,Core,Aguila RB 1000,74449.26563,5500,1000
2024-07,AGUILA CTE BOTELLA RETORNABLE 1000.0,76135.05,5500,1000,0.181818302,-0.021924079,-0.245324834,-7962330434,21817557303,13855226869,Core,Aguila RB 1000,84999.09375,5500,1000
2024-08,AGUILA CTE BOTELLA RETORNABLE 1000.0,59181.56,5500,1000,0.181818302,-0.016251364,-0.243472354,-6182767275,17133467313,10950700038,Core,Aguila RB 1000,79785.67188,5500,1000
2024-09,AGUILA CTE BOTELLA RETORNABLE 1000.0,57593.77,5500,1000,0.181818302,-0.0278873,-0.238708564,-6021966635,16519004808,10497038173,Core,Aguila RB 1000,82074.09375,5500,1000
2024-10,AGUILA CTE BOTELLA RETORNABLE 1000.0,60336.34,5500,1000,0.181818302,-0.02822434,-0.239017195,-6292650137,17290391336,10997741199,Core,Aguila RB 1000,84680.0625,5500,1000
2024-11,AGUILA CTE BOTELLA RETORNABLE 1000.0,63098.31,5500,1000,0.181818302,-0.022531965,-0.238433954,-6583292227,18236740182,11653447956,Core,Aguila RB 1000,75060.10615,5500,1000
2024-12,AGUILA CTE BOTELLA RETORNABLE 1000.0,84177.34,5500,1000,0.181818302,-0.018131466,-0.239081858,-8788744077,24452559211,15663815134,Core,Aguila RB 1000,85428.15495,5500,1000
2025-01,AGUILA CTE BOTELLA RETORNABLE 1000.0,53334.42,5500,1000,0.181818302,-0.036615115,-0.23844988,-5087284430,15120691892,10033407461,Core,Aguila RB 1000,92016.79733,5500,1000
2025-02,AGUILA CTE BOTELLA RETORNABLE 1000.0,48069.43,5500,1000,0.181818302,-0.026638356,-0.238486059,-4572001376,13814901987,9242900612,Core,Aguila RB 1000,67480.03692,5500,1000
2025-03,AGUILA CTE BOTELLA RETORNABLE 1000.0,56663.52,5500,1000,0.181818302,-0.026986279,-0.238235089,-5384413891,16282649903,10898236012,Core,Aguila RB 1000,76365.72952,5500,1000
2025-04,AGUILA CTE BOTELLA RETORNABLE 1000.0,57294.14,5500,1000,0.181818302,-0.030085003,-0.238647689,-5445000441,16385186149,10940185708,Core,Aguila RB 1000,74659.63695,5500,1000
2025-05,AGUILA CTE BOTELLA RETORNABLE 1000.0,61768.42,5500,1000,0.181818302,-0.023713896,-0.238633928,-5858471624,17818992175,11960520551,Core,Aguila RB 1000,76860.86823,5500,1000
2025-06,AGUILA CTE BOTELLA RETORNABLE 1000.0,59418.81,5500,1000,0.181818302,-0.062770467,-0.241642948,-5633738735,16163677040,10529938305,Core,Aguila RB 1000,77841.61311,5500,1000
2025-07,AGUILA CTE BOTELLA RETORNABLE 1000.0,61868.2,5500,1000,0.181818302,-0.026898071,-0.239188453,-5861246294,17757317509,11896071215,Core,Aguila RB 1000,79981.65048,5500,1000
2025-08,AGUILA CTE BOTELLA RETORNABLE 1000.0,60842.74,5500,1000,0.181818302,-0.019037339,-0.238962837,-5766629609,17655400861,11888771252,Core,Aguila RB 1000,76825.62019,5500,1000
2024-03,AGUILA CTE BOTELLA RETORNABLE 250.0,5377.87,8000,250,0.185647676,-0.022312351,-0.276041282,-782065363.6,2139518035,1357452672,Core,Aguila RB 250,16.26519966,2000,250
2024-04,AGUILA CTE BOTELLA RETORNABLE 250.0,4055.16,8000,250,0.185647676,-0.030154499,-0.273661934,-570136223.1,1600733868,1030597645,Core,Aguila RB 250,104.305397,2000,250
2024-05,AGUILA CTE BOTELLA RETORNABLE 250.0,4777.23,8000,250,0.185647676,-0.041444875,-0.271161879,-664546940.6,1861953294,1197406353,Core,Aguila RB 250,31.1765995,2000,250
2024-06,AGUILA CTE BOTELLA RETORNABLE 250.0,4978.9,8000,250,0.185647676,-0.030824014,-0.270069613,-714470697.4,1973622266,1259151569,Core,Aguila RB 250,31.10000038,2000,250
2024-07,AGUILA CTE BOTELLA RETORNABLE 250.0,5668.19,8000,250,0.185647676,-0.015284747,-0.275401961,-809915116.8,2279658902,1469743785,Core,Aguila RB 250,107.3889999,2000,250
2024-08,AGUILA CTE BOTELLA RETORNABLE 250.0,6130.58,8000,250,0.185647676,-0.037309559,-0.271062369,-857949555.6,2404149928,1546200372,Core,Aguila RB 250,83.89320374,2000,250
2024-09,AGUILA CTE BOTELLA RETORNABLE 250.0,5937.85,8000,250,0.185647676,-0.041107425,-0.275895804,-837282622.3,2299509692,1462227070,Core,Aguila RB 250,734.0283813,2000,250
2024-10,AGUILA CTE BOTELLA RETORNABLE 250.0,6757.13,8000,250,0.185647676,-0.035192755,-0.276147188,-960988170,2638484452,1677496282,Core,Aguila RB 250,1384.390137,2000,250
2024-11,AGUILA CTE BOTELLA RETORNABLE 250.0,6904.46,8000,250,0.185647676,-0.007171713,-0.274136455,-978376390.1,2813583436,1835207046,Core,Aguila RB 250,1213.375525,2000,250
2024-12,AGUILA CTE BOTELLA RETORNABLE 250.0,8092.53,8000,250,0.185647676,-0.033563288,-0.26991279,-1139506858,3196007033,2056500175,Core,Aguila RB 250,1233.593478,2000,250
2025-01,AGUILA CTE BOTELLA RETORNABLE 250.0,6528.7,8000,250,0.185647676,-0.013100363,-0.271957275,-942773054.2,2646580542,1703807487,Core,Aguila RB 250,1076.19611,2000,250
2025-02,AGUILA CTE BOTELLA RETORNABLE 250.0,5947.06,8000,250,0.185647676,-0.021426899,-0.269087338,-863172849,2392397704,1529224855,Core,Aguila RB 250,1313.132967,2000,250
2025-03,AGUILA CTE BOTELLA RETORNABLE 250.0,7276.96,8000,250,0.185647676,-0.021298894,-0.272885707,-1046347459,2912248890,1865901431,Core,Aguila RB 250,817.0105829,2000,250
2025-04,AGUILA CTE BOTELLA RETORNABLE 250.0,7373.65,8000,250,0.185647676,-0.018710203,-0.273355891,-1067212398,2959801620,1892589222,Core,Aguila RB 250,1083.385439,2000,250
2025-05,AGUILA CTE BOTELLA RETORNABLE 250.0,7537.72,8000,250,0.185647676,-0.038524674,-0.269550873,-1086882563,2957236457,1870353894,Core,Aguila RB 250,848.6165945,2000,250
2025-06,AGUILA CTE BOTELLA RETORNABLE 250.0,7954.95,8000,250,0.185647676,-0.050451249,-0.275914333,-1152593318,3038429009,1885835691,Core,Aguila RB 250,1071.05076,2000,250
2025-07,AGUILA CTE BOTELLA RETORNABLE 250.0,8380.18,8000,250,0.185647676,0.000643838,-0.270271402,-1224584483,3470444416,2245859933,Core,Aguila RB 250,1121.850386,2000,250
2025-08,AGUILA CTE BOTELLA RETORNABLE 250.0,8296.96,8000,250,0.181959665,-0.00682045,-0.269072141,-1204160135,3417136734,2212976599,Core,Aguila RB 250,1744.714294,2000,250
2024-01,AGUILA CTE BOTELLA RETORNABLE 330.0,530125,7272.727273,330,0.18226601,-0.034042555,-0.22723057,-62888815888,2.0244E+11,1.39552E+11,Core,Aguila RB 330,576941.3125,2400,330
2024-02,AGUILA CTE BOTELLA RETORNABLE 330.0,463141.27,7272.727273,330,0.182266111,-0.023818635,-0.22955972,-54944267900,1.78751E+11,1.23807E+11,Core,Aguila RB 330,470267.3438,2400,330
2024-03,AGUILA CTE BOTELLA RETORNABLE 330.0,508538.82,7272.727273,330,0.182266313,0.000939077,-0.230310591,-60313268433,2.02584E+11,1.4227E+11,Core,Aguila RB 330,472457.625,2400,330
2024-04,AGUILA CTE BOTELLA RETORNABLE 330.0,488653.22,7272.727273,330,0.182266313,-0.022994815,-0.230251523,-57937218267,1.88631E+11,1.30694E+11,Core,Aguila RB 330,447833.4063,2400,330
2024-05,AGUILA CTE BOTELLA RETORNABLE 330.0,544507.42,7272.727273,330,0.182266313,-0.006993042,-0.230283742,-64567248186,2.14687E+11,1.5012E+11,Core,Aguila RB 330,459495.75,2400,330
2024-06,AGUILA CTE BOTELLA RETORNABLE 330.0,574479.89,7272.727273,330,0.193370423,-0.055684605,-0.233663171,-68142432080,2.09077E+11,1.40935E+11,Core,Aguila RB 330,474434.3125,2400,330
2024-07,AGUILA CTE BOTELLA RETORNABLE 330.0,543554.38,7272.727273,330,0.199001049,-0.036072227,-0.234456431,-64379476219,2.02107E+11,1.37728E+11,Core,Aguila RB 330,511894.625,2400,330
2024-08,AGUILA CTE BOTELLA RETORNABLE 330.0,563624.09,7272.727273,330,0.182266313,-0.020500165,-0.233029735,-66850580205,2.17489E+11,1.50638E+11,Core,Aguila RB 330,488406.7813,2400,330
2024-09,AGUILA CTE BOTELLA RETORNABLE 330.0,488862.27,7272.727273,330,0.182266313,-0.04893816,-0.232517795,-57972513860,1.81583E+11,1.2361E+11,Core,Aguila RB 330,488009.625,2400,330
2024-10,AGUILA CTE BOTELLA RETORNABLE 330.0,539153.67,7272.727273,330,0.182266313,-0.040291192,-0.230136962,-63981537833,2.03337E+11,1.39355E+11,Core,Aguila RB 330,493187.8125,2400,330
2024-11,AGUILA CTE BOTELLA RETORNABLE 330.0,586146.69,7424.242424,330,0.182622835,-0.029424537,-0.229248672,-69603930217,2.29232E+11,1.59628E+11,Core,Aguila RB 330,474800.0686,2450,330
2024-12,AGUILA CTE BOTELLA RETORNABLE 330.0,654869.59,7575.757576,330,0.182964781,-0.023804341,-0.224029463,-77682809526,2.65079E+11,1.87397E+11,Core,Aguila RB 330,522753.4618,2500,330
2025-01,AGUILA CTE BOTELLA RETORNABLE 330.0,506069.29,7575.757576,330,0.182964781,-0.102635832,-0.227003092,-57505766091,1.82569E+11,1.25063E+11,Core,Aguila RB 330,562049.0283,2500,330
2025-02,AGUILA CTE BOTELLA RETORNABLE 330.0,426367.91,7575.757576,330,0.182964781,-0.112432685,-0.226813336,-48380261207,1.51611E+11,1.03231E+11,Core,Aguila RB 330,446929.6607,2500,330
2025-03,AGUILA CTE BOTELLA RETORNABLE 330.0,484001.4,7575.757576,330,0.182964781,-0.060899271,-0.226705,-54983953043,1.85556E+11,1.30572E+11,Core,Aguila RB 330,476741.5678,2500,330
2025-04,AGUILA CTE BOTELLA RETORNABLE 330.0,483796.14,7500,330,0.171135133,-0.041400264,-0.226682475,-55009462315,1.9056E+11,1.35551E+11,Core,Aguila RB 330,460968.5762,2475,330
2025-05,AGUILA CTE BOTELLA RETORNABLE 330.0,514426.95,7575.757576,330,0.182964781,-0.04508543,-0.226922673,-58452527306,2.01538E+11,1.43086E+11,Core,Aguila RB 330,460500.5805,2500,330
2025-06,AGUILA CTE BOTELLA RETORNABLE 330.0,494086.66,7575.757576,330,0.182964781,0.074639025,-0.229317062,-56151533791,2.24767E+11,1.68615E+11,Core,Aguila RB 330,458941.4434,2500,330
2025-07,AGUILA CTE BOTELLA RETORNABLE 330.0,536608.46,7575.757576,330,0.182964781,-0.031625335,-0.227293068,-60929044079,2.14008E+11,1.53079E+11,Core,Aguila RB 330,472942.919,2500,330
2025-08,AGUILA CTE BOTELLA RETORNABLE 330.0,508701.75,7575.757576,330,0.182032952,-0.024660099,-0.226797412,-57749149601,2.05083E+11,1.47334E+11,Core,Aguila RB 330,471991.558,2500,330
2024-01,AGUILA CTE BOTELLA RETORNABLE 750.0,12314.8,6266.666667,750,0.175,-0.01599612,-0.237990256,-1503561762,4117426814,2613865052,Core,Aguila RB 750,28115.83789,4700,750
2024-02,AGUILA CTE BOTELLA RETORNABLE 750.0,10370.78,6266.666667,750,0.175000029,-0.017218617,-0.241067349,-1265747515,3447463473,2181715959,Core,Aguila RB 750,23631.82227,4700,750
2024-03,AGUILA CTE BOTELLA RETORNABLE 750.0,11742.36,6266.666667,750,0.175000088,-0.008617401,-0.240026731,-1449843489,3954146973,2504303484,Core,Aguila RB 750,24556.58398,4700,750
2024-04,AGUILA CTE BOTELLA RETORNABLE 750.0,11173.81,6266.666667,750,0.175000088,-0.009462157,-0.239687371,-1376229900,3760161295,2383931395,Core,Aguila RB 750,21438.60742,4700,750
2024-05,AGUILA CTE BOTELLA RETORNABLE 750.0,13230.08,6266.666667,750,0.175000088,-0.014647961,-0.240297056,-1623625391,4417764163,2794138771,Core,Aguila RB 750,23129.8457,4700,750
2024-06,AGUILA CTE BOTELLA RETORNABLE 750.0,12418.96,6266.666667,750,0.175000088,-0.016736922,-0.242504959,-1525633369,4123000453,2597367084,Core,Aguila RB 750,22155.56641,4700,750
2024-07,AGUILA CTE BOTELLA RETORNABLE 750.0,13118.14,6266.666667,750,0.175000088,-0.008798771,-0.247153351,-1601653820,4374464310,2772810489,Core,Aguila RB 750,27072.82617,4700,750
2024-08,AGUILA CTE BOTELLA RETORNABLE 750.0,11737,6266.666667,750,0.175000088,-0.009482832,-0.239084478,-1442534729,3952746138,2510211409,Core,Aguila RB 750,23273.43555,4700,750
2024-09,AGUILA CTE BOTELLA RETORNABLE 750.0,13359.61,6266.666667,750,0.175000088,-0.033387789,-0.240099998,-1633708248,4349991752,2716283504,Core,Aguila RB 750,23902.85352,4700,750
2024-10,AGUILA CTE BOTELLA RETORNABLE 750.0,12855.4,6266.666667,750,0.175000088,-0.025739231,-0.241525297,-1578841325,4221672549,2642831224,Core,Aguila RB 750,24082.38086,4700,750
2024-11,AGUILA CTE BOTELLA RETORNABLE 750.0,11711.88,6266.666667,750,0.175000088,-0.024835961,-0.239004886,-1435871111,3864115191,2428244080,Core,Aguila RB 750,20208.78449,4700,750
2024-12,AGUILA CTE BOTELLA RETORNABLE 750.0,14766.58,6266.666667,750,0.175000088,-0.010487041,-0.241392223,-1806978091,4951118822,3144140730,Core,Aguila RB 750,27511.18271,4700,750
2025-01,AGUILA CTE BOTELLA RETORNABLE 750.0,11200.89,6266.666667,750,0.175000088,-0.023627027,-0.241085705,-1242227899,3691146749,2448918851,Core,Aguila RB 750,27434.28109,4700,750
2025-02,AGUILA CTE BOTELLA RETORNABLE 750.0,8844.44,6266.666667,750,0.175000088,-0.024021765,-0.23926369,-961852930.8,2920258644,1958405713,Core,Aguila RB 750,21935.16845,4700,750
2025-03,AGUILA CTE BOTELLA RETORNABLE 750.0,10836.52,6266.666667,750,0.175000088,-0.020770685,-0.239742949,-1180587012,3591465854,2410878842,Core,Aguila RB 750,25035.35624,4700,750
2025-04,AGUILA CTE BOTELLA RETORNABLE 750.0,10933.1,6266.666667,750,0.175000088,-0.032156317,-0.239011626,-1196641361,3571268644,2374627283,Core,Aguila RB 750,24438.36008,4700,750
2025-05,AGUILA CTE BOTELLA RETORNABLE 750.0,13282.3,6266.666667,750,0.175000088,-0.027945409,-0.238646804,-1469055814,4365867349,2896811535,Core,Aguila RB 750,25273.11614,4700,750
2025-06,AGUILA CTE BOTELLA RETORNABLE 750.0,10577.03,6266.666667,750,0.175000088,-0.051989919,-0.243825043,-1141046864,3338122446,2197075582,Core,Aguila RB 750,24649.43354,4700,750
2025-07,AGUILA CTE BOTELLA RETORNABLE 750.0,13282.42,6266.666667,750,0.175000088,-0.042672552,-0.241313314,-1429385270,4262364030,2832978760,Core,Aguila RB 750,29267.2235,4700,750
2025-08,AGUILA CTE BOTELLA RETORNABLE 750.0,13055.75,6266.666667,750,0.175000088,-0.028358536,-0.237711199,-1425626204,4294457964,2868831760,Core,Aguila RB 750,25248.9973,4700,750
2024-04,AGUILA CTE LATA NO RETORNABLE 269.0,-0.02,7434.944238,269,0.179360799,0,-0.221715862,5739.8768,-8246.169193,-2506.292393,Core,Aguila CAN 269,1.83010006,2000,269
2024-05,AGUILA CTE LATA NO RETORNABLE 269.0,908.77,8364.312268,269,0.190738619,-0.020767788,-0.186688522,-260413359.8,425151809.5,164738449.7,Core,Aguila CAN 269,13.86909962,2250,269
2024-06,AGUILA CTE LATA NO RETORNABLE 269.0,3084.86,9293.680297,269,0.200000169,-0.075209698,-0.16631617,-884359348.7,1522774840,638415491,Core,Aguila CAN 269,214.6522064,2500,269
2024-07,AGUILA CTE LATA NO RETORNABLE 269.0,5536.68,9293.680297,269,0.200000169,-0.045141048,-0.183551522,-1587133391,2779306215,1192172825,Core,Aguila CAN 269,1356.116943,2500,269
2024-08,AGUILA CTE LATA NO RETORNABLE 269.0,13801.91,9293.680297,269,0.200000169,-0.037980505,-0.203354004,-3955579529,6814735139,2859155611,Core,Aguila CAN 269,1747.456177,2500,269
2024-09,AGUILA CTE LATA NO RETORNABLE 269.0,9851.27,7930.607187,269,0.200000044,-0.045909405,-0.17427999,-2823743358,4266380399,1442637041,Core,Aguila CAN 269,4380.146973,2133.333333,269
2024-10,AGUILA CTE LATA NO RETORNABLE 269.0,10933.82,8178.438662,269,0.2,-0.036891475,-0.171101218,-3133726440,4959561746,1825835305,Core,Aguila CAN 269,6179.745605,2200,269
2024-11,AGUILA CTE LATA NO RETORNABLE 269.0,15692.82,8178.438662,269,0.2,-0.047781661,-0.171669863,-4498030049,7015248625,2517218576,Core,Aguila CAN 269,5586.317242,2200,269
2024-12,AGUILA CTE LATA NO RETORNABLE 269.0,10170.62,8178.438662,269,0.2,-0.058385735,-0.168702612,-2915241903,4502144988,1586903086,Core,Aguila CAN 269,7246.312567,2200,269
2025-01,AGUILA CTE LATA NO RETORNABLE 269.0,7878.34,8178.438662,269,0.2,-0.044748664,-0.172354394,-1904618125,3532494623,1627876498,Core,Aguila CAN 269,6367.062032,2200,269
2025-02,AGUILA CTE LATA NO RETORNABLE 269.0,15017.55,8178.438662,269,0.2,-0.02769384,-0.172074993,-3614159518,6882666749,3268507231,Core,Aguila CAN 269,3488.733405,2200,269
2025-03,AGUILA CTE LATA NO RETORNABLE 269.0,12652.88,8178.438662,269,0.199999808,-0.028444806,-0.171913541,-3040020799,5794648012,2754627213,Core,Aguila CAN 269,5621.031429,2200,269
2025-04,AGUILA CTE LATA NO RETORNABLE 269.0,13393.1,8457.249071,269,0.240908694,-0.052971031,-0.171874359,-3221826297,5945820282,2723993986,Core,Aguila CAN 269,6805.488969,2275,269
2025-05,AGUILA CTE LATA NO RETORNABLE 269.0,15160.93,8178.438662,269,0.199999616,-0.071841639,-0.172306814,-3648388125,6563034404,2914646279,Core,Aguila CAN 269,7883.613596,2200,269
2025-06,AGUILA CTE LATA NO RETORNABLE 269.0,18755.81,8178.438662,269,0.199999616,-0.049784109,-0.177600908,-4495447469,8299296550,3803849081,Core,Aguila CAN 269,9301.120113,2200,269
2025-07,AGUILA CTE LATA NO RETORNABLE 269.0,28384.74,8178.438662,269,0.199999616,-0.054765406,-0.177323807,-6786313027,12483547596,5697234568,Core,Aguila CAN 269,12852.00519,2200,269
2025-08,AGUILA CTE LATA NO RETORNABLE 269.0,38226.87,8178.438662,269,0.199999616,-0.049667304,-0.175895617,-9162078635,16954977214,7792898579,Core,Aguila CAN 269,17426.17236,2200,269
2024-01,AGUILA CTE LATA NO RETORNABLE 330.0,70431.12,10000,330,0.180327879,-0.286852926,-0.171310223,-17446601130,27169616430,9723015300,Core,Aguila CAN 330,100308.8594,3300,330
2024-02,AGUILA CTE LATA NO RETORNABLE 330.0,43649.32,10000,330,0.180327879,-0.234946065,-0.170921051,-10863416960,18463390144,7599973184,Core,Aguila CAN 330,62629.91016,3300,330
2024-03,AGUILA CTE LATA NO RETORNABLE 330.0,44598.37,10000,330,0.180327879,-0.160891943,-0.173693736,-11049649877,21128151551,10078501674,Core,Aguila CAN 330,66203.00781,3300,330
2024-04,AGUILA CTE LATA NO RETORNABLE 330.0,56379,9090.909091,330,0.196013415,-0.277386586,-0.183545198,-13933355493,19412675596,5479320103,Core,Aguila CAN 330,62859.66016,3000,330
2024-05,AGUILA CTE LATA NO RETORNABLE 330.0,86772.42,9090.909091,330,0.196013415,-0.259805527,-0.183108185,-21486829257,30876529577,9389700320,Core,Aguila CAN 330,64116.58203,3000,330
2024-06,AGUILA CTE LATA NO RETORNABLE 330.0,92419.15,9090.909091,330,0.196013415,-0.126274644,-0.183864737,-22949201880,40723737198,17774535318,Core,Aguila CAN 330,64800.02344,3000,330
2024-07,AGUILA CTE LATA NO RETORNABLE 330.0,111598.11,9090.909091,330,0.196013415,-0.121471637,-0.189062176,-27600850231,49146671960,21545821729,Core,Aguila CAN 330,77386.00781,3000,330
2024-08,AGUILA CTE LATA NO RETORNABLE 330.0,97905.74,9090.909091,330,0.196013415,-0.113872193,-0.185412536,-24231435120,43820168061,19588732941,Core,Aguila CAN 330,66629.03125,3000,330
2024-09,AGUILA CTE LATA NO RETORNABLE 330.0,90873.82,9090.909091,330,0.196013415,-0.126273393,-0.18337551,-22548184131,40071269948,17523085817,Core,Aguila CAN 330,64742.37109,3000,330
2024-10,AGUILA CTE LATA NO RETORNABLE 330.0,109699.57,9090.909091,330,0.196013415,-0.169053373,-0.18295063,-27175739048,45404777405,18229038357,Core,Aguila CAN 330,75541.76563,3000,330
2024-11,AGUILA CTE LATA NO RETORNABLE 330.0,91180.94,9772.727273,330,0.196290306,-0.170249843,-0.176840252,-22591554271,40868580781,18277026510,Core,Aguila CAN 330,77742.19487,3225,330
2024-12,AGUILA CTE LATA NO RETORNABLE 330.0,99193.26,10000,330,0.196374622,-0.163783855,-0.17231145,-24471721853,46256604561,21784882708,Core,Aguila CAN 330,104943.1171,3300,330
2025-01,AGUILA CTE LATA NO RETORNABLE 330.0,90815.49,10000,330,0.196374622,-0.317509001,-0.172236586,-19872988920,32548617482,12675628562,Core,Aguila CAN 330,103475.3798,3300,330
2025-02,AGUILA CTE LATA NO RETORNABLE 330.0,57440.49,10000,330,0.196374622,-0.311053961,-0.172716148,-12563555178,20827978950,8264423772,Core,Aguila CAN 330,55651.71369,3300,330
2025-03,AGUILA CTE LATA NO RETORNABLE 330.0,60957.16,10000,330,0.196374729,-0.167396488,-0.172837817,-13395604865,28248816864,14853211999,Core,Aguila CAN 330,63220.03099,3300,330
2025-04,AGUILA CTE LATA NO RETORNABLE 330.0,68355.59,9772.727273,330,0.169184499,-0.131921969,-0.172043772,-15002574257,33418766915,18416192658,Core,Aguila CAN 330,68896.2537,3225,330
2025-05,AGUILA CTE LATA NO RETORNABLE 330.0,76114.93,10000,330,0.196374836,-0.210689207,-0.173311447,-16730103172,32933347183,16203244011,Core,Aguila CAN 330,67575.37222,3300,330
2025-06,AGUILA CTE LATA NO RETORNABLE 330.0,83013.33,10000,330,0.196374836,-0.194145393,-0.175790289,-18218267673,36738252049,18519984376,Core,Aguila CAN 330,68148.20179,3300,330
2025-07,AGUILA CTE LATA NO RETORNABLE 330.0,88856.92,10404.0404,330,0.193050142,-0.177853943,-0.173920348,-19397794640,42209856751,22812062111,Core,Aguila CAN 330,77071.94977,3433.333333,330
2025-08,AGUILA CTE LATA NO RETORNABLE 330.0,80320.8,10606.06061,330,0.191489193,-0.14532411,-0.186119629,-17558225427,40168260190,22610034763,Core,Aguila CAN 330,71543.92916,3500,330
2024-01,AGUILA CTE LATA NO RETORNABLE 473.0,5585.62,7399.577167,473,0.199999957,-0.184283293,-0.243806571,-1225376403,1655304485,429928082.4,Core,Aguila CAN 473,5825.376953,3500,473
2024-02,AGUILA CTE LATA NO RETORNABLE 473.0,4274.31,7399.577167,473,0.199999957,-0.155341648,-0.219980652,-935733445,1383568707,447835262,Core,Aguila CAN 473,4301.366699,3500,473
2024-03,AGUILA CTE LATA NO RETORNABLE 473.0,3090.57,7399.577167,473,0.199999957,-0.152762575,-0.209662569,-675750858.3,1021053453,345302594.3,Core,Aguila CAN 473,5752.743164,3500,473
2024-04,AGUILA CTE LATA NO RETORNABLE 473.0,4577.24,7399.577167,473,0.199999957,-0.157627355,-0.211015463,-1002118649,1497467899,495349250.2,Core,Aguila CAN 473,5170.418457,3500,473
2024-05,AGUILA CTE LATA NO RETORNABLE 473.0,4812.28,7399.577167,473,0.199999957,-0.009367722,-0.210102656,-1054065080,1946341262,892276181.5,Core,Aguila CAN 473,4659.035645,3500,473
2024-06,AGUILA CTE LATA NO RETORNABLE 473.0,7051.49,7399.577167,473,0.199999957,-0.116653522,-0.210025248,-1544282911,2460265146,915982235.4,Core,Aguila CAN 473,5191.072266,3500,473
2024-07,AGUILA CTE LATA NO RETORNABLE 473.0,8467.85,7399.577167,473,0.199999957,-0.080243816,-0.214879073,-1856855490,3092895712,1236040222,Core,Aguila CAN 473,6179.422852,3500,473
2024-08,AGUILA CTE LATA NO RETORNABLE 473.0,7101.86,7399.577167,473,0.199999957,-0.125047949,-0.208663156,-1557401017,2451960071,894559053.4,Core,Aguila CAN 473,5876.616211,3500,473
2024-09,AGUILA CTE LATA NO RETORNABLE 473.0,9166.8,7399.577167,473,0.199999957,-0.124452481,-0.210246229,-2010048416,3160201921,1150153505,Core,Aguila CAN 473,5955.043945,3500,473
2024-10,AGUILA CTE LATA NO RETORNABLE 473.0,8633.6,7399.577167,473,0.199999957,-0.150037941,-0.210821933,-1894198096,2859346052,965147955.9,Core,Aguila CAN 473,7122.147461,3500,473
2024-11,AGUILA CTE LATA NO RETORNABLE 473.0,9899.66,7399.577167,473,0.199999957,-0.123239227,-0.209544891,-2169617424,3422672665,1253055242,Core,Aguila CAN 473,7501.917805,3500,473
2024-12,AGUILA CTE LATA NO RETORNABLE 473.0,10335.85,7399.577167,473,0.199999957,-0.106583384,-0.21007235,-2272205605,3659859932,1387654327,Core,Aguila CAN 473,8225.145668,3500,473
2025-01,AGUILA CTE LATA NO RETORNABLE 473.0,4503.66,7399.577167,473,0.199999957,-0.195799175,-0.209651049,-897241121.4,1387498518,490257396.4,Core,Aguila CAN 473,8458.548805,3500,473
2025-02,AGUILA CTE LATA NO RETORNABLE 473.0,7707.31,7399.577167,473,0.199999957,-0.10931932,-0.210852782,-1539426977,2715066816,1175639839,Core,Aguila CAN 473,6621.354968,3500,473
2025-03,AGUILA CTE LATA NO RETORNABLE 473.0,8477.11,7399.577167,473,0.199999957,-0.069097233,-0.209769348,-1696402055,3167686199,1471284144,Core,Aguila CAN 473,7066.842214,3500,473
2025-04,AGUILA CTE LATA NO RETORNABLE 473.0,9700.64,7610.993658,473,0.19999991,-0.058167912,-0.205915125,-1942573952,3804892461,1862318509,Core,Aguila CAN 473,8242.139269,3600,473
2025-05,AGUILA CTE LATA NO RETORNABLE 473.0,6483.9754,7822.410148,473,0.199999865,-0.107257745,-0.203209888,-1290487599,2449110840,1158623240,Core,Aguila CAN 473,9654.276699,3700,473
2025-06,AGUILA CTE LATA NO RETORNABLE 473.0,8449.76,7822.410148,473,0.199999865,-0.093735612,-0.206257134,-1688667110,3240106901,1551439790,Core,Aguila CAN 473,9405.99467,3700,473
2025-07,AGUILA CTE LATA NO RETORNABLE 473.0,10725.83,8245.243129,473,0.199999882,-0.091667104,-0.201262119,-2140916276,4378941058,2238024781,Core,Aguila CAN 473,10168.55349,3900,473
2025-08,AGUILA CTE LATA NO RETORNABLE 473.0,11350.64648,8456.659619,473,0.19999989,-0.072395409,-0.193933863,-2260863660,4931652559,2670788899,Core,Aguila CAN 473,9490.265113,4000,473
2025-04,AGUILA IMPERIAL BOTELLA NO RETORNABLE 330.0,223.19,12627.27273,330,0.196267927,-0.006487745,-0.202385281,-120806029,156622829.3,35816800.21,Core,Aguila Imperial NRB 330,61.26841926,4167,330
2025-05,AGUILA IMPERIAL BOTELLA NO RETORNABLE 330.0,775.63,12627.27273,330,0.196267927,-0.061303644,-0.202515973,-410264386.1,506492454.2,96228068.04,Core,Aguila Imperial NRB 330,130.0543358,4167,330
2025-06,AGUILA IMPERIAL BOTELLA NO RETORNABLE 330.0,105.81,12627.27273,330,0.196267927,-0.467679437,-0.203539987,-58413535.36,30857945.47,-27555589.89,Core,Aguila Imperial NRB 330,210.7287934,4167,330
2025-07,AGUILA IMPERIAL BOTELLA NO RETORNABLE 330.0,19.43,12627.27273,330,0.196267927,-0.569026386,-0.20251876,-10697794.59,3937380,-6760414.585,Core,Aguila Imperial NRB 330,204.0050872,4167,330
2025-08,AGUILA IMPERIAL BOTELLA NO RETORNABLE 330.0,-52.97,12627.27273,330,0.196267927,0.011671567,-0.202313476,28068093.16,-38028117.4,-9960024.238,Core,Aguila Imperial NRB 330,135.601889,4167,330
2025-04,AGUILA IMPERIAL BOTELLA RETORNABLE 330.0,1094.3464,9090.909091,330,0.209677405,-0.027212865,-0.24015395,-146648063.5,506328279.8,359680216.3,Core,Aguila Imperial RB 330,357.4408774,3000,330
2025-05,AGUILA IMPERIAL BOTELLA RETORNABLE 330.0,611.9211,9090.909091,330,0.209677405,-0.031828124,-0.238086177,-83015261.86,282137007.1,199121745.2,Core,Aguila Imperial RB 330,1280.15836,3000,330
2025-06,AGUILA IMPERIAL BOTELLA RETORNABLE 330.0,305.5864,9090.909091,330,0.209677405,-0.047722076,-0.240692594,-39045276.68,137325691.1,98280414.4,Core,Aguila Imperial RB 330,1232.578723,3000,330
2025-07,AGUILA IMPERIAL BOTELLA RETORNABLE 330.0,1536.97,9090.909091,330,0.209677405,-0.191640669,-0.238666252,-201144600.6,552964332.3,351819731.7,Core,Aguila Imperial RB 330,1078.853194,3000,330
2025-08,AGUILA IMPERIAL BOTELLA RETORNABLE 330.0,853.8958,9090.909091,330,0.209677405,-0.039664303,-0.240111164,-142002800.4,388386005.4,246383204.9,Core,Aguila Imperial RB 330,1328.629937,3000,330
2024-01,AGUILA LIGHT BOTELLA NO RETORNABLE 330.0,942.78,7272.727273,330,0.188854295,-0.201501098,-0.211604406,-359497878.2,284440941.3,-75056936.95,Core,Aguila Light NRB 330,99.91590118,2400,330
2024-02,AGUILA LIGHT BOTELLA NO RETORNABLE 330.0,2395.84,7272.727273,330,0.188854295,-0.221634337,-0.215321901,-729989801.7,693460409.7,-36529391.91,Core,Aguila Light NRB 330,101.5174026,2400,330
2024-03,AGUILA LIGHT BOTELLA NO RETORNABLE 330.0,2474.07,7272.727273,330,0.188854295,-0.178189362,-0.219028368,-948086719.7,766644744.3,-181441975.4,Core,Aguila Light NRB 330,205.6403961,2400,330
2024-04,AGUILA LIGHT BOTELLA NO RETORNABLE 330.0,288.05,7272.727273,330,0.188854295,-0.030132616,-0.22809112,-109960265.3,109840505.1,-119760.166,Core,Aguila Light NRB 330,269.0013123,2400,330
2024-05,AGUILA LIGHT BOTELLA NO RETORNABLE 330.0,4.74,7272.727273,330,0.188854295,0.205658014,-0.221956536,-1808418.152,2396974.286,588556.1345,Core,Aguila Light NRB 330,330.82901,2400,330
2024-06,AGUILA LIGHT BOTELLA NO RETORNABLE 330.0,2282.34,6969.69697,330,8.69565E-08,-0.103243555,-0.1702453,-560172378.4,971157168.4,410984790,Core,Aguila Light NRB 330,41.70539856,2300,330
2024-07,AGUILA LIGHT BOTELLA NO RETORNABLE 330.0,1707.29,6969.69697,330,8.69565E-08,-0.010342115,-0.171078573,-417067659.2,818530672.3,401463013.1,Core,Aguila Light NRB 330,134.4974976,2300,330
2024-08,AGUILA LIGHT BOTELLA NO RETORNABLE 330.0,3046.64,6969.69697,330,8.69565E-08,-0.042599926,-0.183728858,-749771905.2,1380525636,630753731.2,Core,Aguila Light NRB 330,51.63589859,2300,330
2024-09,AGUILA LIGHT BOTELLA NO RETORNABLE 330.0,3444.04,6969.69697,330,8.69565E-08,-0.039441768,-0.190916148,-862099721.6,1552472410,690372687.9,Core,Aguila Light NRB 330,51.18610001,2300,330
2024-10,AGUILA LIGHT BOTELLA NO RETORNABLE 330.0,8.91,7272.727273,330,0.180327546,-0.005288205,-0.191892218,-2036831.168,3703765.283,1666934.115,Core,Aguila Light NRB 330,72.02230072,2400,330
2024-11,AGUILA LIGHT BOTELLA NO RETORNABLE 330.0,9314.63,6969.69697,330,8.69565E-08,-0.00428473,-0.181878556,-2379170597,4439865189,2060694592,Core,Aguila Light NRB 330,46.9427061,2300,330
2024-12,AGUILA LIGHT BOTELLA NO RETORNABLE 330.0,6954.95,6969.69697,330,8.69565E-08,-0.017131118,-0.182324223,-1760443319,3260967523,1500524204,Core,Aguila Light NRB 330,70.44894094,2300,330
2025-01,AGUILA LIGHT BOTELLA NO RETORNABLE 330.0,3633.11,6969.69697,330,8.69565E-08,-0.0165468,-0.188591491,-834587644.1,1691363756,856776112.1,Core,Aguila Light NRB 330,21.02971607,2300,330
2025-02,AGUILA LIGHT BOTELLA NO RETORNABLE 330.0,2308.8,6969.69697,330,8.69565E-08,-0.004791885,-0.186266297,-530845676.2,1093882054,563036378.2,Core,Aguila Light NRB 330,19.62372495,2300,330
2025-03,AGUILA LIGHT BOTELLA NO RETORNABLE 330.0,2193.73,6969.69697,330,8.69565E-08,-0.009706995,-0.175626992,-501802821.5,1046717945,544915123.8,Core,Aguila Light NRB 330,30.58335893,2300,330
2025-04,AGUILA LIGHT BOTELLA NO RETORNABLE 330.0,2590.82,6969.69697,330,8.69565E-08,-0.009704588,-0.178638015,-588461553.3,1231620442,643158889,Core,Aguila Light NRB 330,80.16848535,2300,330
2025-05,AGUILA LIGHT BOTELLA NO RETORNABLE 330.0,2038.41,6969.69697,330,8.69565E-08,-0.004733641,-0.194993558,-468807813.2,955424767.5,486616954.3,Core,Aguila Light NRB 330,111.7601575,2300,330
2025-06,AGUILA LIGHT BOTELLA NO RETORNABLE 330.0,1951.48,6969.69697,330,8.69565E-08,0.022478083,-0.172086041,-446502617.8,971964020.8,525461402.9,Core,Aguila Light NRB 330,122.7839151,2300,330
2025-07,AGUILA LIGHT BOTELLA NO RETORNABLE 330.0,1636.89,6969.69697,330,8.69565E-08,-0.057456817,-0.171908946,-372801488.5,738813277.5,366011789,Core,Aguila Light NRB 330,32.63858384,2300,330
2025-08,AGUILA LIGHT BOTELLA NO RETORNABLE 330.0,36.74,6969.69697,330,8.69565E-08,0.91630086,-0.180614354,-8410314.227,37348858.76,28938544.53,Core,Aguila Light NRB 330,115.7094264,2300,330
2024-01,AGUILA LIGHT BOTELLA RETORNABLE 1000.0,47186.92,5000,1000,0.190476216,-0.020416141,-0.26252312,-4507585811,11942077762,7434491951,Core,Aguila Light RB 1000,63360.02734,5000,1000
2024-02,AGUILA LIGHT BOTELLA RETORNABLE 1000.0,36938.87,5000,1000,0.190476216,-0.026409188,-0.26273244,-3520069444,9267636857,5747567413,Core,Aguila Light RB 1000,53197.40625,5000,1000
2024-03,AGUILA LIGHT BOTELLA RETORNABLE 1000.0,40257.3,5000,1000,0.190476216,-0.018988104,-0.263223171,-3834587934,10198671319,6364083385,Core,Aguila Light RB 1000,50283.32031,5000,1000
2024-04,AGUILA LIGHT BOTELLA RETORNABLE 1000.0,37716.45,5000,1000,0.190476216,-0.032100835,-0.263743565,-3596995969,9373499616,5776503648,Core,Aguila Light RB 1000,50033.61328,5000,1000
2024-05,AGUILA LIGHT BOTELLA RETORNABLE 1000.0,40950.27,5000,1000,0.190476216,0.008254005,-0.263386822,-3904543763,10765592326,6861048563,Core,Aguila Light RB 1000,50254.81641,5000,1000
2024-06,AGUILA LIGHT BOTELLA RETORNABLE 1000.0,40095.1,5000,1000,0.190476216,-0.015025955,-0.263458708,-3821899975,10210316096,6388416121,Core,Aguila Light RB 1000,43679.64453,5000,1000
2024-07,AGUILA LIGHT BOTELLA RETORNABLE 1000.0,47639.21,5000,1000,0.190476216,-0.021680663,-0.266498609,-4537863840,11968438723,7430574883,Core,Aguila Light RB 1000,50179.97266,5000,1000
2024-08,AGUILA LIGHT BOTELLA RETORNABLE 1000.0,41465.6,5000,1000,0.190476216,-0.018568643,-0.261388731,-3945810021,10537764309,6591954288,Core,Aguila Light RB 1000,46855.13281,5000,1000
2024-09,AGUILA LIGHT BOTELLA RETORNABLE 1000.0,39524.5,5000,1000,0.190476216,-0.026065088,-0.263679743,-3765322698,9907934055,6142611357,Core,Aguila Light RB 1000,48102.81641,5000,1000
2024-10,AGUILA LIGHT BOTELLA RETORNABLE 1000.0,58306.75,5000,1000,0.190476216,-0.135609285,-0.262778752,-5527470986,12380483846,6853012860,Core,Aguila Light RB 1000,49781.35156,5000,1000
2024-11,AGUILA LIGHT BOTELLA RETORNABLE 1000.0,44618.42,5000,1000,0.190476216,-0.117028851,-0.263051782,-4247870307,9762290156,5514419849,Core,Aguila Light RB 1000,50208.99154,5000,1000
2024-12,AGUILA LIGHT BOTELLA RETORNABLE 1000.0,57864.52,5000,1000,0.190476216,-0.08425048,-0.263244933,-5522760088,13325951968,7803191881,Core,Aguila Light RB 1000,58043.53425,5000,1000
2025-01,AGUILA LIGHT BOTELLA RETORNABLE 1000.0,36316.26,5000,1000,0.190476216,-0.058374485,-0.262978854,-3429700224,8698555776,5268855551,Core,Aguila Light RB 1000,60722.6044,5000,1000
2025-02,AGUILA LIGHT BOTELLA RETORNABLE 1000.0,28487.47,5000,1000,0.190476216,-0.056119224,-0.263211021,-2692396673,6843726643,4151329970,Core,Aguila Light RB 1000,44867.61196,5000,1000
2025-03,AGUILA LIGHT BOTELLA RETORNABLE 1000.0,34532.37,5250,1000,0.190061025,-0.031231991,-0.256307085,-3269311584,9120749860,5851438276,Core,Aguila Light RB 1000,43470.67308,5250,1000
2025-04,AGUILA LIGHT BOTELLA RETORNABLE 1000.0,30721.96,5375,1000,0.162645539,-0.036356182,-0.244668337,-2903224484,8581183257,5677958773,Core,Aguila Light RB 1000,42268.57545,5375,1000
2025-05,AGUILA LIGHT BOTELLA RETORNABLE 1000.0,34941.06,5500,1000,0.18968374,-0.029554647,-0.248587095,-3301443347,9798784517,6497341170,Core,Aguila Light RB 1000,44580.16766,5500,1000
2025-06,AGUILA LIGHT BOTELLA RETORNABLE 1000.0,33965.72,5500,1000,0.18968374,-0.044337506,-0.251774666,-3199418818,9288134217,6088715399,Core,Aguila Light RB 1000,43121.04088,5500,1000
2025-07,AGUILA LIGHT BOTELLA RETORNABLE 1000.0,36058.09,5500,1000,0.18968374,-0.024004851,-0.249189288,-3407555044,10181349398,6773794354,Core,Aguila Light RB 1000,44788.87183,5500,1000
2025-08,AGUILA LIGHT BOTELLA RETORNABLE 1000.0,35145.71,5500,1000,0.185737933,-0.023028814,-0.248120112,-3318863865,9984771572,6665907708,Core,Aguila Light RB 1000,43447.07064,5500,1000
2024-01,AGUILA LIGHT BOTELLA RETORNABLE 250.0,13539.59,7200,250,0.185441941,-0.030249688,-0.252027757,-1705580212,4959836430,3254256218,Core,Aguila Light RB 250,803.9033813,1800,250
2024-02,AGUILA LIGHT BOTELLA RETORNABLE 250.0,10978.54,7200,250,0.185441864,-0.048368933,-0.25205379,-1374879657,3919995406,2545115750,Core,Aguila Light RB 250,1098.673218,1800,250
2024-03,AGUILA LIGHT BOTELLA RETORNABLE 250.0,13486.4,7200,250,0.185441709,-0.044468782,-0.251021558,-1695398251,4849403488,3154005237,Core,Aguila Light RB 250,2173.146973,1800,250
2024-04,AGUILA LIGHT BOTELLA RETORNABLE 250.0,13865.05,7200,250,0.185441709,-0.056850271,-0.252717373,-1722779210,4885937502,3163158292,Core,Aguila Light RB 250,2483.393555,1800,250
2024-05,AGUILA LIGHT BOTELLA RETORNABLE 250.0,13596.87,7200,250,0.185441709,-0.0468304,-0.252085704,-1701486604,4865352021,3163865416,Core,Aguila Light RB 250,2035.820679,1800,250
2024-06,AGUILA LIGHT BOTELLA RETORNABLE 250.0,12586.2,7200,250,0.185441709,-0.051842324,-0.250592395,-1581613854,4481101877,2899488023,Core,Aguila Light RB 250,2041.271729,1800,250
2024-07,AGUILA LIGHT BOTELLA RETORNABLE 250.0,12946.7,7200,250,0.185441709,-0.037299485,-0.254356566,-1628480773,4680676260,3052195487,Core,Aguila Light RB 250,2355.550293,1800,250
2024-08,AGUILA LIGHT BOTELLA RETORNABLE 250.0,15119.34,7200,250,0.185441709,-0.045363257,-0.251139496,-1889976173,5428759064,3538782891,Core,Aguila Light RB 250,2278.415283,1800,250
2024-09,AGUILA LIGHT BOTELLA RETORNABLE 250.0,14531.86,7200,250,0.185441709,-0.056261434,-0.251844109,-1822240745,5131760599,3309519854,Core,Aguila Light RB 250,1832.326172,1800,250
2024-10,AGUILA LIGHT BOTELLA RETORNABLE 250.0,14777.57,7200,250,0.185441709,-0.046547854,-0.25268247,-1857800702,5285470553,3427669851,Core,Aguila Light RB 250,2653.287842,1800,250
2024-11,AGUILA LIGHT BOTELLA RETORNABLE 250.0,16039.15,7200,250,0.185441709,-0.028162163,-0.252653051,-2013725410,5887449188,3873723778,Core,Aguila Light RB 250,2568.619848,1800,250
2024-12,AGUILA LIGHT BOTELLA RETORNABLE 250.0,18211.25,8000,250,0.185647426,-0.02512862,-0.235672288,-2285488254,7632883677,5347395423,Core,Aguila Light RB 250,3052.123196,2000,250
2025-01,AGUILA LIGHT BOTELLA RETORNABLE 250.0,14489.62,8000,250,0.185647426,-0.01785124,-0.232133341,-2004614260,6161900065,4157285806,Core,Aguila Light RB 250,2881.255954,2000,250
2025-02,AGUILA LIGHT BOTELLA RETORNABLE 250.0,13902.52,8000,250,0.185647426,-0.019417891,-0.231721156,-1909259750,5903127692,3993867942,Core,Aguila Light RB 250,1535.388598,2000,250
2025-03,AGUILA LIGHT BOTELLA RETORNABLE 250.0,12589.35,8000,250,0.185647445,-0.033922847,-0.230068164,-1728671061,5253804180,3525133119,Core,Aguila Light RB 250,2417.021162,2000,250
2025-04,AGUILA LIGHT BOTELLA RETORNABLE 250.0,14790.03,7800,250,0.156006278,-0.035034805,-0.231079173,-2037386176,6154391497,4117005321,Core,Aguila Light RB 250,2797.292281,1950,250
2025-05,AGUILA LIGHT BOTELLA RETORNABLE 250.0,15880.85,8000,250,0.185647465,-0.050925903,-0.230993898,-2189042003,6465976830,4276934828,Core,Aguila Light RB 250,2936.033409,2000,250
2025-06,AGUILA LIGHT BOTELLA RETORNABLE 250.0,13756.63,8000,250,0.185647465,-0.093823667,-0.235479138,-1897154726,5231497175,3334342449,Core,Aguila Light RB 250,3021.125584,2000,250
2025-07,AGUILA LIGHT BOTELLA RETORNABLE 250.0,16274.74,8000,250,0.185647465,-0.020846996,-0.231224281,-2244555130,6901789661,4657234531,Core,Aguila Light RB 250,3550.087864,2000,250
2025-08,AGUILA LIGHT BOTELLA RETORNABLE 250.0,17069.38,8000,250,0.181959455,-0.028078957,-0.229158977,-2355562562,7211206121,4855643560,Core,Aguila Light RB 250,2611.526344,2000,250
2024-01,AGUILA LIGHT BOTELLA RETORNABLE 330.0,207332.74,6969.69697,330,0.189655172,-0.028458903,-0.237462388,-22346248027,74930107007,52583858980,Core,Aguila Light RB 330,223996.8281,2300,330
2024-02,AGUILA LIGHT BOTELLA RETORNABLE 330.0,175536.48,6969.69697,330,0.189655214,-0.040797706,-0.236555676,-18874511611,62450969092,43576457482,Core,Aguila Light RB 330,185686.5781,2300,330
2024-03,AGUILA LIGHT BOTELLA RETORNABLE 330.0,196727.44,6969.69697,330,0.189655298,-0.026639511,-0.23722878,-21143110477,71296179355,50153068878,Core,Aguila Light RB 330,191505.2344,2300,330
2024-04,AGUILA LIGHT BOTELLA RETORNABLE 330.0,190724.86,6969.69697,330,0.189655298,-0.080567451,-0.23773922,-20517906839,64009161846,43491255008,Core,Aguila Light RB 330,177032.0781,2300,330
2024-05,AGUILA LIGHT BOTELLA RETORNABLE 330.0,217429.58,6969.69697,330,0.189655298,-0.024709978,-0.236972458,-23398673188,79032845575,55634172387,Core,Aguila Light RB 330,179542.1406,2300,330
2024-06,AGUILA LIGHT BOTELLA RETORNABLE 330.0,211259.33,6969.69697,330,0.189655298,0.031248751,-0.237360532,-22730244800,82569764723,59839519923,Core,Aguila Light RB 330,185237.8906,2300,330
2024-07,AGUILA LIGHT BOTELLA RETORNABLE 330.0,233105.5,6969.69697,330,0.189655298,-0.015222622,-0.238842011,-25061285362,85605074777,60543789415,Core,Aguila Light RB 330,201635.5156,2300,330
2024-08,AGUILA LIGHT BOTELLA RETORNABLE 330.0,205673.4,6969.69697,330,0.189655298,-0.009615947,-0.234164271,-22092639912,76572345985,54479706073,Core,Aguila Light RB 330,194398.0156,2300,330
2024-09,AGUILA LIGHT BOTELLA RETORNABLE 330.0,213199.65,7272.727273,330,0.190082645,-0.016056032,-0.231887993,-22927570153,82339812200,59412242047,Core,Aguila Light RB 330,196039.375,2400,330
2024-10,AGUILA LIGHT BOTELLA RETORNABLE 330.0,215926.97,7272.727273,330,0.190082645,-0.027306411,-0.231222042,-23192536947,82219456054,59026919107,Core,Aguila Light RB 330,197018.5781,2400,330
2024-11,AGUILA LIGHT BOTELLA RETORNABLE 330.0,221793.67,7424.242424,330,0.186440678,-0.03677335,-0.231057786,-23881085834,85392466513,61511380679,Core,Aguila Light RB 330,186301.5963,2450,330
2024-12,AGUILA LIGHT BOTELLA RETORNABLE 330.0,262032.93,7575.757576,330,0.18296519,-0.006793796,-0.22541084,-28192856566,1.0827E+11,80077234145,Core,Aguila Light RB 330,206970.1941,2500,330
2025-01,AGUILA LIGHT BOTELLA RETORNABLE 330.0,214064.9,7575.757576,330,0.18296519,-0.049509855,-0.227694098,-22728597026,83266128684,60537531658,Core,Aguila Light RB 330,226116.7948,2500,330
2025-02,AGUILA LIGHT BOTELLA RETORNABLE 330.0,172964.64,7575.757576,330,0.18296519,-0.027378687,-0.226822414,-18352059970,69420255467,51068195497,Core,Aguila Light RB 330,180307.1123,2500,330
2025-03,AGUILA LIGHT BOTELLA RETORNABLE 330.0,191600.93,7575.757576,330,0.18296519,-0.047799249,-0.226895582,-20298942858,74786899326,54487956468,Core,Aguila Light RB 330,190830.3376,2500,330
2025-04,AGUILA LIGHT BOTELLA RETORNABLE 330.0,194352.3039,7424.242424,330,0.159305886,-0.020171409,-0.226893101,-20641144314,78750732787,58109588473,Core,Aguila Light RB 330,191137.542,2450,330
2025-05,AGUILA LIGHT BOTELLA RETORNABLE 330.0,218012.0338,7575.757576,330,0.18296519,-0.026597966,-0.22753119,-23131415192,87508701542,64377286351,Core,Aguila Light RB 330,197271.1386,2500,330
2025-06,AGUILA LIGHT BOTELLA RETORNABLE 330.0,217107.1773,7575.757576,330,0.18296519,-0.04729049,-0.228621228,-23011508514,84600482972,61588974458,Core,Aguila Light RB 330,195303.7143,2500,330
2025-07,AGUILA LIGHT BOTELLA RETORNABLE 330.0,278047.91,7777.777778,330,0.186440598,-0.028806688,-0.228805885,-29575035911,1.13714E+11,84138670038,Core,Aguila Light RB 330,205997.9376,2566.666667,330
2025-08,AGUILA LIGHT BOTELLA RETORNABLE 330.0,193218.0255,8181.818182,330,0.192930756,-0.015742939,-0.230418164,-20470672828,83948667955,63477995128,Core,Aguila Light RB 330,199776.0995,2700,330
2024-01,AGUILA LIGHT BOTELLA RETORNABLE 750.0,20898.14,6000,750,0.180327869,-0.013890924,-0.248482356,-2111135181,6584850237,4473715056,Core,Aguila Light RB 750,28459.73633,4500,750
2024-02,AGUILA LIGHT BOTELLA RETORNABLE 750.0,16094.76,6000,750,0.180327849,-0.01814579,-0.24827632,-1632459888,5043504041,3411044153,Core,Aguila Light RB 750,21243.75586,4500,750
2024-03,AGUILA LIGHT BOTELLA RETORNABLE 750.0,17425.3,6000,750,0.18032781,-0.011034288,-0.247959452,-1768507809,5515740042,3747232234,Core,Aguila Light RB 750,21477.9668,4500,750
2024-04,AGUILA LIGHT BOTELLA RETORNABLE 750.0,16711.33,6000,750,0.18032781,-0.009950397,-0.249194285,-1700373292,5288665113,3588291821,Core,Aguila Light RB 750,21557.08398,4500,750
2024-05,AGUILA LIGHT BOTELLA RETORNABLE 750.0,18724.95,6000,750,0.18032781,-0.017648667,-0.247869952,-1901252234,5874935552,3973683318,Core,Aguila Light RB 750,21251.68945,4500,750
2024-06,AGUILA LIGHT BOTELLA RETORNABLE 750.0,16502.9,6000,750,0.18032781,-0.013849592,-0.248918304,-1686247760,5197160828,3510913067,Core,Aguila Light RB 750,21109.9082,4500,750
2024-07,AGUILA LIGHT BOTELLA RETORNABLE 750.0,20240.37,6000,750,0.18032781,-0.009613889,-0.256767606,-2066361755,6342936650,4276574895,Core,Aguila Light RB 750,21213.26563,4500,750
2024-08,AGUILA LIGHT BOTELLA RETORNABLE 750.0,18249.88,6000,750,0.18032781,-0.025445617,-0.253422701,-1851583584,5621810975,3770227391,Core,Aguila Light RB 750,22347.70508,4500,750
2024-09,AGUILA LIGHT BOTELLA RETORNABLE 750.0,16113.03,6000,750,0.18032781,-0.01283161,-0.259690979,-1659078552,5007239648,3348161096,Core,Aguila Light RB 750,22352.69141,4500,750
2024-10,AGUILA LIGHT BOTELLA RETORNABLE 750.0,16504.92,6000,750,0.18032781,-0.015790717,-0.262237108,-1681303879,5090208045,3408904166,Core,Aguila Light RB 750,24132.46484,4500,750
2024-11,AGUILA LIGHT BOTELLA RETORNABLE 750.0,15545.29,6000,750,0.18032781,-0.014416694,-0.260616961,-1577197883,4814135651,3236937768,Core,Aguila Light RB 750,23469.03697,4500,750
2024-12,AGUILA LIGHT BOTELLA RETORNABLE 750.0,21415.96,6000,750,0.18032781,-0.017164538,-0.2627578,-2152604852,6587468251,4434863399,Core,Aguila Light RB 750,28908.59843,4500,750
2025-01,AGUILA LIGHT BOTELLA RETORNABLE 750.0,16084.01,6000,750,0.18032781,-0.033883184,-0.260120859,-1587278514,4850630551,3263352037,Core,Aguila Light RB 750,29178.56118,4500,750
2025-02,AGUILA LIGHT BOTELLA RETORNABLE 750.0,11748.38,6000,750,0.18032781,-0.039111509,-0.259063746,-1168100177,3522153761,2354053583,Core,Aguila Light RB 750,22108.75701,4500,750
2025-03,AGUILA LIGHT BOTELLA RETORNABLE 750.0,12404.27,6000,750,0.18032781,-0.026109134,-0.260357887,-1237359064,3780827915,2543468851,Core,Aguila Light RB 750,20977.22659,4500,750
2025-04,AGUILA LIGHT BOTELLA RETORNABLE 750.0,13835.68,6000,750,0.18032781,-0.040216633,-0.258398419,-1377163267,4145325137,2768161869,Core,Aguila Light RB 750,20005.8403,4500,750
2025-05,AGUILA LIGHT BOTELLA RETORNABLE 750.0,13898.63,6000,750,0.18032781,-0.035509171,-0.259659709,-1394532519,4184645894,2790113375,Core,Aguila Light RB 750,18766.80489,4500,750
2025-06,AGUILA LIGHT BOTELLA RETORNABLE 750.0,13858.72,6000,750,0.18032781,-0.055121227,-0.261133781,-1361394944,4047798901,2686403957,Core,Aguila Light RB 750,20332.05537,4500,750
2025-07,AGUILA LIGHT BOTELLA RETORNABLE 750.0,15079.02,6000,750,0.18032781,-0.038973255,-0.257454856,-1490839035,4531930545,3041091510,Core,Aguila Light RB 750,21488.09337,4500,750
2025-08,AGUILA LIGHT BOTELLA RETORNABLE 750.0,13691.36,6000,750,0.18032781,-0.025504383,-0.256678342,-1348794058,4198190529,2849396471,Core,Aguila Light RB 750,23458.7881,4500,750
2024-01,AGUILA LIGHT LATA NO RETORNABLE 269.0,36401.07,6818.626492,269,0.201115395,-0.125907525,-0.275741091,-9792162655,10390481095,598318439.8,Core,Aguila Light CAN 269,13648.09766,1834.210526,269
2024-02,AGUILA LIGHT LATA NO RETORNABLE 269.0,28457.94,7620.817844,269,0.613115444,-0.100947651,-0.273485145,-7643781205,7067512780,-576268424.5,Core,Aguila Light CAN 269,9503.057617,2050,269
2024-03,AGUILA LIGHT LATA NO RETORNABLE 269.0,36158.48,5576.208178,269,0.180328373,-0.048998284,-0.283612179,-9709507899,9580291641,-129216257.5,Core,Aguila Light CAN 269,8041.811523,1500,269
2024-04,AGUILA LIGHT LATA NO RETORNABLE 269.0,28218.56,5576.208178,269,0.111111177,-0.05853574,-0.277221759,-7578736830,7904893245,326156414.9,Core,Aguila Light CAN 269,10339.3916,1500,269
2024-05,AGUILA LIGHT LATA NO RETORNABLE 269.0,37019.55,5762.081784,269,0.148148216,-0.097585394,-0.27296037,-9943484300,9827200058,-116284242,Core,Aguila Light CAN 269,9935.21875,1550,269
2024-06,AGUILA LIGHT LATA NO RETORNABLE 269.0,39480.92,6691.449814,269,0.18518499,-0.120249801,-0.247308266,-10604605161,11846635954,1242030793,Core,Aguila Light CAN 269,11348.36523,1800,269
2024-07,AGUILA LIGHT LATA NO RETORNABLE 269.0,45179.84,6691.449814,269,0.18518499,-0.126043376,-0.250357886,-12153028531,13367095084,1214066553,Core,Aguila Light CAN 269,12733.2666,1800,269
2024-08,AGUILA LIGHT LATA NO RETORNABLE 269.0,55068.47,6691.449814,269,0.18518499,-0.037301139,-0.293471363,-14814820729,17484930441,2670109713,Core,Aguila Light CAN 269,10903.07422,1800,269
2024-09,AGUILA LIGHT LATA NO RETORNABLE 269.0,49195.35,6691.449814,269,0.18518499,-0.029124399,-0.302214644,-13232805311,15606917735,2374112423,Core,Aguila Light CAN 269,11971.11621,1800,269
2024-10,AGUILA LIGHT LATA NO RETORNABLE 269.0,48908.51,6691.449814,269,0.18518499,-0.066060585,-0.266311789,-13174117002,15491941650,2317824647,Core,Aguila Light CAN 269,9575.238281,1800,269
2024-11,AGUILA LIGHT LATA NO RETORNABLE 269.0,48927.51,6691.449814,269,0.18518499,-0.07670992,-0.265555309,-13175063810,15268312389,2093248578,Core,Aguila Light CAN 269,9731.329028,1800,269
2024-12,AGUILA LIGHT LATA NO RETORNABLE 269.0,36221.16,6691.449814,269,0.18518499,-0.063065929,-0.264871018,-9779715770,11549401948,1769686179,Core,Aguila Light CAN 269,10998.20548,1800,269
2025-01,AGUILA LIGHT LATA NO RETORNABLE 269.0,44568.17,6691.449814,269,0.18518499,-0.026693474,-0.269611277,-11376211122,14879781075,3503569953,Core,Aguila Light CAN 269,10274.55123,1800,269
2025-02,AGUILA LIGHT LATA NO RETORNABLE 269.0,46020.66,6691.449814,269,0.18518499,-0.01838097,-0.258868462,-11719271618,15780777814,4061506196,Core,Aguila Light CAN 269,7719.723502,1800,269
2025-03,AGUILA LIGHT LATA NO RETORNABLE 269.0,40935.62,6691.449814,269,0.18518499,-0.030571586,-0.257760516,-10367259128,13821840264,3454581136,Core,Aguila Light CAN 269,10963.69564,1800,269
2025-04,AGUILA LIGHT LATA NO RETORNABLE 269.0,49248.69968,6877.32342,269,0.184394637,-0.040060522,-0.258099596,-12579636972,16865874595,4286237624,Core,Aguila Light CAN 269,12351.96351,1850,269
2025-05,AGUILA LIGHT LATA NO RETORNABLE 269.0,40276.68038,7434.944238,269,0.182265938,-0.050158513,-0.252211791,-10201753154,14848897337,4647144182,Core,Aguila Light CAN 269,14095.24065,2000,269
2025-06,AGUILA LIGHT LATA NO RETORNABLE 269.0,51500.4695,7434.944238,269,0.182265938,-0.135479176,-0.250064342,-13074745984,16723142671,3648396687,Core,Aguila Light CAN 269,12961.37811,2000,269
2025-07,AGUILA LIGHT LATA NO RETORNABLE 269.0,49181.59,8178.438662,269,0.183856445,-0.088613495,-0.227773815,-12584034555,19518079256,6934044702,Core,Aguila Light CAN 269,13986.29787,2200,269
2025-08,AGUILA LIGHT LATA NO RETORNABLE 269.0,47601.99281,8178.438662,269,0.183856428,-0.078270593,-0.236308516,-12114068215,18941173158,6827104943,Core,Aguila Light CAN 269,12199.49312,2200,269
2024-01,AGUILA LIGHT LATA NO RETORNABLE 330.0,22727.21,10053.16321,330,0.179841052,-0.345297909,-0.178782781,-5456179883,7744826974,2288647091,Core,Aguila Light CAN 330,32355.42969,3317.54386,330
2024-02,AGUILA LIGHT LATA NO RETORNABLE 330.0,15972.71,10000,330,0.180327765,-0.405746427,-0.175891726,-3840123088,4757525164,917402076.1,Core,Aguila Light CAN 330,23592.64258,3300,330
2024-03,AGUILA LIGHT LATA NO RETORNABLE 330.0,18352.17,10000,330,0.180327765,-0.172993443,-0.178044418,-4400026181,8479245301,4079219120,Core,Aguila Light CAN 330,23736.13672,3300,330
2024-04,AGUILA LIGHT LATA NO RETORNABLE 330.0,14977.95,10000,330,0.180327765,-0.481806605,-0.17774347,-3591978629,3630413009,38434380.68,Core,Aguila Light CAN 330,21315.35742,3300,330
2024-05,AGUILA LIGHT LATA NO RETORNABLE 330.0,23916.43,10000,330,0.180327765,-0.238411025,-0.177653881,-5723893769,9942860470,4218966702,Core,Aguila Light CAN 330,21515.91211,3300,330
2024-06,AGUILA LIGHT LATA NO RETORNABLE 330.0,22366.09,10000,330,0.180327765,-0.14193854,-0.178904131,-5344533755,10814610307,5470076552,Core,Aguila Light CAN 330,21821.67383,3300,330
2024-07,AGUILA LIGHT LATA NO RETORNABLE 330.0,29445.64,10000,330,0.180327765,-0.206474883,-0.181300869,-7051820411,12834588249,5782767838,Core,Aguila Light CAN 330,24304.01563,3300,330
2024-08,AGUILA LIGHT LATA NO RETORNABLE 330.0,26432.55,10000,330,0.180327765,-0.172454272,-0.177181262,-6318056543,12239009804,5920953261,Core,Aguila Light CAN 330,27117.31055,3300,330
2024-09,AGUILA LIGHT LATA NO RETORNABLE 330.0,30258.09,10000,330,0.180327765,-0.121110075,-0.181068471,-7262299106,15032674129,7770375023,Core,Aguila Light CAN 330,21941.34961,3300,330
2024-10,AGUILA LIGHT LATA NO RETORNABLE 330.0,25669.89,10000,330,0.180327765,-0.175066934,-0.17773973,-6139077229,11827922227,5688844999,Core,Aguila Light CAN 330,22095.46094,3300,330
2024-11,AGUILA LIGHT LATA NO RETORNABLE 330.0,28371.94,10000,330,0.180327765,-0.226649593,-0.17823081,-6796289293,12021085885,5224796591,Core,Aguila Light CAN 330,21549.70053,3300,330
2024-12,AGUILA LIGHT LATA NO RETORNABLE 330.0,30802.45,10000,330,0.180327765,-0.150866809,-0.179579852,-7369541237,14683204825,7313663588,Core,Aguila Light CAN 330,29380.27483,3300,330
2025-01,AGUILA LIGHT LATA NO RETORNABLE 330.0,26970.59,10000,330,0.180327765,-0.281472051,-0.178497524,-5849574280,10369530442,4519956161,Core,Aguila Light CAN 330,28428.24553,3300,330
2025-02,AGUILA LIGHT LATA NO RETORNABLE 330.0,17962.88,10000,330,0.180327765,-0.277238117,-0.1793966,-3890064623,6948935338,3058870714,Core,Aguila Light CAN 330,16133.44106,3300,330
2025-03,AGUILA LIGHT LATA NO RETORNABLE 330.0,20514.81,10000,330,0.180327765,-0.158981574,-0.178567443,-4429265218,9675460923,5246195704,Core,Aguila Light CAN 330,19344.51761,3300,330
2025-04,AGUILA LIGHT LATA NO RETORNABLE 330.0,14291.84,10000,330,0.180327765,-0.384430868,-0.178208434,-3103108043,4450187556,1347079513,Core,Aguila Light CAN 330,16340.10157,3300,330
2025-05,AGUILA LIGHT LATA NO RETORNABLE 330.0,20515.1,10000,330,0.180327765,-0.155905079,-0.177557953,-4453826982,9735276611,5281449629,Core,Aguila Light CAN 330,16954.56172,3300,330
2025-06,AGUILA LIGHT LATA NO RETORNABLE 330.0,24544.37,10000,330,0.180327765,-0.135590622,-0.180527663,-5328567829,11950423511,6621855682,Core,Aguila Light CAN 330,16812.41676,3300,330
2025-07,AGUILA LIGHT LATA NO RETORNABLE 330.0,25354.1,10404.0404,330,0.17658268,-0.162509169,-0.178054131,-5493360367,12423785089,6930424723,Core,Aguila Light CAN 330,21023.66951,3433.333333,330
2025-08,AGUILA LIGHT LATA NO RETORNABLE 330.0,10362.55,10606.06061,330,0.174825302,-0.017997316,-0.178561022,-2683191223,6316184961,3632993738,Core,Aguila Light CAN 330,18282.31742,3500,330
2024-01,AGUILA LIGHT LATA NO RETORNABLE 473.0,7386.36,6342.494715,473,0.42857181,-0.126741158,-0.23337358,-1524953708,1763370843,238417135.1,Core,Aguila Light CAN 473,9947.892578,3000,473
2024-02,AGUILA LIGHT LATA NO RETORNABLE 473.0,11902.54,6342.494715,473,0.42857181,-0.05983862,-0.269641099,-2453244908,2977574558,524329650.1,Core,Aguila Light CAN 473,7625.533691,3000,473
2024-03,AGUILA LIGHT LATA NO RETORNABLE 473.0,9659.86,6342.494715,473,0.42857181,-0.029484531,-0.273085532,-1992284270,2513520863,521236593,Core,Aguila Light CAN 473,9732.414063,3000,473
2024-04,AGUILA LIGHT LATA NO RETORNABLE 473.0,11525.94,6342.494715,473,0.42857181,-0.034202971,-0.273447104,-2379778477,2977234759,597456281.9,Core,Aguila Light CAN 473,10426.63574,3000,473
2024-05,AGUILA LIGHT LATA NO RETORNABLE 473.0,13204.39,6342.494715,473,0.42857181,0.078116247,-0.273133284,-2727243613,3965665769,1238422155,Core,Aguila Light CAN 473,11517.90137,3000,473
2024-06,AGUILA LIGHT LATA NO RETORNABLE 473.0,16173.63,6342.494715,473,0.42857181,-0.010867742,-0.272696654,-3345653830,4323104567,977450737.2,Core,Aguila Light CAN 473,14459.3418,3000,473
2024-07,AGUILA LIGHT LATA NO RETORNABLE 473.0,13148.78,7135.306554,473,0.285714251,-0.035976204,-0.227552083,-2718704465,4516091650,1797387185,Core,Aguila Light CAN 473,16007.6084,3375,473
2024-08,AGUILA LIGHT LATA NO RETORNABLE 473.0,14235.14,7399.577167,473,0.249999875,-0.103070398,-0.20776505,-2941055152,4880166580,1939111427,Core,Aguila Light CAN 473,15679.35449,3500,473
2024-09,AGUILA LIGHT LATA NO RETORNABLE 473.0,15660.67,7399.577167,473,0.249999775,-0.078600672,-0.212508458,-3233748157,5522550919,2288802762,Core,Aguila Light CAN 473,14256.01855,3500,473
2024-10,AGUILA LIGHT LATA NO RETORNABLE 473.0,12686.92,7399.577167,473,0.249999754,-0.084738007,-0.213240617,-2617308102,4430538879,1813230777,Core,Aguila Light CAN 473,13753.90625,3500,473
2024-11,AGUILA LIGHT LATA NO RETORNABLE 473.0,14937.49,7399.577167,473,0.249999754,-0.091664008,-0.212785996,-3080776436,5168398538,2087622103,Core,Aguila Light CAN 473,13987.49178,3500,473
2024-12,AGUILA LIGHT LATA NO RETORNABLE 473.0,16807.16,7399.577167,473,0.249999754,-0.085159428,-0.212688953,-3470468485,5870502140,2400033655,Core,Aguila Light CAN 473,17633.08929,3500,473
2025-01,AGUILA LIGHT LATA NO RETORNABLE 473.0,13143.79,7399.577167,473,0.249999754,-0.078955373,-0.21425033,-2550232505,4621294686,2071062181,Core,Aguila Light CAN 473,19702.3291,3500,473
2025-02,AGUILA LIGHT LATA NO RETORNABLE 473.0,11032.94,7399.577167,473,0.249999754,-0.062382789,-0.212497442,-2133181874,3979706244,1846524371,Core,Aguila Light CAN 473,12920.65934,3500,473
2025-03,AGUILA LIGHT LATA NO RETORNABLE 473.0,10396.86,7399.577167,473,0.249999754,-0.054924094,-0.212469163,-2009869811,3788987060,1779117249,Core,Aguila Light CAN 473,13139.17375,3500,473
2025-04,AGUILA LIGHT LATA NO RETORNABLE 473.0,12506.48,7610.993658,473,0.244956579,-0.05202903,-0.210184811,-2449745994,4740299591,2290553596,Core,Aguila Light CAN 473,14033.90318,3600,473
2025-05,AGUILA LIGHT LATA NO RETORNABLE 473.0,10248.79,7822.410148,473,0.24022332,-0.070645801,-0.208356647,-1984730732,3916517884,1931787152,Core,Aguila Light CAN 473,15577.68004,3700,473
2025-06,AGUILA LIGHT LATA NO RETORNABLE 473.0,14510.25,7822.410148,473,0.24022332,-0.084067577,-0.210317692,-2784095157,5426705613,2642610456,Core,Aguila Light CAN 473,14574.261,3700,473
2025-07,AGUILA LIGHT LATA NO RETORNABLE 473.0,14224.11,8245.243129,473,0.239188058,-0.0629353,-0.204697552,-2733669035,5824695711,3091026676,Core,Aguila Light CAN 473,17002.63948,3900,473
2025-08,AGUILA LIGHT LATA NO RETORNABLE 473.0,16223.1935,8456.659619,473,0.238709833,-0.060867263,-0.197036693,-3137110471,6906830031,3769719560,Core,Aguila Light CAN 473,15633.78425,4000,473
2024-01,AUSTEN OTRAS LATA NO RETORNABLE 330.0,15444.45,5454.545455,330,0.398058252,-0.738544687,-0.156830869,-3997282030,529775593.3,-3467506437,Value,Austen CAN 330,13317.5166,1800,330
2024-02,AUSTEN OTRAS LATA NO RETORNABLE 330.0,8417.34,5454.545455,330,0.398058252,-0.486271169,-0.157016946,-2170694890,984416277.3,-1186278613,Value,Austen CAN 330,8599.93457,1800,330
2024-03,AUSTEN OTRAS LATA NO RETORNABLE 330.0,7890.03,5454.545455,330,0.398058252,-0.33959205,-0.150513015,-2106115513,1319002714,-787112798.9,Value,Austen CAN 330,5244.952148,1800,330
2024-04,AUSTEN OTRAS LATA NO RETORNABLE 330.0,5073.91,5454.545455,330,0.398058252,-0.385799128,-0.141715927,-1319634531,785990090.9,-533644439.8,Value,Austen CAN 330,4204.240723,1800,330
2024-05,AUSTEN OTRAS LATA NO RETORNABLE 330.0,5717.85,5454.545455,330,0.398058252,-0.366203436,-0.141475852,-1496630529,922926681,-573703848.4,Value,Austen CAN 330,3396.208496,1800,330
2024-06,AUSTEN OTRAS LATA NO RETORNABLE 330.0,4238.13,5454.545455,330,0.398058252,-0.32873797,-0.141360226,-1104158080,736302048.7,-367856031,Value,Austen CAN 330,3171.419434,1800,330
2024-07,AUSTEN OTRAS LATA NO RETORNABLE 330.0,6931.81,5454.545455,330,0.398058252,-0.349069056,-0.141068963,-1778167219,1158738976,-619428243.4,Value,Austen CAN 330,4026.859619,1800,330
2024-08,AUSTEN OTRAS LATA NO RETORNABLE 330.0,4876.82,5454.545455,330,0.398058252,-0.402618563,-0.13961088,-1273789312,731932310.9,-541857000.8,Value,Austen CAN 330,2885.446289,1800,330
2024-09,AUSTEN OTRAS LATA NO RETORNABLE 330.0,3372.38,5454.545455,330,0.398058252,-0.266705659,-0.141206614,-870909271.2,654649590.1,-216259681.1,Value,Austen CAN 330,3082.233154,1800,330
2024-10,AUSTEN OTRAS LATA NO RETORNABLE 330.0,6107.23,5454.545455,330,0.398058252,-0.189488095,-0.141375702,-1597519291,1339815940,-257703350.9,Value,Austen CAN 330,2644.235107,1800,330
2024-11,AUSTEN OTRAS LATA NO RETORNABLE 330.0,8140.54,5454.545455,330,0.398058252,0.082881978,-0.141301873,-2139985681,2513025091,373039409.9,Value,Austen CAN 330,3844.272074,1800,330
2024-12,AUSTEN OTRAS LATA NO RETORNABLE 330.0,8850.48,5454.545455,330,0.398058252,-0.255457517,-0.141458717,-2293564603,1749970789,-543593814,Value,Austen CAN 330,4872.094022,1800,330
2025-01,AUSTEN OTRAS LATA NO RETORNABLE 330.0,9798.37,5454.545455,330,0.398058252,-0.38892582,-0.141189216,-2284840505,1509495140,-775345365.6,Value,Austen CAN 330,7615.699381,1800,330
2025-02,AUSTEN OTRAS LATA NO RETORNABLE 330.0,6129.89,5454.545455,330,0.398058252,-0.065906145,-0.14125923,-1416669560,1593388308,176718748,Value,Austen CAN 330,4071.030941,1800,330
2025-03,AUSTEN OTRAS LATA NO RETORNABLE 330.0,4729.86,5454.545455,330,0.398058252,-0.03675456,-0.1409362,-1112672634,1275175009,162502375.1,Value,Austen CAN 330,5198.943083,1800,330
2025-04,AUSTEN OTRAS LATA NO RETORNABLE 330.0,4749.87,5454.545455,330,0.398058252,-0.063783636,-0.141700268,-1121538544,1237287883,115749338.4,Value,Austen CAN 330,3839.881447,1800,330
2025-05,AUSTEN OTRAS LATA NO RETORNABLE 330.0,5334.73,5454.545455,330,0.398058252,-0.32208117,-0.14187451,-1266717758,937560881.8,-329156876.3,Value,Austen CAN 330,3520.498613,1800,330
2025-06,AUSTEN OTRAS LATA NO RETORNABLE 330.0,4317.71,5454.545455,330,0.398058252,-0.864491796,-0.143909225,-1013512332,-11892465.63,-1025404798,Value,Austen CAN 330,3393.350605,1800,330
2025-07,AUSTEN OTRAS LATA NO RETORNABLE 330.0,6351.71,5454.545455,330,0.398058252,-0.420620943,-0.141618724,-1494303688,911619074.8,-582684612.8,Value,Austen CAN 330,3811.709294,1800,330
2025-08,AUSTEN OTRAS LATA NO RETORNABLE 330.0,5140.78,5454.545455,330,0.398058252,-0.329271357,-0.141400687,-1197888517,892154739.3,-305733777.9,Value,Austen CAN 330,3557.292837,1800,330
2024-01,AZTECA CTE LATA NO RETORNABLE 330.0,15713.11,6060.606061,330,0.146953405,-0.724578177,-0.224673784,-3911383766,354082719.7,-3557301046,Value,Azteca CAN 330,18699.43945,2000,330
2024-02,AZTECA CTE LATA NO RETORNABLE 330.0,15486.6,6060.606061,330,0.146953405,-0.478404668,-0.225016813,-3847148561,2039478320,-1807670242,Value,Azteca CAN 330,9537.149414,2000,330
2024-03,AZTECA CTE LATA NO RETORNABLE 330.0,15234.88,6060.606061,330,0.146953405,-0.343880051,-0.223647488,-3778313022,2925639531,-852673491,Value,Azteca CAN 330,12070.15527,2000,330
2024-04,AZTECA CTE LATA NO RETORNABLE 330.0,18530.82,6060.606061,330,0.146953405,-0.375024437,-0.20087061,-4602682254,3489725780,-1112956474,Value,Azteca CAN 330,15213.24414,2000,330
2024-05,AZTECA CTE LATA NO RETORNABLE 330.0,19550.07,6060.606061,330,0.146953405,-0.001130893,-0.200637129,-4853213737,6929481795,2076268058,Value,Azteca CAN 330,15306.23535,2000,330
2024-06,AZTECA CTE LATA NO RETORNABLE 330.0,17583.62,6060.606061,330,0.146953405,-0.167765743,-0.200576397,-4363610025,4931891498,568281472.7,Value,Azteca CAN 330,14021.40039,2000,330
2024-07,AZTECA CTE LATA NO RETORNABLE 330.0,19126.97,6060.606061,330,0.146953405,-0.213768951,-0.20024868,-4742068190,4976844197,234776006.4,Value,Azteca CAN 330,15574.94727,2000,330
2024-08,AZTECA CTE LATA NO RETORNABLE 330.0,16492.6,6060.606061,330,0.146953405,-0.191964505,-0.198784198,-4093939011,4461787763,367848752.1,Value,Azteca CAN 330,13058.83203,2000,330
2024-09,AZTECA CTE LATA NO RETORNABLE 330.0,16313.3,6060.606061,330,0.146953405,-0.298845478,-0.200266289,-4039331315,3628323243,-411008071.7,Value,Azteca CAN 330,12738.46875,2000,330
2024-10,AZTECA CTE LATA NO RETORNABLE 330.0,17861.81,6060.606061,330,0.146953405,-0.134141633,-0.200319311,-4430538415,5278643486,848105071.2,Value,Azteca CAN 330,14397.40234,2000,330
2024-11,AZTECA CTE LATA NO RETORNABLE 330.0,19954.59,6060.606061,330,0.146953405,-0.303319243,-0.200444759,-4957423886,4396979020,-560444865.6,Value,Azteca CAN 330,13279.49961,2000,330
2024-12,AZTECA CTE LATA NO RETORNABLE 330.0,34145.57,6060.606061,330,0.146953405,-0.141367014,-0.200668014,-8460652672,9976092328,1515439656,Value,Azteca CAN 330,19893.852,2000,330
2025-01,AZTECA CTE LATA NO RETORNABLE 330.0,20877.41,6060.606061,330,0.146953405,-0.63882216,-0.200340879,-4609832753,1491028001,-3118804752,Value,Azteca CAN 330,28847.92624,2000,330
2025-02,AZTECA CTE LATA NO RETORNABLE 330.0,15314.48,6060.606061,330,0.146953405,-0.159336322,-0.200442934,-3373335860,4353668083,980332222.8,Value,Azteca CAN 330,11682.06671,2000,330
2025-03,AZTECA CTE LATA NO RETORNABLE 330.0,10482.06,6060.606061,330,0.146953405,-0.284681033,-0.200147124,-2300007790,2397850374,97842583.24,Value,Azteca CAN 330,13294.63427,2000,330
2025-04,AZTECA CTE LATA NO RETORNABLE 330.0,12759.84,6060.606061,330,0.146953405,-0.102083995,-0.200450857,-2794958363,3951764532,1156806170,Value,Azteca CAN 330,14680.1044,2000,330
2025-05,AZTECA CTE LATA NO RETORNABLE 330.0,15709.46,6060.606061,330,0.146953405,-0.12625841,-0.199723018,-3419859688,4701716502,1281856814,Value,Azteca CAN 330,13427.41845,2000,330
2025-06,AZTECA CTE LATA NO RETORNABLE 330.0,12702.13,6060.606061,330,0.146953405,-0.154856899,-0.214897146,-2769666527,3554757177,785090650.4,Value,Azteca CAN 330,14433.31663,2000,330
2025-07,AZTECA CTE LATA NO RETORNABLE 330.0,19972.41,6060.606061,330,0.146953405,-0.124511638,-0.222290541,-4382196612,5792933189,1410736578,Value,Azteca CAN 330,15787.95029,2000,330
2025-08,AZTECA CTE LATA NO RETORNABLE 330.0,14432.03,6060.606061,330,0.146953405,-0.28555332,-0.222002021,-3153340704,3155790568,2449863.329,Value,Azteca CAN 330,14593.24645,2000,330
2024-01,BAHIA CTE LATA NO RETORNABLE 330.0,18419.92,5454.545455,330,0.317073171,-0.728211337,-0.189281284,-4560734307,528910552.3,-4031823755,Value,Bahia CAN 330,38976.53906,1800,330
2024-02,BAHIA CTE LATA NO RETORNABLE 330.0,18726.27,5454.545455,330,0.317073171,-0.480491177,-0.189488374,-4617385004,2150769321,-2466615683,Value,Bahia CAN 330,25986.35547,1800,330
2024-03,BAHIA CTE LATA NO RETORNABLE 330.0,17933.3,5454.545455,330,0.317073171,-0.348640337,-0.18995937,-4431467429,2879650495,-1551816934,Value,Bahia CAN 330,31951.22266,1800,330
2024-04,BAHIA CTE LATA NO RETORNABLE 330.0,19255.76,5454.545455,330,0.317073171,-0.370061771,-0.166678962,-4762495896,3104462947,-1658032950,Value,Bahia CAN 330,34596.10938,1800,330
2024-05,BAHIA CTE LATA NO RETORNABLE 330.0,16353.2,5454.545455,330,0.317073171,1.040796479,-0.163503978,-4045258393,10684061870,6638803477,Value,Bahia CAN 330,29639.42969,1800,330
2024-06,BAHIA CTE LATA NO RETORNABLE 330.0,19770.41,5454.545455,330,0.317073171,-0.08393237,-0.163373177,-4883445227,5178882906,295437679.2,Value,Bahia CAN 330,29829.37109,1800,330
2024-07,BAHIA CTE LATA NO RETORNABLE 330.0,17573.17,5454.545455,330,0.317073171,0.061339528,-0.163232464,-4342877692,5492624672,1149746980,Value,Bahia CAN 330,34133.59766,1800,330
2024-08,BAHIA CTE LATA NO RETORNABLE 330.0,16226.02,5454.545455,330,0.317073171,-0.119555462,-0.161799949,-4003997682,4058147866,54150183.95,Value,Bahia CAN 330,29491.28516,1800,330
2024-09,BAHIA CTE LATA NO RETORNABLE 330.0,14278.07,5454.545455,330,0.317073171,-0.118708078,-0.163634643,-3525373193,3566057171,40683977.7,Value,Bahia CAN 330,28121.98438,1800,330
2024-10,BAHIA CTE LATA NO RETORNABLE 330.0,20901.25,5454.545455,330,0.317073171,-0.120415845,-0.163426804,-5152786906,5209336534,56549628,Value,Bahia CAN 330,28894.4375,1800,330
2024-11,BAHIA CTE LATA NO RETORNABLE 330.0,27053.93,5454.545455,330,0.317073171,-0.103427218,-0.163382672,-6675168902,6903171457,228002555.3,Value,Bahia CAN 330,26598.03157,1800,330
2024-12,BAHIA CTE LATA NO RETORNABLE 330.0,24898.54,5454.545455,330,0.317073171,-0.166728352,-0.163603978,-6143333063,5802764093,-340568970.5,Value,Bahia CAN 330,38305.62791,1800,330
2025-01,BAHIA CTE LATA NO RETORNABLE 330.0,12041.43,5454.545455,330,0.317073171,-0.21435149,-0.138655642,-2685478102,2711310518,25832416,Value,Bahia CAN 330,50297.29509,1800,330
2025-02,BAHIA CTE LATA NO RETORNABLE 330.0,13148.92,5454.545455,330,0.317073171,-0.174267692,-0.16362201,-2893634675,3029856963,136222288.2,Value,Bahia CAN 330,21191.50153,1800,330
2025-03,BAHIA CTE LATA NO RETORNABLE 330.0,14154.18,5454.545455,330,0.317073171,-0.077042112,-0.138299427,-3157483516,3865156449,707672932.8,Value,Bahia CAN 330,25418.3863,1800,330
2025-04,BAHIA CTE LATA NO RETORNABLE 330.0,10990.43,5454.545455,330,0.317073171,-0.150595281,-0.139342947,-2442552888,2715892131,273339243.5,Value,Bahia CAN 330,27557.3295,1800,330
2025-05,BAHIA CTE LATA NO RETORNABLE 330.0,10201.59,5454.545455,330,0.317073171,-0.15404928,-0.164757014,-2231311423,2418467151,187155728.3,Value,Bahia CAN 330,25341.99905,1800,330
2025-06,BAHIA CTE LATA NO RETORNABLE 330.0,13101.05,5454.545455,330,0.317073171,-0.168914143,-0.165895472,-2877836866,3032869813,155032946.9,Value,Bahia CAN 330,28443.16835,1800,330
2025-07,BAHIA CTE LATA NO RETORNABLE 330.0,12864.22,5454.545455,330,0.317073171,-0.151795526,-0.164147919,-2823220882,3062507550,239286668.6,Value,Bahia CAN 330,29218.15746,1800,330
2025-08,BAHIA CTE LATA NO RETORNABLE 330.0,13221.67,5454.545455,330,0.317073171,-0.147004007,-0.163643246,-2900653202,3171973313,271320111.5,Value,Bahia CAN 330,25875.03326,1800,330
2024-01,BECK'S CTE BOTELLA NO RETORNABLE 275.0,780.5,9090.909091,275,0.223241806,-0.384416469,-0.134968073,-392826047.6,234271080.2,-158554967.4,Premium,Beck's NRB 275,755.7442017,2500,275
2024-02,BECK'S CTE BOTELLA NO RETORNABLE 275.0,227.64,9090.909091,275,0.223241806,-0.233922702,-0.13487645,-115440014.4,89735479.73,-25704534.62,Premium,Beck's NRB 275,552.4135132,2500,275
2024-03,BECK'S CTE BOTELLA NO RETORNABLE 275.0,75.03,9090.909091,275,0.223241806,-0.25914959,-0.134206203,-37215578.46,28426084.27,-8789494.188,Premium,Beck's NRB 275,521.6599731,2500,275
2024-04,BECK'S CTE BOTELLA NO RETORNABLE 275.0,9.71,9090.909091,275,0.223241806,-0.109283614,-0.136968872,-4656158.426,4570809.918,-85348.50797,Premium,Beck's NRB 275,228.9259949,2500,275
2024-05,BECK'S CTE BOTELLA NO RETORNABLE 275.0,10.92,9090.909091,275,0.223241806,-2.232303719,-0.138748412,-5261093.057,-9350280.611,-14611373.67,Premium,Beck's NRB 275,160.3435051,2500,275
2024-06,BECK'S CTE BOTELLA NO RETORNABLE 275.0,133.31,9090.909091,275,0.223241806,-0.303756705,-0.136858289,-65393647.36,46571646.03,-18822001.33,Premium,Beck's NRB 275,57.68830109,2500,275
2024-07,BECK'S CTE BOTELLA NO RETORNABLE 275.0,-7.27,9090.909091,275,0.223241806,0.01589604,-0.13340286,4126478.199,-4006764.404,119713.7955,Premium,Beck's NRB 275,55.42290115,2500,275
2024-08,BECK'S CTE BOTELLA NO RETORNABLE 275.0,-0.42,9090.909091,275,0.223241806,0,-0.133607714,236602.0356,-227254.1932,9347.842399,Premium,Beck's NRB 275,24.96800041,2500,275
2024-09,BECK'S CTE BOTELLA NO RETORNABLE 275.0,-1.48,9090.909091,275,0.223241806,0,-0.133652851,832429.3168,-800758.7707,31670.54611,Premium,Beck's NRB 275,17.43000031,2500,275
2024-10,BECK'S CTE BOTELLA NO RETORNABLE 275.0,-0.47,9090.909091,275,0.223241806,0,-0.133660719,264047.7904,-254292.7056,9755.084847,Premium,Beck's NRB 275,10.55879974,2500,275
2024-12,BECK'S CTE BOTELLA NO RETORNABLE 275.0,0,9090.909091,275,0.223241806,0,-0.137297415,0,0,0,Premium,Beck's NRB 275,225.8499317,2500,275
2024-01,BECK'S CTE LATA NO RETORNABLE 269.0,-10.11,8178.438662,269,0.219633888,0.001200548,-0.167420519,5222818.33,-4750032.712,472785.6185,Premium,Beck's CAN 269,287.4993896,2200,269
2024-02,BECK'S CTE LATA NO RETORNABLE 269.0,-11.54,8178.438662,269,0.219633888,0.011311138,-0.167051702,5964863.981,-5490042.272,474821.709,Premium,Beck's CAN 269,58.51819992,2200,269
2024-03,BECK'S CTE LATA NO RETORNABLE 269.0,-1.34,8178.438662,269,0.219633888,0,-0.167033565,704914.3164,-628964.6775,75949.63892,Premium,Beck's CAN 269,41.69979858,2200,269
2024-04,BECK'S CTE LATA NO RETORNABLE 269.0,-0.93,8178.438662,269,0.219633888,0,-0.16716521,476776.2852,-436451.2721,40325.01306,Premium,Beck's CAN 269,7.327000141,2200,269
2024-05,BECK'S CTE LATA NO RETORNABLE 269.0,-0.91,8178.438662,269,0.219633888,0.50021645,-0.167040398,478014.5295,-683632.7388,-205618.2093,Premium,Beck's CAN 269,42.89440155,2200,269
2024-06,BECK'S CTE LATA NO RETORNABLE 269.0,-0.09,8178.438662,269,0.219633888,0,-0.167129572,46100.3698,-42239.02726,3861.34254,Premium,Beck's CAN 269,10.58969975,2200,269
2024-07,BECK'S CTE LATA NO RETORNABLE 269.0,-0.48,8178.438662,269,0.219633888,0,-0.16704803,251810.6817,-225296.8676,26513.81408,Premium,Beck's CAN 269,2.788500071,2200,269
2024-08,BECK'S CTE LATA NO RETORNABLE 269.0,-0.7,8178.438662,269,0.219633888,0,-0.167030679,368238.822,-328564.7761,39674.04588,Premium,Beck's CAN 269,0.932799995,2200,269
2024-01,BECK'S CTE LATA NO RETORNABLE 330.0,377.76,7575.757576,330,0.219511874,-0.385169619,-0.218964973,-146792054,78065042.01,-68727012.02,Premium,Beck's CAN 330,2299.517578,2500,330
2024-02,BECK'S CTE LATA NO RETORNABLE 330.0,-4.56,7575.757576,330,0.219511874,0.127434471,-0.21432983,2035607.711,-2173594.204,-137986.4936,Premium,Beck's CAN 330,962.5385742,2500,330
2024-03,BECK'S CTE LATA NO RETORNABLE 330.0,-8.32,7575.757576,330,0.219511874,0.121233897,-0.214690961,3895082.918,-3937356.857,-42273.93972,Premium,Beck's CAN 330,645.1463013,2500,330
2024-04,BECK'S CTE LATA NO RETORNABLE 330.0,-8.23,7575.757576,330,0.219511874,0.000501011,-0.21540645,3507059.591,-3372988.636,134070.9551,Premium,Beck's CAN 330,332.7782898,2500,330
2024-05,BECK'S CTE LATA NO RETORNABLE 330.0,-7.44,7575.757576,330,0.219511874,7.648777693,-0.209342355,2589810.495,-32777769.72,-30187959.22,Premium,Beck's CAN 330,120.7314987,2500,330
2024-06,BECK'S CTE LATA NO RETORNABLE 330.0,24.73,7575.757576,330,0.219511874,-0.233087102,-0.22504292,-10793028.14,6995395.62,-3797632.522,Premium,Beck's CAN 330,77.37979889,2500,330
2024-07,BECK'S CTE LATA NO RETORNABLE 330.0,-4.59,7575.757576,330,0.219511874,0.027851137,-0.213101227,1997911.329,-1952225.947,45685.38185,Premium,Beck's CAN 330,53.92039871,2500,330
2024-08,BECK'S CTE LATA NO RETORNABLE 330.0,-7.11,7575.757576,330,0.219511874,0.039727845,-0.21597798,3010281.337,-3057440.621,-47159.28444,Premium,Beck's CAN 330,30.63500023,2500,330
2024-09,BECK'S CTE LATA NO RETORNABLE 330.0,-0.37,7575.757576,330,0.219511874,0,-0.216166526,160411.8363,-151397.4654,9014.370919,Premium,Beck's CAN 330,8.415599823,2500,330
2024-10,BECK'S CTE LATA NO RETORNABLE 330.0,-0.6,7575.757576,330,0.219511874,0.218699458,-0.216164161,260559.9129,-314010.3746,-53450.4617,Premium,Beck's CAN 330,11.55280018,2500,330
2024-12,BECK'S CTE LATA NO RETORNABLE 330.0,-0.01,7575.757576,330,0.219511874,0,-0.226376958,3731.9534,-4038.522164,-306.5687638,Premium,Beck's CAN 330,30.14889832,2500,330
2025-03,BECK'S CTE LATA NO RETORNABLE 330.0,-0.04,7575.757576,330,0.219511874,0,-0.215991997,16443.312,-16370.93792,72.37408222,Premium,Beck's CAN 330,6.299354983,2500,330
2024-05,BOGOTA BEER COMPANY ROSE BOTELLA NO RETORNABLE 330.0,150.26,15151.51515,330,0.269841489,-0.129614592,0,-151889190.7,131133778.9,-20755411.88,Super Premium,BBC Rose NRB 330,4.631499767,5000,330
2024-06,BOGOTA BEER COMPANY ROSE BOTELLA NO RETORNABLE 330.0,202.04,15151.51515,330,0.269841489,-0.088424428,0,-204848064.8,184667142.4,-20180922.43,Super Premium,BBC Rose NRB 330,90.69599915,5000,330
2024-07,BOGOTA BEER COMPANY ROSE BOTELLA NO RETORNABLE 330.0,274.3,15151.51515,330,0.269841489,-0.218740562,0,-278459475,214872420.1,-63587054.96,Super Premium,BBC Rose NRB 330,122.0561981,5000,330
2024-08,BOGOTA BEER COMPANY ROSE BOTELLA NO RETORNABLE 330.0,307.82,15151.51515,330,0.269841489,-0.143580697,0,-312375809.9,264327818.5,-48047991.36,Super Premium,BBC Rose NRB 330,134.7032013,5000,330
2024-09,BOGOTA BEER COMPANY ROSE BOTELLA NO RETORNABLE 330.0,313.28,15151.51515,330,0.269841489,-0.114435147,0,-317769727.5,278171499.9,-39598227.6,Super Premium,BBC Rose NRB 330,180.9120026,5000,330
2024-10,BOGOTA BEER COMPANY ROSE BOTELLA NO RETORNABLE 330.0,257.74,15151.51515,330,0.269841489,-0.127870592,0,-261610227.4,225383617.7,-36226609.7,Super Premium,BBC Rose NRB 330,206.3715057,5000,330
2024-11,BOGOTA BEER COMPANY ROSE BOTELLA NO RETORNABLE 330.0,367.23,15151.51515,330,0.269841489,-0.172017126,0,-372099296.4,304873093.3,-67226203.14,Super Premium,BBC Rose NRB 330,168.3586132,5000,330
2024-12,BOGOTA BEER COMPANY ROSE BOTELLA NO RETORNABLE 330.0,496.79,15151.51515,330,0.269841489,-0.137013864,0,-503724280.2,429869126.3,-73855153.94,Super Premium,BBC Rose NRB 330,277.5085803,5000,330
2025-01,BOGOTA BEER COMPANY ROSE BOTELLA NO RETORNABLE 330.0,167.2,15151.51515,330,0.269841489,-0.758387695,0,-122760420.6,40505585.32,-82254835.23,Super Premium,BBC Rose NRB 330,339.7776805,5000,330
2025-02,BOGOTA BEER COMPANY ROSE BOTELLA NO RETORNABLE 330.0,147.55,15151.51515,330,0.243334002,-0.783984216,0,-108174333.6,32639687.48,-75534646.12,Super Premium,BBC Rose NRB 330,234.3519922,5000,330
2025-03,BOGOTA BEER COMPANY ROSE BOTELLA NO RETORNABLE 330.0,159.46,15151.51515,330,0.243334002,-0.254269296,0,-116565577.4,121774141.6,5208564.198,Super Premium,BBC Rose NRB 330,206.3224022,5000,330
2025-04,BOGOTA BEER COMPANY ROSE BOTELLA NO RETORNABLE 330.0,69.06,15151.51515,330,0.243334002,-0.327261132,0,-51110343.61,47576707.79,-3533635.825,Super Premium,BBC Rose NRB 330,114.3544823,5000,330
2025-05,BOGOTA BEER COMPANY ROSE BOTELLA NO RETORNABLE 330.0,70.2604,15151.51515,330,0.243334002,-0.139435422,0.00011897,-51296415.23,61926339.92,10629924.69,Super Premium,BBC Rose NRB 330,97.96635241,5000,330
2025-06,BOGOTA BEER COMPANY ROSE BOTELLA NO RETORNABLE 330.0,99.7008,15151.51515,330,0.243334002,-0.167774684,0.00016793,-72943619.87,84986214.18,12042594.31,Super Premium,BBC Rose NRB 330,63.56472898,5000,330
2025-07,BOGOTA BEER COMPANY ROSE BOTELLA NO RETORNABLE 330.0,109.15,15151.51515,330,0.243334002,-0.162816987,0,-79974112.11,93576207.6,13602095.49,Super Premium,BBC Rose NRB 330,58.13378433,5000,330
2025-08,BOGOTA BEER COMPANY ROSE BOTELLA NO RETORNABLE 330.0,65.79,15151.51515,330,0.240857146,-0.230349078,0,-48092129.14,51956632.75,3864503.608,Super Premium,BBC Rose NRB 330,68.24976539,5000,330
2024-05,BOGOTA BEER COMPANY ROSE LATA NO RETORNABLE 269.0,195,14869.88848,269,0.269841326,-0.154275179,0,-182503331.3,162283730,-20219601.31,Super Premium,BBC Rose CAN 269,12.3781004,4000,269
2024-06,BOGOTA BEER COMPANY ROSE LATA NO RETORNABLE 269.0,464.82,14869.88848,269,0.269841326,-0.10544078,0,-437876974.4,409171329.8,-28705644.56,Super Premium,BBC Rose CAN 269,209.033493,4000,269
2024-07,BOGOTA BEER COMPANY ROSE LATA NO RETORNABLE 269.0,398.73,14869.88848,269,0.269841326,-0.269945714,0,-373735821.7,286447714,-87288107.66,Super Premium,BBC Rose CAN 269,329.0498047,4000,269
2024-08,BOGOTA BEER COMPANY ROSE LATA NO RETORNABLE 269.0,589.51,14869.88848,269,0.269841326,-0.3042455,0,-553566427.4,403606817.6,-149959609.7,Super Premium,BBC Rose CAN 269,248.5856018,4000,269
2024-09,BOGOTA BEER COMPANY ROSE LATA NO RETORNABLE 269.0,674.38,14869.88848,269,0.269841326,-0.324241319,0,-635315333,448443370.9,-186871962.1,Super Premium,BBC Rose CAN 269,416.7283936,4000,269
2024-10,BOGOTA BEER COMPANY ROSE LATA NO RETORNABLE 269.0,707.41,14869.88848,269,0.269841326,-0.207510833,0,-665008613.8,551665496.5,-113343117.3,Super Premium,BBC Rose CAN 269,540.0817261,4000,269
2024-11,BOGOTA BEER COMPANY ROSE LATA NO RETORNABLE 269.0,-134.28,14869.88848,269,0.269841326,0.237867163,0,129627396.3,-163567369,-33939972.68,Super Premium,BBC Rose CAN 269,334.2404137,4000,269
2024-12,BOGOTA BEER COMPANY ROSE LATA NO RETORNABLE 269.0,680.78,14869.88848,269,0.269841326,0.002410935,0,-643372404.2,671527616,28155211.84,Super Premium,BBC Rose CAN 269,359.0118271,4000,269
2025-01,BOGOTA BEER COMPANY ROSE LATA NO RETORNABLE 269.0,510.58,14869.88848,269,0.269841326,-0.394332088,0,-350862909.7,304305399.2,-46557510.54,Super Premium,BBC Rose CAN 269,499.7022294,4000,269
2025-02,BOGOTA BEER COMPANY ROSE LATA NO RETORNABLE 269.0,406.94,14869.88848,269,0.242842895,-0.322891452,0,-278701773.9,277034077.1,-1667696.79,Super Premium,BBC Rose CAN 269,400.1138534,4000,269
2025-03,BOGOTA BEER COMPANY ROSE LATA NO RETORNABLE 269.0,325.34,14869.88848,269,0.242842895,-0.275472111,0,-223116096,236993855.1,13877759.12,Super Premium,BBC Rose CAN 269,474.2103999,4000,269
2025-04,BOGOTA BEER COMPANY ROSE LATA NO RETORNABLE 269.0,237.39,14869.88848,269,0.242842895,-0.255791843,0,-162644785.4,177623884.1,14979098.65,Super Premium,BBC Rose CAN 269,396.3870784,4000,269
2025-05,BOGOTA BEER COMPANY ROSE LATA NO RETORNABLE 269.0,172.12,14869.88848,269,0.242842895,-0.310048384,0,-118159665,119397295.5,1237630.5,Super Premium,BBC Rose CAN 269,327.1624362,4000,269
2025-06,BOGOTA BEER COMPANY ROSE LATA NO RETORNABLE 269.0,158.49176,14869.88848,269,0.242842895,-0.434764018,0.000332795,-108741791.2,90123205.47,-18618585.68,Super Premium,BBC Rose CAN 269,278.7951422,4000,269
2025-07,BOGOTA BEER COMPANY ROSE LATA NO RETORNABLE 269.0,247.31,14869.88848,269,0.242842895,-0.19196522,4.41249E-20,-169255572.2,200916797.7,31661225.57,Super Premium,BBC Rose CAN 269,210.4207279,4000,269
2025-08,BOGOTA BEER COMPANY ROSE LATA NO RETORNABLE 269.0,86.55673,14869.88848,269,0.240772922,-0.509404275,0.000536001,-59658596.57,42812173.14,-16846423.43,Super Premium,BBC Rose CAN 269,181.1562549,4000,269
2024-01,BUDWEISER T. BOTELLA NO RETORNABLE 250.0,3097.81,10000,250,0.224489596,-0.155706838,-0.193445527,-1014775403,1383668478,368893075.5,Core+,Budweiser NRB 250,10379.10742,2500,250
2024-02,BUDWEISER T. BOTELLA NO RETORNABLE 250.0,3435.17,10000,250,0.224489596,-0.130495247,-0.194220357,-1112509916,1591962699,479452783.3,Core+,Budweiser NRB 250,7225.594727,2500,250
2024-03,BUDWEISER T. BOTELLA NO RETORNABLE 250.0,4510,10000,250,0.224489596,-0.101678044,-0.193874478,-1436818136,2180334361,743516225.2,Core+,Budweiser NRB 250,6423.742676,2500,250
2024-04,BUDWEISER T. BOTELLA NO RETORNABLE 250.0,2826.62,10000,250,0.224489596,-0.123014197,-0.193926905,-900210912.6,1325023314,424812401.8,Core+,Budweiser NRB 250,6066.381836,2500,250
2024-05,BUDWEISER T. BOTELLA NO RETORNABLE 250.0,4049.04,10000,250,0.224489596,-0.098480738,-0.194603858,-1282287126,1964343579,682056453,Core+,Budweiser NRB 250,6519.492188,2500,250
2024-06,BUDWEISER T. BOTELLA NO RETORNABLE 250.0,2356.26,10000,250,0.224489596,-0.098315942,-0.194888717,-753683570,1142917358,389233787.8,Core+,Budweiser NRB 250,6009.717285,2500,250
2024-07,BUDWEISER T. BOTELLA NO RETORNABLE 250.0,3722.28,10000,250,0.224489596,-0.081192925,-0.194961985,-1173431161,1849066844,675635682.8,Core+,Budweiser NRB 250,7057.409668,2500,250
2024-08,BUDWEISER T. BOTELLA NO RETORNABLE 250.0,3608.5,10000,250,0.224489596,-0.073141417,-0.192832683,-1165351062,1817757867,652406805.1,Core+,Budweiser NRB 250,5917.521973,2500,250
2024-09,BUDWEISER T. BOTELLA NO RETORNABLE 250.0,3863.1,10000,250,0.224489596,-0.068103143,-0.194203185,-1216295563,1955734729,739439166.6,Core+,Budweiser NRB 250,5809.806641,2500,250
2024-10,BUDWEISER T. BOTELLA NO RETORNABLE 250.0,3029.27,10000,250,0.224489596,-0.070687784,-0.194489601,-959239654.3,1527630907,568391252.6,Core+,Budweiser NRB 250,5846.753418,2500,250
2024-11,BUDWEISER T. BOTELLA NO RETORNABLE 250.0,1862.48,10000,250,0.224489596,-0.071188265,-0.19424104,-619614214.8,938908251.8,319294037,Core+,Budweiser NRB 250,4399.850104,2500,250
2024-12,BUDWEISER T. BOTELLA NO RETORNABLE 250.0,1284.67,10000,250,0.224489596,-0.048788391,-0.193264728,-400016839.7,668233574.1,268216734.4,Core+,Budweiser NRB 250,3936.916818,2500,250
2025-01,BUDWEISER T. BOTELLA NO RETORNABLE 250.0,2693.16,10000,250,0.224489596,-0.050174936,-0.194187888,-959956199.3,1396604416,436648216.7,Core+,Budweiser NRB 250,3493.134344,2500,250
2025-02,BUDWEISER T. BOTELLA NO RETORNABLE 250.0,1139.04,10000,250,0.224489596,-0.300688396,-0.190298585,-655788440.9,397892547.5,-257895893.4,Core+,Budweiser NRB 250,3196.266525,2500,250
2025-03,BUDWEISER T. BOTELLA NO RETORNABLE 250.0,2083.79,10000,250,0.224489596,-0.140828594,-0.19116793,-1172824450,955279836.2,-217544613.9,Core+,Budweiser NRB 250,3255.544346,2500,250
2025-04,BUDWEISER T. BOTELLA NO RETORNABLE 250.0,1295.75,10200,250,0.223999808,-0.118445743,-0.191773639,-734442651.1,625898722.5,-108543928.6,Core+,Budweiser NRB 250,2892.060433,2550,250
2025-05,BUDWEISER T. BOTELLA NO RETORNABLE 250.0,1459.43,10800,250,0.22264134,-0.231957857,-0.179535838,-822811037,637546854.7,-185264182.3,Core+,Budweiser NRB 250,3072.261628,2700,250
2025-06,BUDWEISER T. BOTELLA NO RETORNABLE 250.0,1447.6525,10800,250,0.22264134,-0.177034363,-0.182800829,-550595909.7,687913510,137317600.3,Core+,Budweiser NRB 250,2818.35853,2700,250
2025-07,BUDWEISER T. BOTELLA NO RETORNABLE 250.0,2133.93,10800,250,0.22264134,-0.114098086,-0.177717537,-1215530796,1121771053,-93759743.45,Core+,Budweiser NRB 250,2876.196058,2700,250
2025-08,BUDWEISER T. BOTELLA NO RETORNABLE 250.0,1117.2975,10800,250,0.22264134,-0.052011231,-0.180853073,-408214511.3,636236729.2,228022217.9,Core+,Budweiser NRB 250,2733.115237,2700,250
2025-05,BUDWEISER T. BOTELLA RETORNABLE 330.0,279.88,9090.909091,330,0.217861928,-0.075049208,-0.25003354,-33378101.14,118490817,85112715.88,Core+,Budweiser RB 330,75.33742465,3000,330
2025-06,BUDWEISER T. BOTELLA RETORNABLE 330.0,297.42,9090.909091,330,0.217861928,-0.085502239,-0.251579894,-32077255.84,123677925.9,91600670.06,Core+,Budweiser RB 330,224.7458625,3000,330
2025-07,BUDWEISER T. BOTELLA RETORNABLE 330.0,422.16,9090.909091,330,0.217861928,-0.103563746,-0.248873981,-44407105.13,171482939.6,127075834.4,Core+,Budweiser RB 330,215.8613399,3000,330
2025-08,BUDWEISER T. BOTELLA RETORNABLE 330.0,1257.03,9090.909091,330,0.217861928,-0.107176941,-0.248429471,-132409026.6,508111649.3,375702622.6,Core+,Budweiser RB 330,632.1917498,3000,330
2024-01,BUDWEISER T. LATA NO RETORNABLE 269.0,25007.54,9293.680297,269,0.2096773,-0.175868581,-0.210155015,-8011005079,9912743965,1901738886,Core+,Budweiser CAN 269,42925.07813,2500,269
2024-02,BUDWEISER T. LATA NO RETORNABLE 269.0,18372.24,9293.680297,269,0.2096773,-0.108556482,-0.211793326,-5841193622,8061554418,2220360796,Core+,Budweiser CAN 269,34315.66406,2500,269
2024-03,BUDWEISER T. LATA NO RETORNABLE 269.0,19874.98,9293.680297,269,0.2096773,-0.112787336,-0.20918923,-6308334387,8700067867,2391733481,Core+,Budweiser CAN 269,33437.51563,2500,269
2024-04,BUDWEISER T. LATA NO RETORNABLE 269.0,19540.42,9293.680297,269,0.2096773,-0.112373982,-0.206795322,-6153252730,8589032749,2435780020,Core+,Budweiser CAN 269,32113.8457,2500,269
2024-05,BUDWEISER T. LATA NO RETORNABLE 269.0,19644.01,9293.680297,269,0.2096773,-0.178873183,-0.207671537,-6200028758,7780084093,1580055335,Core+,Budweiser CAN 269,32018.18359,2500,269
2024-06,BUDWEISER T. LATA NO RETORNABLE 269.0,19747.48,9293.680297,269,0.2096773,-0.197981298,-0.209072794,-6256380020,7559585716,1303205696,Core+,Budweiser CAN 269,33179.51172,2500,269
2024-07,BUDWEISER T. LATA NO RETORNABLE 269.0,30060.01,8457.249071,269,0.210642865,-0.078560202,-0.230093781,-9475943356,12199743467,2723800111,Core+,Budweiser CAN 269,35463.64844,2275,269
2024-08,BUDWEISER T. LATA NO RETORNABLE 269.0,28005.27,8178.438662,269,0.211009012,-0.06672047,-0.232726679,-8871768471,11134141424,2262372953,Core+,Budweiser CAN 269,34189.01563,2200,269
2024-09,BUDWEISER T. LATA NO RETORNABLE 269.0,15269.9,8921.933086,269,0.210083981,-0.093174939,-0.187125667,-4870893033,6809007591,1938114558,Core+,Budweiser CAN 269,32647.41016,2400,269
2024-10,BUDWEISER T. LATA NO RETORNABLE 269.0,21687.27,9293.680297,269,0.209677419,-0.104865094,-0.181238355,-6859187829,9995657419,3136469590,Core+,Budweiser CAN 269,33027.27344,2500,269
2024-11,BUDWEISER T. LATA NO RETORNABLE 269.0,20250.7,9293.680297,269,0.209677419,-0.117541389,-0.182215651,-6427484367,9155034474,2727550107,Core+,Budweiser CAN 269,28958.05491,2500,269
2024-12,BUDWEISER T. LATA NO RETORNABLE 269.0,19267.25,9293.680297,269,0.209677419,-0.081337206,-0.183646851,-6094291023,9142978225,3048687202,Core+,Budweiser CAN 269,36320.74692,2500,269
2025-01,BUDWEISER T. LATA NO RETORNABLE 269.0,19236.91,9293.680297,269,0.209677419,-0.14472479,-0.182886604,-5179864482,8350776334,3170911852,Core+,Budweiser CAN 269,40754.93595,2500,269
2025-02,BUDWEISER T. LATA NO RETORNABLE 269.0,16216.52,9293.680297,269,0.209677419,-0.10904878,-0.183509622,-4382046588,7406609514,3024562926,Core+,Budweiser CAN 269,27284.48108,2500,269
2025-03,BUDWEISER T. LATA NO RETORNABLE 269.0,14741.58,9293.680297,269,0.209677407,-0.105671836,-0.182854659,-3959802650,6771329743,2811527093,Core+,Budweiser CAN 269,26325.19637,2500,269
2025-04,BUDWEISER T. LATA NO RETORNABLE 269.0,13752.13,9200.743494,269,0.174203143,-0.184897728,-0.179453929,-3590628419,5755984443,2165356024,Core+,Budweiser CAN 269,26446.14974,2475,269
2025-05,BUDWEISER T. LATA NO RETORNABLE 269.0,11588.32,10037.17472,269,0.220587128,-0.099426362,-0.178837501,-3117931809,5779558541,2661626733,Core+,Budweiser CAN 269,24862.12943,2700,269
2025-06,BUDWEISER T. LATA NO RETORNABLE 269.0,12137.86,10037.17472,269,0.210083925,-0.242111246,-0.185217864,-3278506477,4845027689,1566521212,Core+,Budweiser CAN 269,25005.10556,2700,269
2025-07,BUDWEISER T. LATA NO RETORNABLE 269.0,11243.17,10037.17472,269,0.210083925,-0.112483641,-0.182974796,-3061936329,5521339173,2459402844,Core+,Budweiser CAN 269,26736.0181,2700,269
2025-08,BUDWEISER T. LATA NO RETORNABLE 269.0,20027.53,10037.17472,269,0.210083925,-0.102146936,-0.185534597,-5248337541,9943759823,4695422283,Core+,Budweiser CAN 269,24874.4688,2700,269
2024-01,BUDWEISER T. LATA NO RETORNABLE 355.0,-3.43,9295.774648,355,0.20456244,0,-0.182173596,1035035.198,-1819133.435,-784098.2369,Core+,Budweiser CAN 355,264.9364929,3300,355
2024-02,BUDWEISER T. LATA NO RETORNABLE 355.0,-1.21,9295.774648,355,0.20456244,0,-0.185833194,340096.2599,-638863.4911,-298767.2312,Core+,Budweiser CAN 355,208.456604,3300,355
2024-03,BUDWEISER T. LATA NO RETORNABLE 355.0,-0.3,9295.774648,355,0.20456244,0,-0.18671028,83880.143,-158225.2702,-74345.12721,Core+,Budweiser CAN 355,120.391098,3300,355
2024-04,BUDWEISER T. LATA NO RETORNABLE 355.0,0,9295.774648,355,0.20456244,0,-0.18232489,0,0,0,Core+,Budweiser CAN 355,210.7348022,3300,355
2024-05,BUDWEISER T. LATA NO RETORNABLE 355.0,0,9295.774648,355,0.20456244,0,-0.186898484,0,0,0,Core+,Budweiser CAN 355,178.782196,3300,355
2024-06,BUDWEISER T. LATA NO RETORNABLE 355.0,-0.47,9295.774648,355,0.20456244,0,-0.215324104,131001.6947,-239164.9195,-108163.2248,Core+,Budweiser CAN 355,40.33269882,3300,355
2024-07,BUDWEISER T. LATA NO RETORNABLE 355.0,-0.01,9295.774648,355,0.20456244,0,-0.186820799,2787.2701,-5273.458954,-2486.188854,Core+,Budweiser CAN 355,172.1959076,3300,355
2024-08,BUDWEISER T. LATA NO RETORNABLE 355.0,0,9295.774648,355,0.20456244,0,-0.18232489,0,0,0,Core+,Budweiser CAN 355,40.51369858,3300,355
2024-09,BUDWEISER T. LATA NO RETORNABLE 355.0,0,9295.774648,355,0.20456244,0,0,0,0,0,Core+,Budweiser CAN 355,14.62800026,3300,355
2024-01,BUSCH LIGHT LATA NO RETORNABLE 330.0,-0.13,6060.606061,330,0.227621483,0,-0.220476392,35411.8271,-42041.40673,-6629.579634,Value,Busch Light CAN 330,86.44779968,2000,330
2024-02,BUSCH LIGHT LATA NO RETORNABLE 330.0,-0.14,6060.606061,330,0.227621483,0,-0.220571299,38135.8138,-45269.84881,-7134.035011,Value,Busch Light CAN 330,28.70350075,2000,330
2024-03,BUSCH LIGHT LATA NO RETORNABLE 330.0,-0.03,6060.606061,330,0.227621483,0,-0.220539725,8171.9601,-9701.074846,-1529.114746,Value,Busch Light CAN 330,36.99160004,2000,330
2024-05,BUSCH LIGHT LATA NO RETORNABLE 330.0,0,6060.606061,330,0.227621483,0,0,0,0,0,Value,Busch Light CAN 330,13.3817997,2000,330
2024-08,BUSCH LIGHT LATA NO RETORNABLE 330.0,-0.05,6060.606061,330,0.227621483,0,-0.220535846,13619.9335,-16168.53856,-2548.605057,Value,Busch Light CAN 330,1.92869997,2000,330
2024-01,CLUB COLOMBIA NEGRA BOTELLA NO RETORNABLE 330.0,61.97,9090.909091,330,0.217244385,-0.414484899,-0.208757779,-23981983.92,14652973.74,-9329010.182,Core+,Club Colombia Negra NRB 330,61.05649948,3000,330
2024-02,CLUB COLOMBIA NEGRA BOTELLA NO RETORNABLE 330.0,4.07,9090.909091,330,0.217244385,-0.003833898,-0.213056541,-1578790.849,2000320.146,421529.2974,Core+,Club Colombia Negra NRB 330,72.60079956,3000,330
2024-03,CLUB COLOMBIA NEGRA BOTELLA NO RETORNABLE 330.0,3.16,9090.909091,330,0.217244385,-0.004053957,-0.216114058,-1225280.451,1546573.983,321293.5323,Core+,Club Colombia Negra NRB 330,93.35320282,3000,330
2024-04,CLUB COLOMBIA NEGRA BOTELLA NO RETORNABLE 330.0,35.73,9090.909091,330,0.217244385,-0.14016839,-0.230239286,-13841118.86,14118059.7,276940.8416,Core+,Club Colombia Negra NRB 330,127.8498993,3000,330
2024-05,CLUB COLOMBIA NEGRA BOTELLA NO RETORNABLE 330.0,62.11,9090.909091,330,0.217244385,-0.764830763,-0.230615957,-24180988.61,177487.7928,-24003500.82,Core+,Club Colombia Negra NRB 330,83.45739746,3000,330
2024-06,CLUB COLOMBIA NEGRA BOTELLA NO RETORNABLE 330.0,60.44,9090.909091,330,0.217244385,-0.238868707,-0.209599808,-24306571.41,20920754.33,-3385817.084,Core+,Club Colombia Negra NRB 330,65.25309753,3000,330
2024-07,CLUB COLOMBIA NEGRA BOTELLA NO RETORNABLE 330.0,86.22,9090.909091,330,0.217244385,-0.246909225,-0.221381654,-33556300.21,28771645.63,-4784654.58,Core+,Club Colombia Negra NRB 330,49.18719864,3000,330
2024-08,CLUB COLOMBIA NEGRA BOTELLA NO RETORNABLE 330.0,61.16,9090.909091,330,0.217244385,-0.127686896,-0.231292789,-24268420.61,24604913.56,336492.947,Core+,Club Colombia Negra NRB 330,58.68560028,3000,330
2024-09,CLUB COLOMBIA NEGRA BOTELLA NO RETORNABLE 330.0,63.37,9595.959596,330,0.217786158,-0.041580812,-0.251545196,-24673684.13,29661706.01,4988021.872,Core+,Club Colombia Negra NRB 330,54.32989883,3166.666667,330
2024-10,CLUB COLOMBIA NEGRA BOTELLA NO RETORNABLE 330.0,52.94,12121.21212,330,0.219822109,-0.124769295,-0.196385424,-20510837.77,30009401.21,9498563.433,Core+,Club Colombia Negra NRB 330,26.15130043,4000,330
2024-11,CLUB COLOMBIA NEGRA BOTELLA NO RETORNABLE 330.0,15.86,12121.21212,330,0.219822109,-0.229400948,-0.177340709,-6143104.989,7856871.072,1713766.083,Core+,Club Colombia Negra NRB 330,55.48175744,4000,330
2024-01,CLUB COLOMBIA NEGRA BOTELLA RETORNABLE 330.0,1231.99,9090.909091,330,0.216216216,-0.037145397,-0.239218409,-152237179.2,559985816.2,407748637,Core+,Club Colombia Negra RB 330,2809.55542,3000,330
2024-02,CLUB COLOMBIA NEGRA BOTELLA RETORNABLE 330.0,1181.63,9090.909091,330,0.216216161,-0.081684318,-0.236903696,-146817908.2,505755786.3,358937878.1,Core+,Club Colombia Negra RB 330,2081.891602,3000,330
2024-03,CLUB COLOMBIA NEGRA BOTELLA RETORNABLE 330.0,879.17,9090.909091,330,0.216216052,-0.056828477,-0.237563784,-108960754.6,389659992.9,280699238.3,Core+,Club Colombia Negra RB 330,1919.137939,3000,330
2024-04,CLUB COLOMBIA NEGRA BOTELLA RETORNABLE 330.0,1858.98,9090.909091,330,0.216216052,-0.073229734,-0.237378649,-230509872.5,804989726.9,574479854.4,Core+,Club Colombia Negra RB 330,2102.046631,3000,330
2024-05,CLUB COLOMBIA NEGRA BOTELLA RETORNABLE 330.0,1768.8,9090.909091,330,0.216216052,-0.068008889,-0.23757919,-218541522.3,771517035.2,552975512.9,Core+,Club Colombia Negra RB 330,2330.674561,3000,330
2024-06,CLUB COLOMBIA NEGRA BOTELLA RETORNABLE 330.0,1194.85,9090.909091,330,0.216216052,-0.04532397,-0.238362361,-147986202.9,537608651.2,389622448.3,Core+,Club Colombia Negra RB 330,2538.993896,3000,330
2024-07,CLUB COLOMBIA NEGRA BOTELLA RETORNABLE 330.0,1801.03,9090.909091,330,0.216216052,-0.049107149,-0.237088529,-223019534.4,807513408.8,584493874.4,Core+,Club Colombia Negra RB 330,2684.583984,3000,330
2024-08,CLUB COLOMBIA NEGRA BOTELLA RETORNABLE 330.0,1814.15,9090.909091,330,0.216216052,-0.056843885,-0.236497802,-224551967.9,805252881.8,580700913.9,Core+,Club Colombia Negra RB 330,2893.939209,3000,330
2024-09,CLUB COLOMBIA NEGRA BOTELLA RETORNABLE 330.0,1697.55,9191.919192,330,0.216306392,-0.056900317,-0.239042161,-210556410.5,759009068.9,548452658.4,Core+,Club Colombia Negra RB 330,2693.672607,3033.333333,330
2024-10,CLUB COLOMBIA NEGRA BOTELLA RETORNABLE 330.0,1666.95,9696.969697,330,0.216730038,-0.060665764,-0.22680465,-207105773.1,795463620.8,588357847.7,Core+,Club Colombia Negra RB 330,2421.362793,3200,330
2024-11,CLUB COLOMBIA NEGRA BOTELLA RETORNABLE 330.0,1120.75,9696.969697,330,0.216730038,-0.067487954,-0.228603125,-139024568.5,528347995.6,389323427.1,Core+,Club Colombia Negra RB 330,2333.491487,3200,330
2024-12,CLUB COLOMBIA NEGRA BOTELLA RETORNABLE 330.0,72.4,9696.969697,330,0.216730038,-0.057944171,-0.228197393,-9346507.696,34613499.51,25266991.81,Core+,Club Colombia Negra RB 330,2193.723773,3200,330
2025-01,CLUB COLOMBIA NEGRA BOTELLA RETORNABLE 330.0,793.5,9696.969697,330,0.216730038,-0.009248603,-0.227294218,-106582487.3,405720041.7,299137554.5,Core+,Club Colombia Negra RB 330,1714.099066,3200,330
2025-02,CLUB COLOMBIA NEGRA BOTELLA RETORNABLE 330.0,1687.28,9696.969697,330,0.216730038,-0.034254513,-0.229466057,-224330122,832002580.3,607672458.3,Core+,Club Colombia Negra RB 330,1683.578829,3200,330
2025-03,CLUB COLOMBIA NEGRA BOTELLA RETORNABLE 330.0,1425.44,9696.969697,330,0.216729925,-0.028478335,-0.22844626,-191907496.9,709376367.7,517468870.8,Core+,Club Colombia Negra RB 330,2166.624755,3200,330
2025-04,CLUB COLOMBIA NEGRA BOTELLA RETORNABLE 330.0,978.697,9772.727273,330,0.198142274,-0.052832144,-0.234587104,-132857352.8,478016370.4,345159017.6,Core+,Club Colombia Negra RB 330,2538.594671,3225,330
2025-05,CLUB COLOMBIA NEGRA BOTELLA RETORNABLE 330.0,1009.06,10606.06061,330,0.216686067,-0.015940383,-0.228668048,-132308096.3,558364415.4,426056319.1,Core+,Club Colombia Negra RB 330,2198.302179,3500,330
2025-06,CLUB COLOMBIA NEGRA BOTELLA RETORNABLE 330.0,466.927,10606.06061,330,0.216686067,-0.032116084,-0.228847627,-61892160.91,252780378.9,190888218,Core+,Club Colombia Negra RB 330,2209.451982,3500,330
2025-07,CLUB COLOMBIA NEGRA BOTELLA RETORNABLE 330.0,55.01,10606.06061,330,0.216686067,-0.236067953,-0.225917715,-7988364.197,21680240.63,13691876.44,Core+,Club Colombia Negra RB 330,1540.32688,3500,330
2025-08,CLUB COLOMBIA NEGRA BOTELLA RETORNABLE 330.0,12.93,10606.06061,330,0.215277925,-0.062221148,-0.230686647,-1823766.703,6705113.108,4881346.406,Core+,Club Colombia Negra RB 330,882.833707,3500,330
2024-01,CLUB COLOMBIA NEGRA LATA NO RETORNABLE 330.0,1403.15,10606.06061,330,0.210374417,-0.268734138,-0.181391687,-355901701.8,568139299.7,212237598,Core+,Club Colombia Negra CAN 330,2493.433594,3500,330
2024-02,CLUB COLOMBIA NEGRA LATA NO RETORNABLE 330.0,2203.86,10606.06061,330,0.210374417,-0.201071976,-0.178948614,-557831068.9,1006117439,448286370,Core+,Club Colombia Negra CAN 330,2172.320801,3500,330
2024-03,CLUB COLOMBIA NEGRA LATA NO RETORNABLE 330.0,1177.53,10606.06061,330,0.210374417,-0.138759893,-0.179387721,-298580064.1,591220865.1,292640801,Core+,Club Colombia Negra CAN 330,2228.185547,3500,330
2024-04,CLUB COLOMBIA NEGRA LATA NO RETORNABLE 330.0,2688.96,10606.06061,330,0.210374417,-0.175985937,-0.1792206,-681103666.8,1276710339,595606672.6,Core+,Club Colombia Negra CAN 330,1875.561646,3500,330
2024-05,CLUB COLOMBIA NEGRA LATA NO RETORNABLE 330.0,2542.29,10606.06061,330,0.210374417,-0.326171625,-0.17893577,-642757057.4,926453147.6,283696090.2,Core+,Club Colombia Negra CAN 330,2211.136475,3500,330
2024-06,CLUB COLOMBIA NEGRA LATA NO RETORNABLE 330.0,2597.68,10606.06061,330,0.210374417,-0.190389386,-0.18234615,-658197473.7,1199841124,541643650.3,Core+,Club Colombia Negra CAN 330,2263.469238,3500,330
2024-07,CLUB COLOMBIA NEGRA LATA NO RETORNABLE 330.0,2285.58,10606.06061,330,0.210374417,-0.237380351,-0.17878746,-578469815.6,982588937.6,404119121.9,Core+,Club Colombia Negra CAN 330,3278.229736,3500,330
2024-08,CLUB COLOMBIA NEGRA LATA NO RETORNABLE 330.0,3285.97,10606.06061,330,0.210374417,-0.1727192,-0.179166347,-832627388,1568204544,735577156,Core+,Club Colombia Negra CAN 330,2773.860352,3500,330
2024-09,CLUB COLOMBIA NEGRA LATA NO RETORNABLE 330.0,3193.06,10606.06061,330,0.210374417,-0.136524907,-0.179222361,-807844076.5,1608833228,800989152,Core+,Club Colombia Negra CAN 330,3366.002686,3500,330
2024-10,CLUB COLOMBIA NEGRA LATA NO RETORNABLE 330.0,2816.88,10606.06061,330,0.210374417,-0.193094606,-0.179631742,-713149641.4,1301106360,587956718.2,Core+,Club Colombia Negra CAN 330,2937.600098,3500,330
2024-11,CLUB COLOMBIA NEGRA LATA NO RETORNABLE 330.0,822.09,10606.06061,330,0.210374417,-0.222960282,-0.178341987,-208643441,362421859.9,153778418.9,Core+,Club Colombia Negra CAN 330,2119.236291,3500,330
2024-12,CLUB COLOMBIA NEGRA LATA NO RETORNABLE 330.0,104.68,10606.06061,330,0.210374417,-0.210680499,-0.177829787,-26622226.26,47134649.05,20512422.79,Core+,Club Colombia Negra CAN 330,2285.236875,3500,330
2025-01,CLUB COLOMBIA NEGRA LATA NO RETORNABLE 330.0,425.24,10606.06061,330,0.210374417,-0.034622063,-0.17817724,-98404196.04,246494360.1,148090164,Core+,Club Colombia Negra CAN 330,1523.256745,3500,330
2025-02,CLUB COLOMBIA NEGRA LATA NO RETORNABLE 330.0,2084.08,11212.12121,330,0.209809032,-0.064411946,-0.178410585,-490938219,1228955249,738017029.9,Core+,Club Colombia Negra CAN 330,1114.505709,3700,330
2025-03,CLUB COLOMBIA NEGRA LATA NO RETORNABLE 330.0,3400.24,11212.12121,330,0.209809032,-0.155062915,-0.177461034,-776079811.7,1767540039,991460227.4,Core+,Club Colombia Negra CAN 330,1360.582922,3700,330
2025-04,CLUB COLOMBIA NEGRA LATA NO RETORNABLE 330.0,919.1518,11060.60606,330,0.193460262,-0.212815108,-0.177805815,-219257440.3,436213177.5,216955737.2,Core+,Club Colombia Negra CAN 330,1576.534855,3650,330
2025-05,CLUB COLOMBIA NEGRA LATA NO RETORNABLE 330.0,1295.4489,11212.12121,330,0.209809032,-0.106322756,-0.178349698,-308282358.8,721687587.2,413405228.4,Core+,Club Colombia Negra CAN 330,1511.727219,3700,330
2025-06,CLUB COLOMBIA NEGRA LATA NO RETORNABLE 330.0,1125.0522,11212.12121,330,0.209809032,-0.174115132,-0.179450239,-269231486.9,566397446.3,297165959.4,Core+,Club Colombia Negra CAN 330,1718.978369,3700,330
2025-07,CLUB COLOMBIA NEGRA LATA NO RETORNABLE 330.0,103.8,11212.12121,330,0.209809032,-0.648192702,-0.176841187,-24718216.71,14144099.15,-10574117.56,Core+,Club Colombia Negra CAN 330,1396.791716,3700,330
2025-08,CLUB COLOMBIA NEGRA LATA NO RETORNABLE 330.0,51.16,11212.12121,330,0.208985567,-0.339358633,-0.176903189,-11995366.63,19286819.09,7291452.458,Core+,Club Colombia Negra CAN 330,880.952298,3700,330
2024-01,CLUB COLOMBIA OKTOBERFEST BOTELLA RETORNABLE 330.0,247.9,9090.909091,330,0.216216216,-0.048484589,-0.266201469,-29154990.34,106712589.3,77557598.95,Core+,Club Colombia oktoberfest RB 330,700.7562866,3000,330
2024-02,CLUB COLOMBIA OKTOBERFEST BOTELLA RETORNABLE 330.0,492.01,9090.909091,330,0.216216122,-0.136918816,-0.266369921,-58495481.13,184411398.8,125915917.7,Core+,Club Colombia oktoberfest RB 330,404.3443909,3000,330
2024-03,CLUB COLOMBIA OKTOBERFEST BOTELLA RETORNABLE 330.0,707.37,9090.909091,330,0.216215934,-0.369125659,-0.266738269,-135503461.6,161793103.4,26289641.77,Core+,Club Colombia oktoberfest RB 330,347.9512939,3000,330
2024-04,CLUB COLOMBIA OKTOBERFEST BOTELLA RETORNABLE 330.0,109.5,9090.909091,330,0.216215934,-0.231703298,-0.26608578,-12899031.88,34542195.47,21643163.59,Core+,Club Colombia oktoberfest RB 330,227.6412964,3000,330
2024-05,CLUB COLOMBIA OKTOBERFEST BOTELLA RETORNABLE 330.0,2.24,9090.909091,330,0.216215934,42.22259801,-0.266861167,-262842.4132,60439220.73,60176378.32,Core+,Club Colombia oktoberfest RB 330,214.6013947,3000,330
2024-06,CLUB COLOMBIA OKTOBERFEST BOTELLA RETORNABLE 330.0,-0.07,9090.909091,330,0.216215934,0,-0.267029653,8047.5626,-32228.05603,-24180.49343,Core+,Club Colombia oktoberfest RB 330,109.487999,3000,330
2024-07,CLUB COLOMBIA OKTOBERFEST BOTELLA RETORNABLE 330.0,0,9090.909091,330,0.216215934,0,0,0,0,0,Core+,Club Colombia oktoberfest RB 330,124.3016968,3000,330
2024-01,CLUB COLOMBIA OKTOBERFEST LATA NO RETORNABLE 330.0,121.15,10606.06061,330,0.218274112,-0.292953809,-0.202683591,-30203409.18,44702150.95,14498741.77,Core+,Club Colombia oktoberfest CAN 330,1206.113647,3500,330
2024-02,CLUB COLOMBIA OKTOBERFEST LATA NO RETORNABLE 330.0,-0.56,10606.06061,330,0.218274158,0.000475774,-0.202745843,141185.6876,-326818.043,-185632.3554,Core+,Club Colombia oktoberfest CAN 330,455.8638,3500,330
2024-03,CLUB COLOMBIA OKTOBERFEST LATA NO RETORNABLE 330.0,26.64,10606.06061,330,0.21827425,-0.003438641,-0.202978272,-6766134.434,15466380.92,8700246.488,Core+,Club Colombia oktoberfest CAN 330,267.8794861,3500,330
2024-04,CLUB COLOMBIA OKTOBERFEST LATA NO RETORNABLE 330.0,1.67,10606.06061,330,0.21827425,-0.004234959,-0.203151479,-423793.4882,968367.1499,544573.6617,Core+,Club Colombia oktoberfest CAN 330,256.1984863,3500,330
2024-05,CLUB COLOMBIA OKTOBERFEST LATA NO RETORNABLE 330.0,-5.67,10606.06061,330,0.21827425,4.022227885,-0.202740176,1436950.268,-19991529.13,-18554578.86,Core+,Club Colombia oktoberfest CAN 330,119.9569016,3500,330
2024-06,CLUB COLOMBIA OKTOBERFEST LATA NO RETORNABLE 330.0,-3.43,10606.06061,330,0.21827425,0,-0.202824987,870793.3378,-2000367.895,-1129574.557,Core+,Club Colombia oktoberfest CAN 330,64.90769958,3500,330
2024-07,CLUB COLOMBIA OKTOBERFEST LATA NO RETORNABLE 330.0,-0.26,10606.06061,330,0.21827425,0,-0.202747698,64402.3196,-151646.0869,-87243.76733,Core+,Club Colombia oktoberfest CAN 330,5.978700161,3500,330
2024-08,CLUB COLOMBIA OKTOBERFEST LATA NO RETORNABLE 330.0,-0.32,10606.06061,330,0.21827425,0,-0.202731138,81268.6272,-186645.2144,-105376.5872,Core+,Club Colombia oktoberfest CAN 330,22.23139954,3500,330
2024-10,CLUB COLOMBIA OKTOBERFEST LATA NO RETORNABLE 330.0,0,10606.06061,330,0.21827425,0,0,0,0,0,Core+,Club Colombia oktoberfest CAN 330,13.33409977,3500,330
2024-11,CLUB COLOMBIA OKTOBERFEST LATA NO RETORNABLE 330.0,-0.02,10606.06061,330,0.21827425,0,-0.20273124,4926.9092,-11665.32441,-6738.415206,Core+,Club Colombia oktoberfest CAN 330,2.416257054,3500,330
2024-01,CLUB COLOMBIA PREMIUM/EXTRA FINA BOTELLA NO RETORNABLE 330.0,2.37,9090.909091,330,0.219305394,-0.005338912,-0.21739755,-601302.2274,1154155.962,552853.7345,Core+,Club Colombia NRB 330,616.4105835,3000,330
2024-02,CLUB COLOMBIA PREMIUM/EXTRA FINA BOTELLA NO RETORNABLE 330.0,1141.74,9090.909091,330,0.219305394,-0.083465172,-0.244458563,-461048495.4,480765874.8,19717379.37,Core+,Club Colombia NRB 330,456.6769104,3000,330
2024-03,CLUB COLOMBIA PREMIUM/EXTRA FINA BOTELLA NO RETORNABLE 330.0,1137.07,9090.909091,330,0.219305394,-0.061111389,-0.245108408,-459127508.5,494261704.8,35134196.35,Core+,Club Colombia NRB 330,1428.747559,3000,330
2024-04,CLUB COLOMBIA PREMIUM/EXTRA FINA BOTELLA NO RETORNABLE 330.0,665.28,9090.909091,330,0.219305394,0,0,-266211226.5,416823624.8,150612398.3,Core+,Club Colombia NRB 330,462.5838928,3000,330
2024-05,CLUB COLOMBIA PREMIUM/EXTRA FINA BOTELLA NO RETORNABLE 330.0,266.11,9090.909091,330,0.219305394,0,0,-106483690.3,166728196.9,60244506.56,Core+,Club Colombia NRB 330,505.313385,3000,330
2024-06,CLUB COLOMBIA PREMIUM/EXTRA FINA BOTELLA NO RETORNABLE 330.0,532.22,9090.909091,330,0.219305394,0,0,-212967380.6,333456393.7,120489013.1,Core+,Club Colombia NRB 330,771.0872192,3000,330
2024-07,CLUB COLOMBIA PREMIUM/EXTRA FINA BOTELLA NO RETORNABLE 330.0,269.91,9090.909091,330,0.219305394,0,0,-108004257.1,169109043.7,61104786.61,Core+,Club Colombia NRB 330,832.9714966,3000,330
2024-08,CLUB COLOMBIA PREMIUM/EXTRA FINA BOTELLA NO RETORNABLE 330.0,432.43,9090.909091,330,0.219305394,0,0,-173036496.9,270934103.1,97897606.14,Core+,Club Colombia NRB 330,1067.07373,3000,330
2024-09,CLUB COLOMBIA PREMIUM/EXTRA FINA BOTELLA NO RETORNABLE 330.0,399.17,9343.434343,330,0.219277544,0,0,-159727536.2,257048394.5,97320858.25,Core+,Club Colombia NRB 330,617.15979,3083.333333,330
2024-10,CLUB COLOMBIA PREMIUM/EXTRA FINA BOTELLA NO RETORNABLE 330.0,665.28,10606.06061,330,0.2191582,0,0,-266211226.5,486352941.2,220141714.7,Core+,Club Colombia NRB 330,644.3497925,3500,330
2024-11,CLUB COLOMBIA PREMIUM/EXTRA FINA BOTELLA NO RETORNABLE 330.0,2335.95,10606.06061,330,0.2191582,-0.131337507,-0.206120433,-942410007.3,1131420583,189010575.3,Core+,Club Colombia NRB 330,302.985702,3500,330
2024-12,CLUB COLOMBIA PREMIUM/EXTRA FINA BOTELLA NO RETORNABLE 330.0,3028.61,10606.06061,330,0.2191582,-0.067519141,-0.205803561,-1221358738,1608911010,387552272.9,Core+,Club Colombia NRB 330,337.2246372,3500,330
2025-01,CLUB COLOMBIA PREMIUM/EXTRA FINA BOTELLA NO RETORNABLE 330.0,941.85,10606.06061,330,0.2191582,0,0,-427900321.9,688539438.5,260639116.6,Core+,Club Colombia NRB 330,483.1105846,3500,330
2025-02,CLUB COLOMBIA PREMIUM/EXTRA FINA BOTELLA NO RETORNABLE 330.0,1415.15,10606.06061,330,0.2191582,-0.11469532,-0.199453336,-597185027,709544354.3,112359327.3,Core+,Club Colombia NRB 330,321.901668,3500,330
2025-03,CLUB COLOMBIA PREMIUM/EXTRA FINA BOTELLA NO RETORNABLE 330.0,935.2,10606.06061,330,0.219158322,0,0,-424879100.7,683677887.8,258798787,Core+,Club Colombia NRB 330,419.706574,3500,330
2025-04,CLUB COLOMBIA PREMIUM/EXTRA FINA BOTELLA NO RETORNABLE 330.0,420.09,10227.27273,330,0.175617071,0,0,-190854856.1,307106731.4,116251875.3,Core+,Club Colombia NRB 330,328.682559,3375,330
2025-05,CLUB COLOMBIA PREMIUM/EXTRA FINA BOTELLA NO RETORNABLE 330.0,119.75,10606.06061,330,0.219158444,0,0,-54404696.66,87543219.51,33138522.85,Core+,Club Colombia NRB 330,370.1528172,3500,330
2025-06,CLUB COLOMBIA PREMIUM/EXTRA FINA BOTELLA NO RETORNABLE 330.0,402.97,10606.06061,330,0.219158444,0,0,-183076915.3,294591158,111514242.6,Core+,Club Colombia NRB 330,429.4706284,3500,330
2025-07,CLUB COLOMBIA PREMIUM/EXTRA FINA BOTELLA NO RETORNABLE 330.0,1072.05,12121.21212,330,0.219512273,0,0,-487052651.8,895422402.6,408369750.8,Core+,Club Colombia NRB 330,305.9451104,4000,330
2025-08,CLUB COLOMBIA PREMIUM/EXTRA FINA BOTELLA NO RETORNABLE 330.0,2030.75,12121.21212,330,0.219512414,-0.080776461,-0.200533007,-858635422.9,1219021176,360385753.5,Core+,Club Colombia NRB 330,281.9028804,4000,330
2024-01,CLUB COLOMBIA PREMIUM/EXTRA FINA BOTELLA RETORNABLE 330.0,33431.64,9090.909091,330,0.216216216,-0.127038563,-0.238428709,-4044611793,13324817590,9280205797,Core+,Club Colombia RB 330,63831.54297,3000,330
2024-02,CLUB COLOMBIA PREMIUM/EXTRA FINA BOTELLA RETORNABLE 330.0,32063.54,9090.909091,330,0.216216161,-0.153598197,-0.237283159,-3872999651,12267694311,8394694659,Core+,Club Colombia RB 330,53839.59766,3000,330
2024-03,CLUB COLOMBIA PREMIUM/EXTRA FINA BOTELLA RETORNABLE 330.0,31791.51,9090.909091,330,0.216216052,-0.056305349,-0.239351331,-3837189942,14065176263,10227986321,Core+,Club Colombia RB 330,56341.39453,3000,330
2024-04,CLUB COLOMBIA PREMIUM/EXTRA FINA BOTELLA RETORNABLE 330.0,32386.08,9090.909091,330,0.216216052,-0.097296007,-0.239052828,-3911730219,13500438273,9588708054,Core+,Club Colombia RB 330,55643.30469,3000,330
2024-05,CLUB COLOMBIA PREMIUM/EXTRA FINA BOTELLA RETORNABLE 330.0,35770.53,9090.909091,330,0.216216052,-0.066128646,-0.23761285,-4326029371,15643917251,11317887880,Core+,Club Colombia RB 330,55857.08594,3000,330
2024-06,CLUB COLOMBIA PREMIUM/EXTRA FINA BOTELLA RETORNABLE 330.0,33276.32,9090.909091,330,0.216216052,-0.059049322,-0.242726197,-4021239459,14594189674,10572950216,Core+,Club Colombia RB 330,57597.6875,3000,330
2024-07,CLUB COLOMBIA PREMIUM/EXTRA FINA BOTELLA RETORNABLE 330.0,37429.32,9090.909091,330,0.216216052,-0.054017588,-0.244562936,-4529511185,16490710971,11961199786,Core+,Club Colombia RB 330,59125.65625,3000,330
2024-08,CLUB COLOMBIA PREMIUM/EXTRA FINA BOTELLA RETORNABLE 330.0,32300.17,9090.909091,330,0.216216052,-0.043896955,-0.246300571,-3903738887,14400976419,10497237532,Core+,Club Colombia RB 330,57399.29688,3000,330
2024-09,CLUB COLOMBIA PREMIUM/EXTRA FINA BOTELLA RETORNABLE 330.0,35560.98,9191.919192,330,0.216306392,-0.065032644,-0.237115798,-4309786562,15759884154,11450097592,Core+,Club Colombia RB 330,53641.95703,3033.333333,330
2024-10,CLUB COLOMBIA PREMIUM/EXTRA FINA BOTELLA RETORNABLE 330.0,34259.15,9696.969697,330,0.216730038,-0.060401904,-0.227533346,-4144800065,16337700030,12192899965,Core+,Club Colombia RB 330,54549.35547,3200,330
2024-11,CLUB COLOMBIA PREMIUM/EXTRA FINA BOTELLA RETORNABLE 330.0,36406.16,9696.969697,330,0.216730038,-0.069727717,-0.229648926,-4403602409,17082614181,12679011772,Core+,Club Colombia RB 330,53775.40305,3200,330
2024-12,CLUB COLOMBIA PREMIUM/EXTRA FINA BOTELLA RETORNABLE 330.0,37850.85,9696.969697,330,0.216730038,-0.03177363,-0.230883654,-4586163737,18691315946,14105152209,Core+,Club Colombia RB 330,60765.82721,3200,330
2025-01,CLUB COLOMBIA PREMIUM/EXTRA FINA BOTELLA RETORNABLE 330.0,33966.92,9696.969697,330,0.216730038,-0.044255138,-0.228749367,-3954588742,16537990405,12583401663,Core+,Club Colombia RB 330,63864.23611,3200,330
2025-02,CLUB COLOMBIA PREMIUM/EXTRA FINA BOTELLA RETORNABLE 330.0,30907.06,9696.969697,330,0.216730038,-0.053326925,-0.228895698,-3586479060,14857382643,11270903583,Core+,Club Colombia RB 330,48356.15743,3200,330
2025-03,CLUB COLOMBIA PREMIUM/EXTRA FINA BOTELLA RETORNABLE 330.0,29408.15,9696.969697,330,0.216729925,-0.039833297,-0.229440088,-3421984816,14391879635,10969894819,Core+,Club Colombia RB 330,52858.82155,3200,330
2025-04,CLUB COLOMBIA PREMIUM/EXTRA FINA BOTELLA RETORNABLE 330.0,35776.0576,9772.727273,330,0.198142274,-0.070274619,-0.236631376,-4149920344,16995934517,12846014172,Core+,Club Colombia RB 330,53124.54617,3225,330
2025-05,CLUB COLOMBIA PREMIUM/EXTRA FINA BOTELLA RETORNABLE 330.0,29896.5383,10606.06061,330,0.216686067,-0.076809554,-0.2294683,-3461707201,15192703826,11730996625,Core+,Club Colombia RB 330,52927.48773,3500,330
2025-06,CLUB COLOMBIA PREMIUM/EXTRA FINA BOTELLA RETORNABLE 330.0,29685.3816,10606.06061,330,0.216686067,-0.104397743,-0.231348811,-3455560628,14444584726,10989024098,Core+,Club Colombia RB 330,53488.7448,3500,330
2025-07,CLUB COLOMBIA PREMIUM/EXTRA FINA BOTELLA RETORNABLE 330.0,32657.29,10606.06061,330,0.216686067,-0.071002582,-0.229885927,-3803892247,16724578900,12920686653,Core+,Club Colombia RB 330,55706.57303,3500,330
2025-08,CLUB COLOMBIA PREMIUM/EXTRA FINA BOTELLA RETORNABLE 330.0,32370.4048,10606.06061,330,0.215277925,-0.06742403,-0.230034058,-3760071979,16678304639,12918232659,Core+,Club Colombia RB 330,55244.79523,3500,330
2024-01,CLUB COLOMBIA PREMIUM/EXTRA FINA LATA NO RETORNABLE 269.0,10832.47,8178.438662,269,0.209621953,-0.479420819,-0.225560473,-4081042224,1815728168,-2265314057,Core+,Club Colombia CAN 269,14727.87012,2200,269
2024-02,CLUB COLOMBIA PREMIUM/EXTRA FINA LATA NO RETORNABLE 269.0,10688.84,8178.438662,269,0.209621953,-0.287223337,-0.207536193,-4026597041,3068332966,-958264074.9,Core+,Club Colombia CAN 269,7613.004395,2200,269
2024-03,CLUB COLOMBIA PREMIUM/EXTRA FINA LATA NO RETORNABLE 269.0,10275.87,8178.438662,269,0.209621953,-0.211422472,-0.207931696,-3869990174,3390031182,-479958991.8,Core+,Club Colombia CAN 269,8296.337891,2200,269
2024-04,CLUB COLOMBIA PREMIUM/EXTRA FINA LATA NO RETORNABLE 269.0,11187.79,8178.438662,269,0.209621953,-0.252479612,-0.208612833,-4215835053,3425566139,-790268913.2,Core+,Club Colombia CAN 269,9091.414063,2200,269
2024-05,CLUB COLOMBIA PREMIUM/EXTRA FINA LATA NO RETORNABLE 269.0,9850.71,8178.438662,269,0.209621953,0.692186637,-0.208079582,-3713255397,8306279538,4593024141,Core+,Club Colombia CAN 269,8635.033203,2200,269
2024-06,CLUB COLOMBIA PREMIUM/EXTRA FINA LATA NO RETORNABLE 269.0,8334.17,8178.438662,269,0.209621953,0.009472716,-0.207571418,-3144333900,3797143853,652809952.9,Core+,Club Colombia CAN 269,9444.275391,2200,269
2024-07,CLUB COLOMBIA PREMIUM/EXTRA FINA LATA NO RETORNABLE 269.0,11615.9,8178.438662,269,0.209621953,0.017704638,-0.208582206,-4381395997,5339995431,958599434.1,Core+,Club Colombia CAN 269,11543.87109,2200,269
2024-08,CLUB COLOMBIA PREMIUM/EXTRA FINA LATA NO RETORNABLE 269.0,9883.94,8178.438662,269,0.209621953,-0.069406828,-0.20715991,-3725585963,4062583988,336998025,Core+,Club Colombia CAN 269,8869.736328,2200,269
2024-09,CLUB COLOMBIA PREMIUM/EXTRA FINA LATA NO RETORNABLE 269.0,8182.18,8178.438662,269,0.209621953,-0.067940953,-0.208578651,-3085589315,3363330736,277741421,Core+,Club Colombia CAN 269,8503.729492,2200,269
2024-10,CLUB COLOMBIA PREMIUM/EXTRA FINA LATA NO RETORNABLE 269.0,12875.94,8178.438662,269,0.209621953,-0.069287139,-0.208205379,-4852674541,5285609482,432934941.4,Core+,Club Colombia CAN 269,8384.680664,2200,269
2024-11,CLUB COLOMBIA PREMIUM/EXTRA FINA LATA NO RETORNABLE 269.0,10497.23,8178.438662,269,0.209621953,-0.05756431,-0.209575749,-3960569032,4370885962,410316929.7,Core+,Club Colombia CAN 269,8160.512362,2200,269
2024-12,CLUB COLOMBIA PREMIUM/EXTRA FINA LATA NO RETORNABLE 269.0,18777.85,8178.438662,269,0.209621953,-0.098326133,-0.207691845,-7074507626,7404024799,329517172.5,Core+,Club Colombia CAN 269,12837.56963,2200,269
2025-01,CLUB COLOMBIA PREMIUM/EXTRA FINA LATA NO RETORNABLE 269.0,8794.44,8178.438662,269,0.209621953,-0.201462315,-0.20834026,-2206398853,2949030608,742631755.1,Core+,Club Colombia CAN 269,17736.11908,2200,269
2025-02,CLUB COLOMBIA PREMIUM/EXTRA FINA LATA NO RETORNABLE 269.0,8143.56,8178.438662,269,0.209621953,-0.122644465,-0.198403685,-2036750094,3141427606,1104677512,Core+,Club Colombia CAN 269,6917.109832,2200,269
2025-03,CLUB COLOMBIA PREMIUM/EXTRA FINA LATA NO RETORNABLE 269.0,6573,8550.185874,269,0.264604769,-0.097204621,-0.197946516,-1641096127,2632288066,991191938.4,Core+,Club Colombia CAN 269,7501.586256,2300,269
2025-04,CLUB COLOMBIA PREMIUM/EXTRA FINA LATA NO RETORNABLE 269.0,6716.86,8736.05948,269,0.292096177,-0.082565736,-0.197175198,-1678125400,2748709282,1070583882,Core+,Club Colombia CAN 269,8247.121045,2350,269
2025-05,CLUB COLOMBIA PREMIUM/EXTRA FINA LATA NO RETORNABLE 269.0,7861.2,8921.933086,269,0.803290952,-0.082711331,-0.196771047,-1964091596,2354938930,390847333.8,Core+,Club Colombia CAN 269,7354.918529,2400,269
2025-06,CLUB COLOMBIA PREMIUM/EXTRA FINA LATA NO RETORNABLE 269.0,7615.24,8921.933086,269,0.319587585,-0.119928971,-0.197718121,-1904824435,2952340344,1047515909,Core+,Club Colombia CAN 269,8230.859173,2400,269
2025-07,CLUB COLOMBIA PREMIUM/EXTRA FINA LATA NO RETORNABLE 269.0,8103.63,8921.933086,269,0.319587585,-0.079508522,-0.19793993,-2030295700,3326765727,1296470028,Core+,Club Colombia CAN 269,8558.96403,2400,269
2025-08,CLUB COLOMBIA PREMIUM/EXTRA FINA LATA NO RETORNABLE 269.0,7608.78,8921.933086,269,0.319587585,-0.089562662,-0.19781155,-1904131867,3080706611,1176574743,Core+,Club Colombia CAN 269,7311.569449,2400,269
2024-01,CLUB COLOMBIA PREMIUM/EXTRA FINA LATA NO RETORNABLE 330.0,27410.44,10606.06061,330,0.210374881,-0.304075696,-0.185969265,-7142740966,10292837942,3150096976,Core+,Club Colombia CAN 330,47370.37109,3500,330
2024-02,CLUB COLOMBIA PREMIUM/EXTRA FINA LATA NO RETORNABLE 330.0,27797.71,10606.06061,330,0.210374881,-0.221957275,-0.185378698,-7251783996,12131229771,4879445775,Core+,Club Colombia CAN 330,32300.89453,3500,330
2024-03,CLUB COLOMBIA PREMIUM/EXTRA FINA LATA NO RETORNABLE 330.0,23782.41,10606.06061,330,0.210374881,-0.148292905,-0.185183953,-6198050310,11672350915,5474300605,Core+,Club Colombia CAN 330,34075.14063,3500,330
2024-04,CLUB COLOMBIA PREMIUM/EXTRA FINA LATA NO RETORNABLE 330.0,24350.51,10606.06061,330,0.210374881,-0.186337036,-0.186123933,-6348638941,11252163795,4903524853,Core+,Club Colombia CAN 330,32223.50977,3500,330
2024-05,CLUB COLOMBIA PREMIUM/EXTRA FINA LATA NO RETORNABLE 330.0,28710.39,10606.06061,330,0.210374881,-0.317057227,-0.185745181,-7487873568,10511273824,3023400256,Core+,Club Colombia CAN 330,30096.91797,3500,330
2024-06,CLUB COLOMBIA PREMIUM/EXTRA FINA LATA NO RETORNABLE 330.0,36145.16,10606.06061,330,0.210374881,-0.181672476,-0.185676915,-9427750311,16838419403,7410669093,Core+,Club Colombia CAN 330,35982.69922,3500,330
2024-07,CLUB COLOMBIA PREMIUM/EXTRA FINA LATA NO RETORNABLE 330.0,35473.02,10606.06061,330,0.210374881,-0.245275925,-0.185451274,-9253146840,14869824377,5616677536,Core+,Club Colombia CAN 330,41520.41406,3500,330
2024-08,CLUB COLOMBIA PREMIUM/EXTRA FINA LATA NO RETORNABLE 330.0,32156.7,10606.06061,330,0.210374881,-0.171627624,-0.184134874,-8385483856,15254736746,6869252891,Core+,Club Colombia CAN 330,32068.69922,3500,330
2024-09,CLUB COLOMBIA PREMIUM/EXTRA FINA LATA NO RETORNABLE 330.0,34502.26,10606.06061,330,0.210374881,-0.145687649,-0.185525168,-8998204447,16991148128,7992943681,Core+,Club Colombia CAN 330,37850.36719,3500,330
2024-10,CLUB COLOMBIA PREMIUM/EXTRA FINA LATA NO RETORNABLE 330.0,30330.41,10606.06061,330,0.210374881,-0.186507213,-0.185500149,-7906468497,14025555606,6119087108,Core+,Club Colombia CAN 330,30271.16016,3500,330
2024-11,CLUB COLOMBIA PREMIUM/EXTRA FINA LATA NO RETORNABLE 330.0,40928.67,10606.06061,330,0.210374881,-0.204719041,-0.185370946,-10671119682,18381486776,7710367094,Core+,Club Colombia CAN 330,30132.03523,3500,330
2024-12,CLUB COLOMBIA PREMIUM/EXTRA FINA LATA NO RETORNABLE 330.0,37436.99,10606.06061,330,0.210374881,-0.159450251,-0.185528897,-9761652206,18056904026,8295251819,Core+,Club Colombia CAN 330,46654.71288,3500,330
2025-01,CLUB COLOMBIA PREMIUM/EXTRA FINA LATA NO RETORNABLE 330.0,30735.66,10606.06061,330,0.210374881,-0.320872154,-0.185208176,-7026288955,11178566278,4152277323,Core+,Club Colombia CAN 330,44653.37827,3500,330
2025-02,CLUB COLOMBIA PREMIUM/EXTRA FINA LATA NO RETORNABLE 330.0,22997.78,11212.12121,330,0.209809264,-0.378574335,-0.180359997,-5256780151,7899745248,2642965096,Core+,Club Colombia CAN 330,30646.08166,3700,330
2025-03,CLUB COLOMBIA PREMIUM/EXTRA FINA LATA NO RETORNABLE 330.0,21535.37,11212.12121,330,0.20980933,-0.43627589,-0.178010856,-4900257659,6469054251,1568796592,Core+,Club Colombia CAN 330,28936.96234,3700,330
2025-04,CLUB COLOMBIA PREMIUM/EXTRA FINA LATA NO RETORNABLE 330.0,23125.537,11060.60606,330,0.193460621,-0.248562801,-0.178858344,-5274561262,10312192267,5037631005,Core+,Club Colombia CAN 330,29785.0932,3650,330
2025-05,CLUB COLOMBIA PREMIUM/EXTRA FINA LATA NO RETORNABLE 330.0,25812.8686,11212.12121,330,0.209809396,-0.203785154,-0.179634756,-5886351197,12395088651,6508737453,Core+,Club Colombia CAN 330,28281.58882,3700,330
2025-06,CLUB COLOMBIA PREMIUM/EXTRA FINA LATA NO RETORNABLE 330.0,24939.8272,11212.12121,330,0.209809396,-0.23069811,-0.181230609,-5702291834,11422134781,5719842947,Core+,Club Colombia CAN 330,26822.84451,3700,330
2025-07,CLUB COLOMBIA PREMIUM/EXTRA FINA LATA NO RETORNABLE 330.0,26293.06,11212.12121,330,0.209809396,-0.279778805,-0.180320821,-6013840419,11055506144,5041665725,Core+,Club Colombia CAN 330,29451.8734,3700,330
2025-08,CLUB COLOMBIA PREMIUM/EXTRA FINA LATA NO RETORNABLE 330.0,29632.3563,11212.12121,330,0.208985695,-0.236009797,-0.179696296,-6773339381,13493269819,6719930438,Core+,Club Colombia CAN 330,32861.0467,3700,330
2024-04,CLUB COLOMBIA PREMIUM/EXTRA FINA LATA NO RETORNABLE 473.0,2529.25,8456.659619,473,0.25000007,-0.066208231,-0.193851327,-647441358.1,1063972431,416531072.5,Core+,Club Colombia CAN 473,673.524292,4000,473
2024-05,CLUB COLOMBIA PREMIUM/EXTRA FINA LATA NO RETORNABLE 473.0,2421.13,8456.659619,473,0.25000007,-0.066644297,-0.191053839,-619432260.5,1021740273,402308012.6,Core+,Club Colombia CAN 473,2471.114014,4000,473
2024-06,CLUB COLOMBIA PREMIUM/EXTRA FINA LATA NO RETORNABLE 473.0,3576.58,8456.659619,473,0.25000007,-0.065099465,-0.191077315,-915922314.3,1512444779,596522464.9,Core+,Club Colombia CAN 473,4213.946289,4000,473
2024-07,CLUB COLOMBIA PREMIUM/EXTRA FINA LATA NO RETORNABLE 473.0,4839.32,8456.659619,473,0.25000007,-0.07284961,-0.190575414,-1240038493,2026483875,786445381.3,Core+,Club Colombia CAN 473,5516.922852,4000,473
2024-08,CLUB COLOMBIA PREMIUM/EXTRA FINA LATA NO RETORNABLE 473.0,3627.48,8456.659619,473,0.25000007,-0.072086527,-0.189696299,-930987595.5,1522407877,591420281.6,Core+,Club Colombia CAN 473,5800.203613,4000,473
2024-09,CLUB COLOMBIA PREMIUM/EXTRA FINA LATA NO RETORNABLE 473.0,4772.33,8456.659619,473,0.25000007,-0.124125032,-0.191006244,-1221609043,1858145219,636536176.5,Core+,Club Colombia CAN 473,6426.382813,4000,473
2024-10,CLUB COLOMBIA PREMIUM/EXTRA FINA LATA NO RETORNABLE 473.0,5177.69,8456.659619,473,0.25000007,-0.115613097,-0.190201603,-1327478261,2043399626,715921365.1,Core+,Club Colombia CAN 473,7763.20752,4000,473
2024-11,CLUB COLOMBIA PREMIUM/EXTRA FINA LATA NO RETORNABLE 473.0,5752.25,8456.659619,473,0.25000007,-0.149164881,-0.190167419,-1472201527,2160541832,688340305.1,Core+,Club Colombia CAN 473,8717.35758,4000,473
2024-12,CLUB COLOMBIA PREMIUM/EXTRA FINA LATA NO RETORNABLE 473.0,6641.43,8456.659619,473,0.25000007,-0.079525194,-0.192420985,-1698970372,2748950609,1049980237,Core+,Club Colombia CAN 473,9666.739483,4000,473
2025-01,CLUB COLOMBIA PREMIUM/EXTRA FINA LATA NO RETORNABLE 473.0,6103.25,8456.659619,473,0.25000007,-0.112452025,-0.192499188,-1299090160,2411672334,1112582175,Core+,Club Colombia CAN 473,11108.28458,4000,473
2025-02,CLUB COLOMBIA PREMIUM/EXTRA FINA LATA NO RETORNABLE 473.0,4444.95,8456.659619,473,0.25000007,-0.114893096,-0.190913781,-947506735.5,1754240118,806733382.5,Core+,Club Colombia CAN 473,7824.920488,4000,473
2025-03,CLUB COLOMBIA PREMIUM/EXTRA FINA LATA NO RETORNABLE 473.0,4207.37,8456.659619,473,0.25000007,-0.075092979,-0.191682401,-893808803.8,1753838490,860029686,Core+,Club Colombia CAN 473,8336.682455,4000,473
2025-04,CLUB COLOMBIA PREMIUM/EXTRA FINA LATA NO RETORNABLE 473.0,5456.24,8456.659619,473,0.25000007,-0.07899553,-0.19116534,-1162099789,2263927219,1101827430,Core+,Club Colombia CAN 473,8763.526691,4000,473
2025-05,CLUB COLOMBIA PREMIUM/EXTRA FINA LATA NO RETORNABLE 473.0,5375.43,8456.659619,473,0.25000007,-0.096396163,-0.192199701,-1144849474,2174059613,1029210139,Core+,Club Colombia CAN 473,9108.038932,4000,473
2025-06,CLUB COLOMBIA PREMIUM/EXTRA FINA LATA NO RETORNABLE 473.0,6304.72486,8456.659619,473,0.25000007,-0.085361942,-0.195294331,-1342149428,2578365319,1236215890,Core+,Club Colombia CAN 473,9408.522753,4000,473
2025-07,CLUB COLOMBIA PREMIUM/EXTRA FINA LATA NO RETORNABLE 473.0,7342.22,8738.548273,473,0.247275671,-0.076014812,-0.190375474,-1556805362,3171190588,1614385226,Core+,Club Colombia CAN 473,11962.45159,4133.333333,473
2025-08,CLUB COLOMBIA PREMIUM/EXTRA FINA LATA NO RETORNABLE 473.0,7674.6543,8879.4926,473,0.245982507,-0.060029405,-0.185984328,-1627478226,3465385078,1837906852,Core+,Club Colombia CAN 473,11572.73628,4200,473
2024-01,CLUB COLOMBIA ROJA BOTELLA NO RETORNABLE 330.0,85.6,9090.909091,330,0.219305528,-0.024379659,-0.249991927,-33817000.37,38916686.52,5099686.15,Core+,Club Colombia Roja NRB 330,12.29220009,3000,330
2024-02,CLUB COLOMBIA ROJA BOTELLA NO RETORNABLE 330.0,36.53,9090.909091,330,0.219305528,-0.018156963,-0.245574755,-14432783.85,16851306.37,2418522.514,Core+,Club Colombia Roja NRB 330,2.73029995,3000,330
2024-03,CLUB COLOMBIA ROJA BOTELLA NO RETORNABLE 330.0,446.28,9090.909091,330,0.219305528,-0.20118875,-0.211915748,-175450603.7,164102809.6,-11347794.13,Core+,Club Colombia Roja NRB 330,10.17039967,3000,330
2024-04,CLUB COLOMBIA ROJA BOTELLA NO RETORNABLE 330.0,0.16,9090.909091,330,0.219305528,-0.254797948,-0.209099565,-65362.6736,53742.22154,-11620.45206,Core+,Club Colombia Roja NRB 330,52.83890152,3000,330
2024-05,CLUB COLOMBIA ROJA BOTELLA NO RETORNABLE 330.0,55.49,9090.909091,330,0.219305528,-0.004452231,-0.255192669,-21973589.77,25739648.26,3766058.49,Core+,Club Colombia Roja NRB 330,145.5623016,3000,330
2024-06,CLUB COLOMBIA ROJA BOTELLA NO RETORNABLE 330.0,63.27,9090.909091,330,0.219305528,0.007739925,-0.240811809,-25170063.24,30401870.5,5231807.258,Core+,Club Colombia Roja NRB 330,91.74199677,3000,330
2024-07,CLUB COLOMBIA ROJA BOTELLA NO RETORNABLE 330.0,91,9090.909091,330,0.219305528,0.004071847,-0.251177426,-36087084.5,42926282.78,6839198.276,Core+,Club Colombia Roja NRB 330,96.07769775,3000,330
2024-08,CLUB COLOMBIA ROJA BOTELLA NO RETORNABLE 330.0,81.79,9090.909091,330,0.219305528,-0.009038911,-0.239418454,-32555049.48,38512493.89,5957444.406,Core+,Club Colombia Roja NRB 330,2.445800066,3000,330
2024-09,CLUB COLOMBIA ROJA BOTELLA NO RETORNABLE 330.0,71.16,9595.959596,330,0.219414245,-0.004380291,-0.266082641,-28009295.87,34329975.02,6320679.148,Core+,Club Colombia Roja NRB 330,23.14279938,3166.666667,330
2024-10,CLUB COLOMBIA ROJA BOTELLA NO RETORNABLE 330.0,57.95,12121.21212,330,0.219822109,-0.003877188,-0.200855286,-22787318.48,38483031.71,15695713.23,Core+,Club Colombia Roja NRB 330,27.6189003,4000,330
2024-11,CLUB COLOMBIA ROJA BOTELLA NO RETORNABLE 330.0,40.17,12121.21212,330,0.219822109,-0.211143166,-0.178070602,-15797624.81,20487721.38,4690096.568,Core+,Club Colombia Roja NRB 330,25.53656001,4000,330
2024-01,CLUB COLOMBIA ROJA BOTELLA RETORNABLE 330.0,2136.82,9090.909091,330,0.216216216,-0.04337863,-0.239559587,-296221277.8,962440920.7,666219642.9,Core+,Club Colombia Roja RB 330,3847.949219,3000,330
2024-02,CLUB COLOMBIA ROJA BOTELLA RETORNABLE 330.0,2030.96,9090.909091,330,0.216216161,-0.083089729,-0.237151591,-280407710,867172936.4,586765226.3,Core+,Club Colombia Roja RB 330,3189.548584,3000,330
2024-03,CLUB COLOMBIA ROJA BOTELLA RETORNABLE 330.0,2184.13,9090.909091,330,0.216216052,-0.053179584,-0.236599387,-301963854.7,974364907.5,672401052.8,Core+,Club Colombia Roja RB 330,3379.658203,3000,330
2024-04,CLUB COLOMBIA ROJA BOTELLA RETORNABLE 330.0,1884.01,9090.909091,330,0.216216052,-0.054535892,-0.239685352,-261542536.8,835221004.7,573678467.9,Core+,Club Colombia Roja RB 330,2835.07959,3000,330
2024-05,CLUB COLOMBIA ROJA BOTELLA RETORNABLE 330.0,2327.03,9090.909091,330,0.216216052,-0.058815206,-0.237269467,-319921347.4,1028897297,708975949.2,Core+,Club Colombia Roja RB 330,3052.772949,3000,330
2024-06,CLUB COLOMBIA ROJA BOTELLA RETORNABLE 330.0,1885.47,9090.909091,330,0.216216052,-0.042514052,-0.236870166,-260977407.9,853440047.7,592462639.8,Core+,Club Colombia Roja RB 330,3107.68335,3000,330
2024-07,CLUB COLOMBIA ROJA BOTELLA RETORNABLE 330.0,2424.03,9090.909091,330,0.216216052,-0.046441909,-0.237876249,-334952257.9,1089701658,754749399.7,Core+,Club Colombia Roja RB 330,3959.70874,3000,330
2024-08,CLUB COLOMBIA ROJA BOTELLA RETORNABLE 330.0,1996.22,9090.909091,330,0.216216052,-0.058525502,-0.235827286,-275465078.9,884801102.8,609336023.9,Core+,Club Colombia Roja RB 330,3483.837158,3000,330
2024-09,CLUB COLOMBIA ROJA BOTELLA RETORNABLE 330.0,1861.4,9191.919192,330,0.216306392,-0.044937239,-0.237334912,-256819310.8,848429488.9,591610178.1,Core+,Club Colombia Roja RB 330,3339.179199,3033.333333,330
2024-10,CLUB COLOMBIA ROJA BOTELLA RETORNABLE 330.0,1565.34,9696.969697,330,0.216730038,-0.064414744,-0.225572006,-216699130,744337645.4,527638515.4,Core+,Club Colombia Roja RB 330,3600.5,3200,330
2024-11,CLUB COLOMBIA ROJA BOTELLA RETORNABLE 330.0,246.69,9696.969697,330,0.216730038,-0.079688725,-0.225626111,-34152556.64,114771594.9,80619038.25,Core+,Club Colombia Roja RB 330,2629.552981,3200,330
2024-12,CLUB COLOMBIA ROJA BOTELLA RETORNABLE 330.0,30.66,9696.969697,330,0.216730038,-0.124025723,-0.2251934,-4250764.869,13362932.68,9112167.809,Core+,Club Colombia Roja RB 330,2473.316722,3200,330
2025-01,CLUB COLOMBIA ROJA BOTELLA RETORNABLE 330.0,819.83,9696.969697,330,0.216730038,-0.007340249,-0.229652546,-114940923,418935624.6,303994701.6,Core+,Club Colombia Roja RB 330,1600.783768,3200,330
2025-02,CLUB COLOMBIA ROJA BOTELLA RETORNABLE 330.0,1720.91,9696.969697,330,0.216730038,-0.046436916,-0.228781456,-241547470.2,835334043.8,593786573.6,Core+,Club Colombia Roja RB 330,1303.629741,3200,330
2025-03,CLUB COLOMBIA ROJA BOTELLA RETORNABLE 330.0,1751.38,9696.969697,330,0.216729925,-0.024110349,-0.229240877,-253817955.4,875773157.9,621955202.5,Core+,Club Colombia Roja RB 330,1799.214105,3200,330
2025-04,CLUB COLOMBIA ROJA BOTELLA RETORNABLE 330.0,1626.2702,9772.727273,330,0.198142274,-0.046397395,-0.236935286,-229860300.9,798860099.8,568999798.8,Core+,Club Colombia Roja RB 330,2286.097703,3225,330
2025-05,CLUB COLOMBIA ROJA BOTELLA RETORNABLE 330.0,1530.7687,10606.06061,330,0.216686067,-0.042034439,-0.229012967,-216243596.8,817405334.8,601161738,Core+,Club Colombia Roja RB 330,2201.012277,3500,330
2025-06,CLUB COLOMBIA ROJA BOTELLA RETORNABLE 330.0,1596.4818,10606.06061,330,0.216686067,-0.04596761,-0.230683022,-225769447.9,845942194,620172746.1,Core+,Club Colombia Roja RB 330,2240.181794,3500,330
2025-07,CLUB COLOMBIA ROJA BOTELLA RETORNABLE 330.0,1964.34,10606.06061,330,0.216686067,-0.057314112,-0.229121865,-274876311.4,1026781923,751905611.6,Core+,Club Colombia Roja RB 330,2197.985245,3500,330
2025-08,CLUB COLOMBIA ROJA BOTELLA RETORNABLE 330.0,1568.7472,10606.06061,330,0.215277925,-0.03747969,-0.228886212,-224747453.5,844041898.7,619294445.2,Core+,Club Colombia Roja RB 330,2936.923874,3500,330
2024-01,CLUB COLOMBIA ROJA LATA NO RETORNABLE 330.0,2116.88,10606.06061,330,0.210374722,-0.280219572,-0.176340507,-571838861.4,847100769.7,275261908.3,Core+,Club Colombia Roja CAN 330,4699.768066,3500,330
2024-02,CLUB COLOMBIA ROJA LATA NO RETORNABLE 330.0,2567.26,10606.06061,330,0.210374722,-0.202235036,-0.176648385,-691977757.2,1174168091,482190333.8,Core+,Club Colombia Roja CAN 330,3865.22998,3500,330
2024-03,CLUB COLOMBIA ROJA LATA NO RETORNABLE 330.0,3237.47,10606.06061,330,0.210374722,-0.153504239,-0.176289481,-872522951.2,1597723208,725200256.5,Core+,Club Colombia Roja CAN 330,4346.298828,3500,330
2024-04,CLUB COLOMBIA ROJA LATA NO RETORNABLE 330.0,2770.95,10606.06061,330,0.210374722,-0.182950481,-0.176490569,-746840428.3,1306998505,560158076.2,Core+,Club Colombia Roja CAN 330,3065.486084,3500,330
2024-05,CLUB COLOMBIA ROJA LATA NO RETORNABLE 330.0,2594.19,10606.06061,330,0.210374722,-0.468304993,-0.175966426,-698588872.3,679528755.6,-19060116.69,Core+,Club Colombia Roja CAN 330,2920.128906,3500,330
2024-06,CLUB COLOMBIA ROJA LATA NO RETORNABLE 330.0,3822.79,10606.06061,330,0.210374722,-0.175088966,-0.178975145,-1031993136,1818264896,786271759.5,Core+,Club Colombia Roja CAN 330,3216.596924,3500,330
2024-07,CLUB COLOMBIA ROJA LATA NO RETORNABLE 330.0,3069.17,10606.06061,330,0.210374722,-0.27297558,-0.175968668,-827548279,1245385436,417837157.1,Core+,Club Colombia Roja CAN 330,4173.980957,3500,330
2024-08,CLUB COLOMBIA ROJA LATA NO RETORNABLE 330.0,3508.31,10606.06061,330,0.210374722,-0.171789284,-0.176696698,-946023183.5,1683096528,737073344.9,Core+,Club Colombia Roja CAN 330,3301.328857,3500,330
2024-09,CLUB COLOMBIA ROJA LATA NO RETORNABLE 330.0,4915.59,10606.06061,330,0.210374722,-0.142495774,-0.176495578,-1323316536,2464992358,1141675822,Core+,Club Colombia Roja CAN 330,4414.585938,3500,330
2024-10,CLUB COLOMBIA ROJA LATA NO RETORNABLE 330.0,1587.98,10606.06061,330,0.210374722,-0.266408971,-0.17726284,-428778700.6,650524102.9,221745402.2,Core+,Club Colombia Roja CAN 330,6341.692871,3500,330
2024-11,CLUB COLOMBIA ROJA LATA NO RETORNABLE 330.0,34.61,10606.06061,330,0.210374722,-2.130805618,-0.176459367,-9447315.793,-33315974.9,-42763290.69,Core+,Club Colombia Roja CAN 330,1815.79376,3500,330
2024-12,CLUB COLOMBIA ROJA LATA NO RETORNABLE 330.0,29.24,10606.06061,330,0.210374722,-0.073403373,-0.175845285,-8091985.883,16164444.46,8072458.578,Core+,Club Colombia Roja CAN 330,1716.728611,3500,330
2025-01,CLUB COLOMBIA ROJA LATA NO RETORNABLE 330.0,837.49,10606.06061,330,0.210374722,-0.008330149,-0.176758127,-204262962.4,502547936.1,298284973.7,Core+,Club Colombia Roja CAN 330,1596.964345,3500,330
2025-02,CLUB COLOMBIA ROJA LATA NO RETORNABLE 330.0,2087.91,11212.12121,330,0.20980885,-0.13009642,-0.176517605,-513119613.9,1127485311,614365697.4,Core+,Club Colombia Roja CAN 330,2412.566692,3700,330
2025-03,CLUB COLOMBIA ROJA LATA NO RETORNABLE 330.0,2735.69,11212.12121,330,0.20980885,-0.182166664,-0.175557295,-674089088.5,1368398754,694309665.5,Core+,Club Colombia Roja CAN 330,1369.518967,3700,330
2025-04,CLUB COLOMBIA ROJA LATA NO RETORNABLE 330.0,3102.67,11060.60606,330,0.193460082,-0.107377767,-0.176167327,-765980927.4,1731205060,965224132.5,Core+,Club Colombia Roja CAN 330,2841.814083,3650,330
2025-05,CLUB COLOMBIA ROJA LATA NO RETORNABLE 330.0,1594.84,11212.12121,330,0.20980885,-0.806524779,-0.175957076,-399267115.2,21758518.07,-377508597.1,Core+,Club Colombia Roja CAN 330,2537.5296,3700,330
2025-06,CLUB COLOMBIA ROJA LATA NO RETORNABLE 330.0,1608.38,11212.12121,330,0.20980885,-0.796176094,-0.178425331,-407782035.2,31814279.1,-375967756.1,Core+,Club Colombia Roja CAN 330,2163.531256,3700,330
2025-07,CLUB COLOMBIA ROJA LATA NO RETORNABLE 330.0,1776.6,11212.12121,330,0.20980885,-0.219960721,-0.175821131,-450393129.7,836002332.4,385609202.7,Core+,Club Colombia Roja CAN 330,2342.265168,3700,330
2025-08,CLUB COLOMBIA ROJA LATA NO RETORNABLE 330.0,2428.45,11212.12121,330,0.208985385,-0.102048651,-0.176806884,-607976839.6,1364806910,756830070,Core+,Club Colombia Roja CAN 330,2803.772618,3700,330
2024-10,CLUB COLOMBIA TRIGO BOTELLA NO RETORNABLE 330.0,400.37,12121.21212,330,0.219047619,-0.239669576,-0.203824661,-139639343,186169963.6,46530620.68,Core+,Club Colombia Trigo NRB 330,939.0308838,4000,330
2024-11,CLUB COLOMBIA TRIGO BOTELLA NO RETORNABLE 330.0,26.93,12121.21212,330,0.219047619,-0.161176899,-0.202864262,-10100576.83,14310136.64,4209559.81,Core+,Club Colombia Trigo NRB 330,1234.745807,4000,330
2024-12,CLUB COLOMBIA TRIGO BOTELLA NO RETORNABLE 330.0,6.1,12121.21212,330,0.219047619,-0.124242553,-0.201416125,-2243109.762,3437067.237,1193957.475,Core+,Club Colombia Trigo NRB 330,757.1804774,4000,330
2025-01,CLUB COLOMBIA TRIGO BOTELLA NO RETORNABLE 330.0,6.93,12121.21212,330,0.219047619,-0.199859858,-0.202482662,-4017211.495,3460700.485,-556511.0092,Core+,Club Colombia Trigo NRB 330,262.2177302,4000,330
2025-02,CLUB COLOMBIA TRIGO BOTELLA NO RETORNABLE 330.0,1.66,12121.21212,330,0.219047619,-0.096366297,-0.202905253,-1002456.496,971932.8429,-30523.65347,Core+,Club Colombia Trigo NRB 330,79.06767859,4000,330
2025-04,CLUB COLOMBIA TRIGO BOTELLA NO RETORNABLE 330.0,0,11287.87879,330,0.158109236,0,0,0,0,0,Core+,Club Colombia Trigo NRB 330,0.467686994,3725,330
2025-05,CLUB COLOMBIA TRIGO BOTELLA NO RETORNABLE 330.0,14.26,12121.21212,330,0.219047764,-0.005243584,-0.233061689,-8478551.446,9075673.058,597121.6125,Core+,Club Colombia Trigo NRB 330,90.90222464,4000,330
2025-06,CLUB COLOMBIA TRIGO BOTELLA NO RETORNABLE 330.0,32.71,12121.21212,330,0.219047764,-0.004258422,-0.23450237,-18624149.26,20805591.19,2181441.922,Core+,Club Colombia Trigo NRB 330,33.19635037,4000,330
2025-07,CLUB COLOMBIA TRIGO BOTELLA NO RETORNABLE 330.0,238.87,12121.21212,330,0.219047764,-0.005261511,-0.233231888,-128408105.1,151989522.1,23581417.03,Core+,Club Colombia Trigo NRB 330,23.36696794,4000,330
2025-08,CLUB COLOMBIA TRIGO BOTELLA NO RETORNABLE 330.0,39.26,12121.21212,330,0.219047764,-0.009802019,-0.219557914,-22217109.1,25280184.99,3063075.895,Core+,Club Colombia Trigo NRB 330,47.44716602,4000,330
2024-10,CLUB COLOMBIA TRIGO BOTELLA RETORNABLE 330.0,1019.78,9090.909091,330,0.239669421,-0.049216662,-0.24089489,-158516051,446119353.7,287603302.8,Premium,Club Colombia Trigo RB 330,82.81130219,3000,330
2024-11,CLUB COLOMBIA TRIGO BOTELLA RETORNABLE 330.0,8.04,9090.909091,330,0.239669421,-0.035549666,-0.238833062,-1289559.361,3595159.19,2305599.828,Premium,Club Colombia Trigo RB 330,61.0327484,3000,330
2024-12,CLUB COLOMBIA TRIGO BOTELLA RETORNABLE 330.0,0.79,9090.909091,330,0.239669421,-0.00441499,-0.23909425,-125011.0043,368285.9779,243274.9736,Premium,Club Colombia Trigo RB 330,42.49530674,3000,330
2025-01,CLUB COLOMBIA TRIGO BOTELLA RETORNABLE 330.0,0,9090.909091,330,0.239669421,0,0,0,0,0,Premium,Club Colombia Trigo RB 330,14.83733255,3000,330
2025-02,CLUB COLOMBIA TRIGO BOTELLA RETORNABLE 330.0,-0.07,9090.909091,330,0.239669421,0,-0.236447045,10523.93623,-32937.57844,-22413.6422,Premium,Club Colombia Trigo RB 330,15.75961174,3000,330
2025-03,CLUB COLOMBIA TRIGO BOTELLA RETORNABLE 330.0,0,9090.909091,330,0.239669421,0,-0.239331013,0,0,0,Premium,Club Colombia Trigo RB 330,3.151167116,3000,330
2025-04,CLUB COLOMBIA TRIGO BOTELLA RETORNABLE 330.0,0.1,9166.666667,330,0.193686348,-0.007826042,-0.229172061,-12498.93491,49237.93933,36739.00442,Premium,Club Colombia Trigo RB 330,8.233489474,3025,330
2025-05,CLUB COLOMBIA TRIGO BOTELLA RETORNABLE 330.0,1490.8018,10606.06061,330,0.216686147,-0.062877106,-0.231069222,-200596970.4,771056502.9,570459532.5,Premium,Club Colombia Trigo RB 330,370.0200855,3500,330
2025-06,CLUB COLOMBIA TRIGO BOTELLA RETORNABLE 330.0,701.2679,10606.06061,330,0.216686147,-0.037341233,-0.232091622,-95088733.77,375294912.5,280206178.8,Premium,Club Colombia Trigo RB 330,1262.612497,3500,330
2025-07,CLUB COLOMBIA TRIGO BOTELLA RETORNABLE 330.0,1334.18,10606.06061,330,0.216686147,-0.036490305,-0.231197424,-181092674.1,715713678.2,534621004.1,Premium,Club Colombia Trigo RB 330,1778.939004,3500,330
2025-08,CLUB COLOMBIA TRIGO BOTELLA RETORNABLE 330.0,1615.7902,10606.06061,330,0.215277755,-0.044652277,-0.231403117,-218307057.1,857870830.2,639563773.1,Premium,Club Colombia Trigo RB 330,2113.362509,3500,330
2024-06,CORONA CERO BOTELLA NO RETORNABLE 330.0,802.24,13636.36364,330,0.270588439,-0.094118927,-8.42086E-05,-323349280.1,655362878.7,332013598.5,Super Premium,Corona Cero NRB 330,85.74530029,4500,330
2024-07,CORONA CERO BOTELLA NO RETORNABLE 330.0,982.42,13636.36364,330,0.270588439,-0.232536488,6.38894E-05,-406030721.3,680045228.4,274014507.1,Super Premium,Corona Cero NRB 330,379.9161072,4500,330
2024-08,CORONA CERO BOTELLA NO RETORNABLE 330.0,817.55,13636.36364,330,0.270588439,-0.144753767,0,-339968989.8,630597443.9,290628454.1,Super Premium,Corona Cero NRB 330,442.5205078,4500,330
2024-09,CORONA CERO BOTELLA NO RETORNABLE 330.0,1094.58,13636.36364,330,0.270588439,-0.16061906,0,-453282883.8,828616019,375333135.2,Super Premium,Corona Cero NRB 330,683.7902222,4500,330
2024-10,CORONA CERO BOTELLA NO RETORNABLE 330.0,1400.39,13636.36364,330,0.270588439,-0.20528447,0,-577419504.1,1003708065,426288561.4,Super Premium,Corona Cero NRB 330,1054.611328,4500,330
2024-11,CORONA CERO BOTELLA NO RETORNABLE 330.0,1167.34,13636.36364,330,0.270588439,-0.231862271,0,-478723712.7,808692057.5,329968344.9,Super Premium,Corona Cero NRB 330,1013.957221,4500,330
2024-12,CORONA CERO BOTELLA NO RETORNABLE 330.0,1834.34,13636.36364,330,0.270588439,-0.190492515,0,-753606684.6,1339206099,585599414.6,Super Premium,Corona Cero NRB 330,1209.32122,4500,330
2025-01,CORONA CERO BOTELLA NO RETORNABLE 330.0,1132.04,13636.36364,330,0.270588439,-0.384699303,0,-469396745,628197050.7,158800305.7,Super Premium,Corona Cero NRB 330,1474.151212,4500,330
2025-02,CORONA CERO BOTELLA NO RETORNABLE 330.0,1607.29,13636.36364,330,0.270588439,-0.159181587,0,-667542816.4,1218830097,551287280.3,Super Premium,Corona Cero NRB 330,989.2970742,4500,330
2025-03,CORONA CERO BOTELLA NO RETORNABLE 330.0,1717.01,13636.36364,330,0.270588439,-0.15747072,0,-710757848.6,1304681608,593923759.8,Super Premium,Corona Cero NRB 330,1243.977985,4500,330
2025-04,CORONA CERO BOTELLA NO RETORNABLE 330.0,930.8674,13636.36364,330,0.270588439,-0.269969151,0,-382901513.1,612880419.6,229978906.5,Super Premium,Corona Cero NRB 330,1518.368621,4500,330
2025-05,CORONA CERO BOTELLA NO RETORNABLE 330.0,1033.889,13636.36364,330,0.270588439,-0.343175602,0,-430237714.3,612448964.4,182211250.1,Super Premium,Corona Cero NRB 330,1287.762098,4500,330
2025-06,CORONA CERO BOTELLA NO RETORNABLE 330.0,762.6312,13636.36364,330,0.270588439,-0.333603596,0,-313400412.7,458346508,144946095.3,Super Premium,Corona Cero NRB 330,1361.387755,4500,330
2025-07,CORONA CERO BOTELLA NO RETORNABLE 330.0,1121.12,13636.36364,330,0.270588439,-0.23141417,0,-461773194.2,777125548.4,315352354.1,Super Premium,Corona Cero NRB 330,1501.738165,4500,330
2025-08,CORONA CERO BOTELLA NO RETORNABLE 330.0,1035.6454,13636.36364,330,0.270588439,-0.239992371,0,-424393109.5,709864970.5,285471861,Super Premium,Corona Cero NRB 330,1374.713876,4500,330
2025-05,CORONA CERO LATA NO RETORNABLE 269.0,339.83772,11152.41636,269,0.269841345,-0.060374457,0,-118333824,235667093.4,117333269.4,Super Premium,Corona Cero CAN 269,46.45584257,3000,269
2025-06,CORONA CERO LATA NO RETORNABLE 269.0,374.52737,11152.41636,269,0.269841345,-0.175060739,0,-132764522.4,228022700.3,95258177.9,Super Premium,Corona Cero CAN 269,221.5162846,3000,269
2025-07,CORONA CERO LATA NO RETORNABLE 269.0,475.99,11152.41636,269,0.269841345,-0.129103268,0,-168247532.9,305940547.7,137693014.8,Super Premium,Corona Cero CAN 269,353.7081569,3000,269
2025-08,CORONA CERO LATA NO RETORNABLE 269.0,585.91924,11152.41636,269,0.269841345,-0.129949482,0,-203112697.6,376231175.2,173118477.5,Super Premium,Corona Cero CAN 269,382.6756902,3000,269
2024-01,CORONA EXTRA BOTELLA NO RETORNABLE 330.0,1403.21,12727.27273,330,0.25,-0.180247401,-0.122473261,-474180751,837158792.8,362978041.7,Super Premium,Corona Extra NRB 330,10415.68359,4200,330
2024-02,CORONA EXTRA BOTELLA NO RETORNABLE 330.0,4382.88,12727.27273,330,0.249999945,-0.266357191,-0.123845287,-1489891681,2286776027,796884346.2,Super Premium,Corona Extra NRB 330,9041.305664,4200,330
2024-03,CORONA EXTRA BOTELLA NO RETORNABLE 330.0,19983.9,13636.36364,330,0.229368086,-0.107380006,-0.114070536,-8911583216,14502274882,5590691667,Super Premium,Corona Extra NRB 330,15277.54785,4500,330
2024-04,CORONA EXTRA BOTELLA NO RETORNABLE 330.0,6936.6,12727.27273,330,0.249999836,-0.288070375,-0.122951278,-2385203957,3495621590,1110417634,Super Premium,Corona Extra NRB 330,10576.90625,4200,330
2024-05,CORONA EXTRA BOTELLA NO RETORNABLE 330.0,3978.91,12727.27273,330,0.249999836,-0.161835995,-0.123448865,-1375791590,2433187240,1057395650,Super Premium,Corona Extra NRB 330,9865.643555,4200,330
2024-06,CORONA EXTRA BOTELLA NO RETORNABLE 330.0,4237.08,12727.27273,330,0.249999836,-0.165283972,-0.123255537,-1460285850,2579264522,1118978671,Super Premium,Corona Extra NRB 330,10094.3877,4200,330
2024-07,CORONA EXTRA BOTELLA NO RETORNABLE 330.0,2391.45,12727.27273,330,0.249999836,-0.158572392,-0.118912809,-821928949.1,1478381383,656452434.2,Super Premium,Corona Extra NRB 330,12004.43945,4200,330
2024-08,CORONA EXTRA BOTELLA NO RETORNABLE 330.0,4898.78,12727.27273,330,0.249999836,-0.117043406,-0.112398585,-1687236830,3229770827,1542533997,Super Premium,Corona Extra NRB 330,10615.5127,4200,330
2024-09,CORONA EXTRA BOTELLA NO RETORNABLE 330.0,4321.44,12727.27273,330,0.249999836,-0.072905321,-0.102829194,-1495832987,3047712774,1551879787,Super Premium,Corona Extra NRB 330,17205.13867,4200,330
2024-10,CORONA EXTRA BOTELLA NO RETORNABLE 330.0,3931.94,12727.27273,330,0.249999836,-0.083451648,-0.124109147,-1350607297,2665945509,1315338212,Super Premium,Corona Extra NRB 330,16815.66992,4200,330
2024-11,CORONA EXTRA BOTELLA NO RETORNABLE 330.0,4047.98,12727.27273,330,0.249999836,-0.078641921,-0.12316874,-1399299245,2764538956,1365239711,Super Premium,Corona Extra NRB 330,15129.10205,4200,330
2024-12,CORONA EXTRA BOTELLA NO RETORNABLE 330.0,2628.56,12727.27273,330,0.249999836,-0.059923276,-0.12469234,-906115864.3,1833828500,927712635.5,Super Premium,Corona Extra NRB 330,21879.91439,4200,330
2025-01,CORONA EXTRA BOTELLA NO RETORNABLE 330.0,33188.65,13636.36364,330,0.229368086,-0.234282109,-0.114283094,-12147361028,20152559794,8005198766,Super Premium,Corona Extra NRB 330,19863.00326,4500,330
2025-02,CORONA EXTRA BOTELLA NO RETORNABLE 330.0,3072.01,12727.27273,330,0.249999836,-0.068636391,-0.123109638,-927555596.9,2124461697,1196906100,Super Premium,Corona Extra NRB 330,13628.83217,4200,330
2025-03,CORONA EXTRA BOTELLA NO RETORNABLE 330.0,2680.14,12727.27273,330,0.249999836,-0.034524657,-0.123512401,-808019111.1,1930762658,1122743547,Super Premium,Corona Extra NRB 330,15467.36848,4200,330
2025-04,CORONA EXTRA BOTELLA NO RETORNABLE 330.0,3201.67,12727.27273,330,0.249999836,-0.060923197,-0.122872332,-969648671.2,2235908201,1266259530,Super Premium,Corona Extra NRB 330,17326.87556,4200,330
2025-05,CORONA EXTRA BOTELLA NO RETORNABLE 330.0,2808.56,12727.27273,330,0.249999836,-0.060932854,-0.12333154,-849358293,1960250434,1110892141,Super Premium,Corona Extra NRB 330,16533.02422,4200,330
2025-06,CORONA EXTRA BOTELLA NO RETORNABLE 330.0,2612.4,12727.27273,330,0.249999836,-0.084110196,-0.12401169,-787400130.3,1770012967,982612837.2,Super Premium,Corona Extra NRB 330,16548.11976,4200,330
2025-07,CORONA EXTRA BOTELLA NO RETORNABLE 330.0,33590.29,13636.36364,330,0.229368086,-0.133106737,-0.114289734,-12194400590,23564036234,11369635644,Super Premium,Corona Extra NRB 330,19721.03589,4500,330
2025-08,CORONA EXTRA BOTELLA NO RETORNABLE 330.0,33758.9296,13636.36364,330,0.229018477,-0.137080209,-0.115424213,-12290387611,23528297134,11237909523,Super Premium,Corona Extra NRB 330,19510.8244,4500,330
2024-01,CORONA EXTRA BOTELLA NO RETORNABLE 355.0,837.82,12676.05634,355,0.22936823,-0.377208292,-0.171527179,-578458165.5,327594902.6,-250863262.9,Super Premium,Corona Extra NRB 355,15108.95508,4500,355
2024-02,CORONA EXTRA BOTELLA NO RETORNABLE 355.0,381.35,12676.05634,355,0.22936823,0.010359865,-0.166428549,-263297167.9,278859899.8,15562731.87,Super Premium,Corona Extra NRB 355,7791.339355,4500,355
2024-03,CORONA EXTRA BOTELLA NO RETORNABLE 355.0,118.17,12676.05634,355,0.22936823,-0.034723308,-0.167324594,-81588409.71,81703238.24,114828.5316,Super Premium,Corona Extra NRB 355,6328.507324,4500,355
2024-04,CORONA EXTRA BOTELLA NO RETORNABLE 355.0,11.27,12676.05634,355,0.22936823,-0.031570442,-0.165942941,-7781539.504,7836405.999,54866.49581,Super Premium,Corona Extra NRB 355,3879.895996,4500,355
2024-05,CORONA EXTRA BOTELLA NO RETORNABLE 355.0,3.46,12676.05634,355,0.22936823,-15.56121104,-0.166797755,-2388896.485,-44154538.22,-46543434.71,Super Premium,Corona Extra NRB 355,2480.517334,4500,355
2024-06,CORONA EXTRA BOTELLA NO RETORNABLE 355.0,4.65,12676.05634,355,0.22936823,0.012442704,-0.166748958,-3210511.172,3407385.614,196874.4427,Super Premium,Corona Extra NRB 355,1494.893921,4500,355
2024-07,CORONA EXTRA BOTELLA NO RETORNABLE 355.0,252.62,12676.05634,355,0.22936823,-0.34713405,-0.16679907,-174417060.7,106394450,-68022610.65,Super Premium,Corona Extra NRB 355,1570.213745,4500,355
2024-08,CORONA EXTRA BOTELLA NO RETORNABLE 355.0,-4.12,12676.05634,355,0.22936823,0,0,2844581.941,-3569870.234,-725288.2929,Super Premium,Corona Extra NRB 355,806.5534058,4500,355
2024-09,CORONA EXTRA BOTELLA NO RETORNABLE 355.0,-1.63,12676.05634,355,0.22936823,0,0,1125404.991,-1412351.573,-286946.5819,Super Premium,Corona Extra NRB 355,744.4976807,4500,355
2024-10,CORONA EXTRA BOTELLA NO RETORNABLE 355.0,-1.42,12676.05634,355,0.229368395,31.75620848,-0.115294588,735975.445,-40161119.43,-39425143.99,Super Premium,Corona Extra NRB 355,626.8441772,4500,355
2024-11,CORONA EXTRA BOTELLA NO RETORNABLE 355.0,-1.75,12676.05634,355,0.229368395,1.393311696,-0.115287181,868555.8436,-3454232.751,-2585676.908,Super Premium,Corona Extra NRB 355,359.4865798,4500,355
2024-12,CORONA EXTRA BOTELLA NO RETORNABLE 355.0,-4.01,12676.05634,355,0.229368395,10.85318644,-0.115300004,2042801.685,-40783963.7,-38741162.01,Super Premium,Corona Extra NRB 355,262.5220052,4500,355
2025-01,CORONA EXTRA BOTELLA NO RETORNABLE 355.0,-0.08,12676.05634,355,0.22936823,0,0,55234.6008,-69317.86862,-14083.26782,Super Premium,Corona Extra NRB 355,501.3857702,4500,355
2025-02,CORONA EXTRA BOTELLA NO RETORNABLE 355.0,0,12676.05634,355,0.229368395,0,0,0,0,0,Super Premium,Corona Extra NRB 355,275.082181,4500,355
2025-03,CORONA EXTRA BOTELLA NO RETORNABLE 355.0,0,12676.05634,355,0.229368395,0,0,0,0,0,Super Premium,Corona Extra NRB 355,146.9514705,4500,355
2025-06,CORONA EXTRA BOTELLA NO RETORNABLE 355.0,-0.37,12676.05634,355,0.22936823,0,0,248427.0709,-320595.1424,-72168.07146,Super Premium,Corona Extra NRB 355,148.7779177,4500,355
2025-08,CORONA EXTRA BOTELLA NO RETORNABLE 355.0,-0.34,12676.05634,355,0.22936823,0,0,227954.4799,-294600.9416,-66646.46172,Super Premium,Corona Extra NRB 355,273.0562405,4500,355
2024-01,CORONA EXTRA LATA NO RETORNABLE 269.0,2384.03,11895.91078,269,0.186100226,-0.243907999,-0.15275585,-868824130.6,1212272946,343448815.3,Super Premium,Corona Extra CAN 269,5845.374023,3200,269
2024-02,CORONA EXTRA LATA NO RETORNABLE 269.0,2363.27,11895.91078,269,0.186100226,-0.16710926,-0.154286015,-857590472,1351635436,494044963.7,Super Premium,Corona Extra CAN 269,3837.931396,3200,269
2024-03,CORONA EXTRA LATA NO RETORNABLE 269.0,2232.9,11895.91078,269,0.186100226,-0.118348012,-0.152422281,-809341124.8,1372343957,563002832.1,Super Premium,Corona Extra CAN 269,4537.75,3200,269
2024-04,CORONA EXTRA LATA NO RETORNABLE 269.0,3061.49,11895.91078,269,0.186100226,-0.125086465,-0.152584211,-1004731173,1863791982,859060809.6,Super Premium,Corona Extra CAN 269,4058.52124,3200,269
2024-05,CORONA EXTRA LATA NO RETORNABLE 269.0,2434.81,11895.91078,269,0.186100226,-0.468210537,-0.149953116,-881525040.7,783558977.1,-97966063.57,Super Premium,Corona Extra CAN 269,3858.927002,3200,269
2024-06,CORONA EXTRA LATA NO RETORNABLE 269.0,3119.58,11895.91078,269,0.186100226,-0.172010111,-0.151072705,-1129875316,1779758248,649882932.6,Super Premium,Corona Extra CAN 269,4569.516113,3200,269
2024-07,CORONA EXTRA LATA NO RETORNABLE 269.0,4238.16,11895.91078,269,0.186100226,-0.047469169,-0.163623957,-1385262358,2817944509,1432682151,Super Premium,Corona Extra CAN 269,4788.671387,3200,269
2024-08,CORONA EXTRA LATA NO RETORNABLE 269.0,4828.56,11152.41636,269,0.200000096,-0.099895135,-0.162508938,-1752076917,2781485978,1029409062,Super Premium,Corona Extra CAN 269,4023.825439,3000,269
2024-09,CORONA EXTRA LATA NO RETORNABLE 269.0,3080.44,11152.41636,269,0.200000096,-0.115073268,-0.155628378,-1117390641,1754521602,637130961,Super Premium,Corona Extra CAN 269,5063.988281,3000,269
2024-10,CORONA EXTRA LATA NO RETORNABLE 269.0,5092.28,11152.41636,269,0.200000096,-0.127638101,-0.157128336,-1847584662,2844466961,996882298.5,Super Premium,Corona Extra CAN 269,5271.682617,3000,269
2024-11,CORONA EXTRA LATA NO RETORNABLE 269.0,3475.16,11152.41636,269,0.200000096,-0.086386722,-0.161601807,-1119644384,2040985890,921341506.3,Super Premium,Corona Extra CAN 269,4320.833899,3000,269
2024-12,CORONA EXTRA LATA NO RETORNABLE 269.0,7889.9,11152.41636,269,0.200000096,-0.128673938,-0.156301065,-2862423685,4405888036,1543464351,Super Premium,Corona Extra CAN 269,6416.450113,3000,269
2025-01,CORONA EXTRA LATA NO RETORNABLE 269.0,5421.19,11152.41636,269,0.200000096,-0.235228468,-0.157524242,-1938012629,2570993306,632980676.5,Super Premium,Corona Extra CAN 269,7791.566175,3000,269
2025-02,CORONA EXTRA LATA NO RETORNABLE 269.0,4228.05,11152.41636,269,0.200000096,-0.205249627,-0.156922379,-1518776661,2106126358,587349696.2,Super Premium,Corona Extra CAN 269,5722.147257,3000,269
2025-03,CORONA EXTRA LATA NO RETORNABLE 269.0,4590,11152.41636,269,0.200000096,-0.159680307,-0.156133399,-1627249107,2452606011,825356903.9,Super Premium,Corona Extra CAN 269,5766.316529,3000,269
2025-04,CORONA EXTRA LATA NO RETORNABLE 269.0,5253.4078,11152.41636,269,0.200000096,-0.224937611,-0.158730018,-1873292491,2528697186,655404694.7,Super Premium,Corona Extra CAN 269,4934.76017,3000,269
2025-05,CORONA EXTRA LATA NO RETORNABLE 269.0,5132.7389,11152.41636,269,0.200000096,-0.149612511,-0.158519993,-1818347502,2773402053,955054551.4,Super Premium,Corona Extra CAN 269,4761.860941,3000,269
2025-06,CORONA EXTRA LATA NO RETORNABLE 269.0,5480.75198,11152.41636,269,0.200000096,-0.180998541,-0.162203967,-1946366734,2811333502,864966767.9,Super Premium,Corona Extra CAN 269,5953.51673,3000,269
2025-07,CORONA EXTRA LATA NO RETORNABLE 269.0,7795.97,11152.41636,269,0.200000096,-0.162447233,-0.16119575,-2764784824,4118005213,1353220389,Super Premium,Corona Extra CAN 269,6650.789831,3000,269
2025-08,CORONA EXTRA LATA NO RETORNABLE 269.0,8815.27813,11152.41636,269,0.200000096,-0.144783082,-0.161881164,-3139523803,4773317780,1633793977,Super Premium,Corona Extra CAN 269,6439.456034,3000,269
2024-01,CORONITA EXTRA BOTELLA NO RETORNABLE 207.0,-0.01,12077.29469,207,0.234567901,0,0,5343.2215,-8220.679576,-2877.458076,Super Premium,Corona Extra NRB 207,30.29809952,2500,207
2024-06,CORONITA EXTRA BOTELLA NO RETORNABLE 207.0,-0.05,12077.29469,207,0.234567901,0,0,26716.1075,-41103.39788,-14387.29038,Super Premium,Corona Extra NRB 207,12.44110012,2500,207
2024-08,CORONITA EXTRA BOTELLA NO RETORNABLE 207.0,-0.02,12077.29469,207,0.234567901,0,0,10686.443,-16441.35915,-5754.916152,Super Premium,Corona Extra NRB 207,7.847799778,2500,207
2025-01,CORONITA EXTRA BOTELLA NO RETORNABLE 207.0,-0.05,12077.29469,207,0.234567901,0,0,26716.1075,-41103.39788,-14387.29038,Super Premium,Corona Extra NRB 207,15.51967223,2500,207
2025-04,CORONITA EXTRA BOTELLA NO RETORNABLE 207.0,-0.07,12077.29469,207,0.234567901,0,0,32979.4794,-57544.75703,-24565.27763,Super Premium,Corona Extra NRB 207,91.76940833,2500,207
2025-06,CORONITA EXTRA BOTELLA NO RETORNABLE 207.0,-0.05,12077.29469,207,0.234567901,0,0,23556.771,-41103.39788,-17546.62688,Super Premium,Corona Extra NRB 207,105.1824569,2500,207
2025-08,CORONITA EXTRA BOTELLA NO RETORNABLE 207.0,-0.01,12077.29469,207,0.234567901,0,0,4711.3542,-8220.679576,-3509.325376,Super Premium,Corona Extra NRB 207,177.6449799,2500,207
2024-01,CORONITA EXTRA BOTELLA NO RETORNABLE 210.0,75071.48,14285.71429,210,0.210084232,-0.196075091,-0.100998563,-38645835738,52350905279,13705069541,Super Premium,Corona Extra NRB 210,71273.36719,3000,210
2024-02,CORONITA EXTRA BOTELLA NO RETORNABLE 210.0,62680.68,14285.71429,210,0.210084232,-0.14927062,-0.101443618,-32253498431,46592989508,14339491077,Super Premium,Corona Extra NRB 210,53192.64453,3000,210
2024-03,CORONITA EXTRA BOTELLA NO RETORNABLE 210.0,57320.72,14285.71429,210,0.210084232,-0.114495833,-0.101357245,-29507660468,44591129703,15083469235,Super Premium,Corona Extra NRB 210,58542.69531,3000,210
2024-04,CORONITA EXTRA BOTELLA NO RETORNABLE 210.0,65652.25,14285.71429,210,0.210084232,-0.139593161,-0.102738837,-33944295415,49347818351,15403522936,Super Premium,Corona Extra NRB 210,52458.48828,3000,210
2024-05,CORONITA EXTRA BOTELLA NO RETORNABLE 210.0,56474.16,14285.71429,210,0.210084232,-0.12440921,-0.102446582,-29346296044,43316133461,13969837416,Super Premium,Corona Extra NRB 210,47138.66406,3000,210
2024-06,CORONITA EXTRA BOTELLA NO RETORNABLE 210.0,71594.22,14285.71429,210,0.210084232,-0.06574969,-0.103120268,-37058026882,59031842534,21973815652,Super Premium,Corona Extra NRB 210,48073.58984,3000,210
2024-07,CORONITA EXTRA BOTELLA NO RETORNABLE 210.0,69976.17,14285.71429,210,0.210084232,-0.108602477,-0.092888113,-36294504192,55433155748,19138651556,Super Premium,Corona Extra NRB 210,53951.33984,3000,210
2024-08,CORONITA EXTRA BOTELLA NO RETORNABLE 210.0,84028.44,14285.71429,210,0.210084232,-0.098634175,-0.101433149,-43474024841,66683614902,23209590061,Super Premium,Corona Extra NRB 210,49420.84766,3000,210
2024-09,CORONITA EXTRA BOTELLA NO RETORNABLE 210.0,77421.21,14285.71429,210,0.210084232,-0.093064357,-0.101713253,-39973609936,61846509474,21872899538,Super Premium,Corona Extra NRB 210,50133.55078,3000,210
2024-10,CORONITA EXTRA BOTELLA NO RETORNABLE 210.0,88321.95,14285.71429,210,0.210084232,-0.107634981,-0.10173959,-45695268289,69275365222,23580096933,Super Premium,Corona Extra NRB 210,52755.98438,3000,210
2024-11,CORONITA EXTRA BOTELLA NO RETORNABLE 210.0,13698.88,12857.14286,210,0.088709677,-0.08558875,-0.100830515,-5866622012,11060407869,5193785857,Super Premium,Corona Extra NRB 210,51745.93924,2700,210
2024-12,CORONITA EXTRA BOTELLA NO RETORNABLE 210.0,100334.69,15238.09524,210,0.211356323,-0.089572171,-0.097639099,-51792940629,86206616055,34413675425,Super Premium,Corona Extra NRB 210,71531.56706,3200,210
2025-01,CORONITA EXTRA BOTELLA NO RETORNABLE 210.0,83170.94,15238.09524,210,0.211356323,-0.18213159,-0.099003923,-40886024008,63201946067,22315922059,Super Premium,Corona Extra NRB 210,67307.83774,3200,210
2025-02,CORONITA EXTRA BOTELLA NO RETORNABLE 210.0,61178.07,15238.09524,210,0.211356323,-0.136733856,-0.099304623,-30106295127,49405928855,19299633727,Super Premium,Corona Extra NRB 210,48029.14509,3200,210
2025-03,CORONITA EXTRA BOTELLA NO RETORNABLE 210.0,83893.15,15238.09524,210,0.211356323,-0.078740353,-0.099275964,-41119665399,72895632704,31775967305,Super Premium,Corona Extra NRB 210,48188.03684,3200,210
2025-04,CORONITA EXTRA BOTELLA NO RETORNABLE 210.0,80951.4144,15000,210,0.192428881,-0.100711305,-0.099679636,-39742195526,68424866492,28682670967,Super Premium,Corona Extra NRB 210,48921.04821,3150,210
2025-05,CORONITA EXTRA BOTELLA NO RETORNABLE 210.0,98662.56446,15238.09524,210,0.211356323,-0.086499409,-0.100875064,-48230929014,84752920403,36521991389,Super Premium,Corona Extra NRB 210,51630.38063,3200,210
2025-06,CORONITA EXTRA BOTELLA NO RETORNABLE 210.0,100667.36,15238.09524,210,0.211356323,-0.109299107,-0.102095146,-49153716152,83919024869,34765308717,Super Premium,Corona Extra NRB 210,56718.0116,3200,210
2025-07,CORONITA EXTRA BOTELLA NO RETORNABLE 210.0,110940.64,15396.8254,210,0.207468813,-0.091251953,-0.10040306,-54271728989,96093877393,41822148404,Super Premium,Corona Extra NRB 210,67060.84974,3233.333333,210
2025-08,CORONITA EXTRA BOTELLA NO RETORNABLE 210.0,107203.05,15714.28571,210,0.200000079,-0.083226308,-0.100701279,-52261196118,96272499593,44011303475,Super Premium,Corona Extra NRB 210,65620.94173,3300,210
2024-01,COSTENA BACANA BOTELLA RETORNABLE 320.0,86586.76,6250,320,0.188118812,-0.019264466,-0.22733188,-8933637210,28837153911,19903516701,Core,Costena Bacana RB 320,83517.33594,2000,320
2024-02,COSTENA BACANA BOTELLA RETORNABLE 320.0,70701.84,6250,320,0.188118843,-0.017750984,-0.225850565,-7260689256,23640383577,16379694321,Core,Costena Bacana RB 320,68876.78125,2000,320
2024-03,COSTENA BACANA BOTELLA RETORNABLE 320.0,75994,6250,320,0.188118906,-0.013931566,-0.226091227,-7798811386,25530129713,17731318328,Core,Costena Bacana RB 320,72067,2000,320
2024-04,COSTENA BACANA BOTELLA RETORNABLE 320.0,78606.07,6250,320,0.188118906,-0.016789424,-0.226294852,-8098262182,26301272455,18203010273,Core,Costena Bacana RB 320,72410.57813,2000,320
2024-05,COSTENA BACANA BOTELLA RETORNABLE 320.0,87787.61,6250,320,0.188118906,-0.0105372,-0.22638012,-9083181490,29612697578,20529516088,Core,Costena Bacana RB 320,69498.4375,2000,320
2024-06,COSTENA BACANA BOTELLA RETORNABLE 320.0,86434.47,6250,320,0.188118906,-0.055661309,-0.226046576,-8946219195,27444872780,18498653585,Core,Costena Bacana RB 320,69643.24219,2000,320
2024-07,COSTENA BACANA BOTELLA RETORNABLE 320.0,102496.41,6250,320,0.188118906,-0.01610926,-0.227772815,-10647729652,34258736169,23611006517,Core,Costena Bacana RB 320,75458.3125,2000,320
2024-08,COSTENA BACANA BOTELLA RETORNABLE 320.0,90062.31,6250,320,0.188118906,-0.011002608,-0.231062444,-9320986230,30175061501,20854075271,Core,Costena Bacana RB 320,73257.74219,2000,320
2024-09,COSTENA BACANA BOTELLA RETORNABLE 320.0,89052.23,6250,320,0.188118906,-0.020256535,-0.226147735,-9202835153,29665821376,20462986223,Core,Costena Bacana RB 320,72225.14844,2000,320
2024-10,COSTENA BACANA BOTELLA RETORNABLE 320.0,96246.79,6250,320,0.188118906,-0.022216972,-0.225842879,-10036480701,31992094724,21955614023,Core,Costena Bacana RB 320,75895.05469,2000,320
2024-11,COSTENA BACANA BOTELLA RETORNABLE 320.0,101828.17,6250,320,0.188118906,-0.020208528,-0.225847043,-10594081965,33937545183,23343463218,Core,Costena Bacana RB 320,76471.22475,2000,320
2024-12,COSTENA BACANA BOTELLA RETORNABLE 320.0,123267.67,6250,320,0.188118906,-0.015017322,-0.225845709,-12949591733,41365899963,28416308230,Core,Costena Bacana RB 320,86909.58466,2000,320
2025-01,COSTENA BACANA BOTELLA RETORNABLE 320.0,98786.99,6250,320,0.188118906,-0.025397005,-0.226059,-9918305484,32688141780,22769836296,Core,Costena Bacana RB 320,94726.87609,2000,320
2025-02,COSTENA BACANA BOTELLA RETORNABLE 320.0,82093.76,6250,320,0.188118906,-0.022017961,-0.225693973,-8226933688,27300303095,19073369407,Core,Costena Bacana RB 320,78357.94313,2000,320
2025-03,COSTENA BACANA BOTELLA RETORNABLE 320.0,95060.56,6250,320,0.188118906,-0.020763114,-0.225607876,-9529273771,31668764857,22139491086,Core,Costena Bacana RB 320,87152.1978,2000,320
2025-04,COSTENA BACANA BOTELLA RETORNABLE 320.0,99042.44,6250,320,0.188118906,-0.027360661,-0.225946584,-9946690408,32691618152,22744927744,Core,Costena Bacana RB 320,86895.54067,2000,320
2025-05,COSTENA BACANA BOTELLA RETORNABLE 320.0,105244.73,6250,320,0.188118906,-0.026863521,-0.226075013,-10575310412,34756004366,24180693953,Core,Costena Bacana RB 320,86340.9,2000,320
2025-06,COSTENA BACANA BOTELLA RETORNABLE 320.0,103746.82,6250,320,0.188118906,-0.059643864,-0.228382141,-10409678535,32652171942,22242493407,Core,Costena Bacana RB 320,88111.68121,2000,320
2025-07,COSTENA BACANA BOTELLA RETORNABLE 320.0,115355.39,6250,320,0.188118906,-0.022019918,-0.226477233,-11581105454,38321427002,26740321548,Core,Costena Bacana RB 320,93467.86842,2000,320
2025-08,COSTENA BACANA BOTELLA RETORNABLE 320.0,116584.77,6250,320,0.188118906,-0.024309877,-0.225433162,-11703569880,38665622199,26962052320,Core,Costena Bacana RB 320,92220.03934,2000,320
2024-05,COSTENA BACANA LATA NO RETORNABLE 269.0,0,6319.702602,269,0.228915754,0,0,0,0,0,Core,Costena Bacana CAN 269,50.5760994,1700,269
2025-02,COSTENA BACANA LATA NO RETORNABLE 269.0,0,7434.944238,269,0.318797302,0,0,0,0,0,Core,Costena Bacana CAN 269,0.382351992,2000,269
2025-03,COSTENA BACANA LATA NO RETORNABLE 269.0,1596.59,7434.944238,269,0.304347926,-0.002552874,-0.167869428,-375451271.3,634435936.9,258984665.5,Core,Costena Bacana CAN 269,20.9967494,2000,269
2025-04,COSTENA BACANA LATA NO RETORNABLE 269.0,5525.45,7156.133829,269,0.312440472,-0.039527117,-0.161706464,-1299592320,2022270888,722678567.6,Core,Costena Bacana CAN 269,574.3713431,1925,269
2025-05,COSTENA BACANA LATA NO RETORNABLE 269.0,6993.22,7434.944238,269,0.188118998,-0.022269178,-0.154659318,-1636171952,3026812865,1390640912,Core,Costena Bacana CAN 269,1364.119997,2000,269
2025-06,COSTENA BACANA LATA NO RETORNABLE 269.0,7797.35,7434.944238,269,0.188118998,-0.049252492,-0.153535211,-1827311198,3268826212,1441515015,Core,Costena Bacana CAN 269,3476.067927,2000,269
2025-07,COSTENA BACANA LATA NO RETORNABLE 269.0,13486.31,7434.944238,269,0.188118998,-0.036739137,-0.152667683,-3155780323,5748663633,2592883310,Core,Costena Bacana CAN 269,4601.449961,2000,269
2025-08,COSTENA BACANA LATA NO RETORNABLE 269.0,22390.92,7434.944238,269,0.188118998,-0.036905744,-0.149466057,-5258604620,9580071369,4321466750,Core,Costena Bacana CAN 269,5605.085417,2000,269
2024-01,COSTENA BACANA LATA NO RETORNABLE 330.0,43515.06,8484.848485,330,0.19466659,-0.267599969,-0.168695384,-10575947218,14640018096,4064070877,Core,Costena Bacana CAN 330,45154.77734,2800,330
2024-02,COSTENA BACANA LATA NO RETORNABLE 330.0,33953.31,8484.848485,330,0.19466659,-0.207899794,-0.16853951,-8220591438,12636047907,4415456469,Core,Costena Bacana CAN 330,37520.50781,2800,330
2024-03,COSTENA BACANA LATA NO RETORNABLE 330.0,30168.51,8484.848485,330,0.19466659,-0.151600549,-0.16749874,-7331389234,12259931988,4928542754,Core,Costena Bacana CAN 330,31198.73438,2800,330
2024-04,COSTENA BACANA LATA NO RETORNABLE 330.0,22855.73,8484.848485,330,0.19466659,-0.14743476,-0.161270637,-5566646835,9429934465,3863287630,Core,Costena Bacana CAN 330,27470.75,2800,330
2024-05,COSTENA BACANA LATA NO RETORNABLE 330.0,26141.28,8484.848485,330,0.19466659,-0.416644322,-0.163268336,-6400532318,6554157237,153624919.1,Core,Costena Bacana CAN 330,25141.41211,2800,330
2024-06,COSTENA BACANA LATA NO RETORNABLE 330.0,28425.69,8484.848485,330,0.19466659,-0.144371576,-0.164392461,-6973431663,11727022343,4753590680,Core,Costena Bacana CAN 330,24256.73438,2800,330
2024-07,COSTENA BACANA LATA NO RETORNABLE 330.0,45717,7803.030303,330,0.195068939,-0.092282566,-0.183661803,-11225199262,18162391500,6937192238,Core,Costena Bacana CAN 330,22270.82617,2575,330
2024-08,COSTENA BACANA LATA NO RETORNABLE 330.0,38484.82,7575.757576,330,0.195219219,-0.042796927,-0.200246404,-9478431413,15516437592,6038006179,Core,Costena Bacana CAN 330,22787.27344,2500,330
2024-09,COSTENA BACANA LATA NO RETORNABLE 330.0,3120.84,6969.69697,330,0.240449113,-0.00443143,-0.165597506,-795506994.5,1222988680,427481685.2,Core,Costena Bacana CAN 330,21314.51172,2300,330
2024-10,COSTENA BACANA LATA NO RETORNABLE 330.0,47307.51,6969.69697,330,0.240449048,-0.096542243,-0.155930712,-11614947118,16697252091,5082304973,Core,Costena Bacana CAN 330,28203.21484,2300,330
2024-11,COSTENA BACANA LATA NO RETORNABLE 330.0,6446.35,6969.69697,330,0.240449048,-0.019018237,-0.165535051,-1659740212,2481975397,822235185.5,Core,Costena Bacana CAN 330,24935.17896,2300,330
2024-12,COSTENA BACANA LATA NO RETORNABLE 330.0,56674.1,7575.757576,330,0.239669421,-0.079767184,-0.150631207,-14012727514,22398751825,8386024310,Core,Costena Bacana CAN 330,36991.11154,2500,330
2025-01,COSTENA BACANA LATA NO RETORNABLE 330.0,71191.87,7575.757576,330,0.239669421,-0.098612893,-0.149089861,-16095313443,27503824693,11408511250,Core,Costena Bacana CAN 330,42602.62952,2500,330
2025-02,COSTENA BACANA LATA NO RETORNABLE 330.0,44650.33,7575.757576,330,0.239668903,-0.167095241,-0.155422717,-10046954339,15534449248,5487494909,Core,Costena Bacana CAN 330,29284.88164,2500,330
2025-03,COSTENA BACANA LATA NO RETORNABLE 330.0,37569.43,7575.757576,330,0.239668903,-0.122365374,-0.154545643,-8429547475,13950820501,5521273026,Core,Costena Bacana CAN 330,34638.70662,2500,330
2025-04,COSTENA BACANA LATA NO RETORNABLE 330.0,36799.0194,7575.757576,330,0.239668903,-0.128982577,-0.156555833,-8238023947,13501702422,5263678475,Core,Costena Bacana CAN 330,28614.4929,2500,330
2025-05,COSTENA BACANA LATA NO RETORNABLE 330.0,42418.982,7575.757576,330,0.239668903,-0.107769882,-0.158329281,-9605936686,15987149089,6381212403,Core,Costena Bacana CAN 330,27646.4052,2500,330
2025-06,COSTENA BACANA LATA NO RETORNABLE 330.0,35668.1231,7575.757576,330,0.239668903,-0.163926036,-0.162056847,-8082909559,12345951967,4263042408,Core,Costena Bacana CAN 330,27995.84333,2500,330
2025-07,COSTENA BACANA LATA NO RETORNABLE 330.0,33266.48,8484.848485,330,0.239852227,-0.080045605,-0.148469693,-7472940944,14759150874,7286209930,Core,Costena Bacana CAN 330,29314.33734,2800,330
2025-08,COSTENA BACANA LATA NO RETORNABLE 330.0,33839.067,8484.848485,330,0.239852505,-0.08275883,-0.172474033,-7683089028,14493256960,6810167932,Core,Costena Bacana CAN 330,29441.26197,2800,330
2025-04,COSTENA BACANA LATA NO RETORNABLE 473.0,768.11,7399.577167,473,0.312499993,-0.072425309,-0.182660565,-150836496.1,271075496.3,120239000.2,Core,Costena Bacana CAN 473,333.2454223,3500,473
2025-05,COSTENA BACANA LATA NO RETORNABLE 473.0,1183.22,7399.577167,473,0.312499993,-0.094669561,-0.184528644,-232545593.8,404056403.4,171510809.6,Core,Costena Bacana CAN 473,663.6315487,3500,473
2025-06,COSTENA BACANA LATA NO RETORNABLE 473.0,1253.13,7399.577167,473,0.312499993,-0.061719295,-0.185863806,-249935642.1,446699329.2,196763687.2,Core,Costena Bacana CAN 473,993.1380148,3500,473
2025-07,COSTENA BACANA LATA NO RETORNABLE 473.0,1370.28,7399.577167,473,0.312499993,-0.089331122,-0.182809325,-280801232,472517108.5,191715876.5,Core,Costena Bacana CAN 473,997.9596942,3500,473
2025-08,COSTENA BACANA LATA NO RETORNABLE 473.0,527.49,7399.577167,473,0.312499993,0.003513176,-0.183937531,-106437019.6,204816012.6,98378993.01,Core,Costena Bacana CAN 473,1231.119156,3500,473
2024-11,COSTENA CTE BOTELLA RETORNABLE 1000.0,476.84,4000,1000,0.181818182,-0.00993646,-0.275261587,-52763127.71,96943963.72,44180836.01,Core,Costena RB 1000,101.75651,4000,1000
2024-12,COSTENA CTE BOTELLA RETORNABLE 1000.0,756.02,4000,1000,0.181818182,-0.041547456,-0.275893253,-83963113.06,146769572.8,62806459.72,Core,Costena RB 1000,397.603103,4000,1000
2025-01,COSTENA CTE BOTELLA RETORNABLE 1000.0,802.28,4000,1000,0.181818182,-0.014161041,-0.275080337,-89166879.63,162184917.8,73018038.13,Core,Costena RB 1000,377.36908,4000,1000
2025-02,COSTENA CTE BOTELLA RETORNABLE 1000.0,729.92,4000,1000,0.181818182,-0.01127638,-0.275185086,-80887101.86,148134105.1,67247003.22,Core,Costena RB 1000,1356.034573,4000,1000
2025-03,COSTENA CTE BOTELLA RETORNABLE 1000.0,396.6,4000,1000,0.181818249,-0.00899952,-0.274593088,-44105967.89,80811860.67,36705892.78,Core,Costena RB 1000,794.3975136,4000,1000
2025-04,COSTENA CTE BOTELLA RETORNABLE 1000.0,-0.02,4000,1000,0.181818316,0,-0.275088325,2204.8738,-4123.608284,-1918.734484,Core,Costena RB 1000,561.9688395,4000,1000
2025-05,COSTENA CTE BOTELLA RETORNABLE 1000.0,-0.01,4000,1000,0.181818316,83.65124085,-0.274995619,1102.4369,-239984.1221,-238881.6852,Core,Costena RB 1000,122.6512521,4000,1000
2025-06,COSTENA CTE BOTELLA RETORNABLE 1000.0,-0.01,4000,1000,0.181818316,407.8569936,-0.274986352,1102.4369,-1162094.782,-1160992.345,Core,Costena RB 1000,9.577253571,4000,1000
2025-07,COSTENA CTE BOTELLA RETORNABLE 1000.0,0,4000,1000,0.181818316,0,0,0,0,0,Core,Costena RB 1000,21.525905,4000,1000
2025-08,COSTENA CTE BOTELLA RETORNABLE 1000.0,-0.01,4000,1000,0.181818316,0,-0.275056798,1102.4369,-2061.893812,-959.4569118,Core,Costena RB 1000,58.2982,4000,1000
2024-01,COSTENA CTE BOTELLA RETORNABLE 330.0,68123.96,4545.454545,330,0.304347826,-0.013720142,-0.26830869,-7220510812,14323324435,7102813623,Value,Costena RB 330,40650.60156,1500,330
2024-02,COSTENA CTE BOTELLA RETORNABLE 330.0,85809.8,4545.454545,330,0.304347917,-0.009415161,-0.268732032,-9108897649,18139380391,9030482742,Value,Costena RB 330,52274.01953,1500,330
2024-03,COSTENA CTE BOTELLA RETORNABLE 330.0,61865.41,4545.454545,330,0.250000188,-0.011849415,-0.263959308,-6520597427,13690567928,7169970501,Value,Costena RB 330,67489.78906,1500,330
2024-04,COSTENA CTE BOTELLA RETORNABLE 330.0,50850.67,4545.454545,330,0.20000023,-0.011195524,-0.244775142,-5367421606,12043029947,6675608341,Value,Costena RB 330,56006.51563,1500,330
2024-05,COSTENA CTE BOTELLA RETORNABLE 330.0,52538.43,4545.454545,330,0.20000023,-0.01022817,-0.244236216,-5522969223,12467934544,6944965321,Value,Costena RB 330,55638.07031,1500,330
2024-06,COSTENA CTE BOTELLA RETORNABLE 330.0,51711.93,4545.454545,330,0.20000023,-0.012381421,-0.238403346,-5434783191,12332365100,6897581909,Value,Costena RB 330,57571.57813,1500,330
2024-07,COSTENA CTE BOTELLA RETORNABLE 330.0,63227.95,4545.454545,330,0.20000023,-0.01011641,-0.237065877,-6672215290,15151232366,8479017076,Value,Costena RB 330,60007.27344,1500,330
2024-08,COSTENA CTE BOTELLA RETORNABLE 330.0,70331.63,4545.454545,330,0.20000023,-0.010187122,-0.234458215,-7459811935,16910273265,9450461329,Value,Costena RB 330,61433.85547,1500,330
2024-09,COSTENA CTE BOTELLA RETORNABLE 330.0,66743.17,4848.484848,330,0.234991629,-0.01006318,-0.233939683,-7101066819,16646466003,9545399184,Value,Costena RB 330,69885.16406,1600,330
2024-10,COSTENA CTE BOTELLA RETORNABLE 330.0,78984.84,5454.545455,330,0.298076975,-0.014683766,-0.23499196,-8409220062,20926851705,12517631643,Value,Costena RB 330,67876.8125,1800,330
2024-11,COSTENA CTE BOTELLA RETORNABLE 330.0,81351.89,5454.545455,330,0.298076923,-0.0169838,-0.239525142,-8651683619,21357704408,12706020789,Value,Costena RB 330,71484.85773,1800,330
2024-12,COSTENA CTE BOTELLA RETORNABLE 330.0,109982.18,5454.545455,330,0.298076923,-0.017501543,-0.240091197,-11707172833,28832062375,17124889542,Value,Costena RB 330,83368.31013,1800,330
2025-01,COSTENA CTE BOTELLA RETORNABLE 330.0,83027.78,5454.545455,330,0.298076923,-0.022024188,-0.239404944,-8159301034,21653433659,13494132626,Value,Costena RB 330,89468.66027,1800,330
2025-02,COSTENA CTE BOTELLA RETORNABLE 330.0,78165.22,5454.545455,330,0.298076923,-0.018844765,-0.239675962,-7689786491,20465565256,12775778765,Value,Costena RB 330,87451.02938,1800,330
2025-03,COSTENA CTE BOTELLA RETORNABLE 330.0,81241.69,5454.545455,330,0.29807709,-0.012916629,-0.239363993,-7976111595,21450069520,13473957925,Value,Costena RB 330,90646.97182,1800,330
2025-04,COSTENA CTE BOTELLA RETORNABLE 330.0,93770.37,5227.272727,330,0.232143152,-0.018961726,-0.238507702,-9244936755,24822584581,15577647826,Value,Costena RB 330,96416.5412,1725,330
2025-05,COSTENA CTE BOTELLA RETORNABLE 330.0,88004.56,5454.545455,330,0.223565183,-0.015135891,-0.234951178,-8638404577,24722962581,16084558005,Value,Costena RB 330,94875.16185,1800,330
2025-06,COSTENA CTE BOTELLA RETORNABLE 330.0,86426.59,5454.545455,330,0.210762557,-0.027121872,-0.248362428,-8492382717,23705427987,15213045270,Value,Costena RB 330,95087.67993,1800,330
2025-07,COSTENA CTE BOTELLA RETORNABLE 330.0,92556.97,5454.545455,330,0.210762557,-0.015419505,-0.24608004,-9116013933,25876916116,16760902182,Value,Costena RB 330,107921.961,1800,330
2025-08,COSTENA CTE BOTELLA RETORNABLE 330.0,87505.22,5454.545455,330,0.201334963,-0.016659538,-0.242726183,-8626009092,24727119564,16101110472,Value,Costena RB 330,102069.2549,1800,330
2024-01,COSTENA CTE BOTELLA RETORNABLE 350.0,-1.72,6285.714286,350,0.2,0,-0.315613018,197803.6636,-518151.3286,-320347.665,Value,Costena RB 350,1188.96936,2200,350
2024-02,COSTENA CTE BOTELLA RETORNABLE 350.0,-0.65,6285.714286,350,0.2,0,-0.315637151,74751.3845,-195806.0973,-121054.7128,Value,Costena RB 350,1376.767578,2200,350
2024-03,COSTENA CTE BOTELLA RETORNABLE 350.0,-0.74,6285.714286,350,0.2,0,-0.316420502,85101.5762,-222662.5496,-137560.9734,Value,Costena RB 350,1269.419067,2200,350
2024-04,COSTENA CTE BOTELLA RETORNABLE 350.0,-0.65,6285.714286,350,0.2,0,-0.315376477,74751.3845,-195880.6799,-121129.2954,Value,Costena RB 350,1358.36792,2200,350
2024-05,COSTENA CTE BOTELLA RETORNABLE 350.0,-0.32,6285.714286,350,0.182795406,0,-0.315242198,36800.6816,-97855.44885,-61054.76725,Value,Costena RB 350,775.3377075,2200,350
2024-06,COSTENA CTE BOTELLA RETORNABLE 350.0,-1.48,6285.714286,350,0.182795406,0,-0.316402489,170203.1524,-451814.5725,-281611.4201,Value,Costena RB 350,1028.689209,2200,350
2024-07,COSTENA CTE BOTELLA RETORNABLE 350.0,-2.11,6285.714286,350,0.182795406,0,-0.316452228,230672.1463,-644094.1778,-413422.0315,Value,Costena RB 350,1083.752441,2200,350
2024-08,COSTENA CTE BOTELLA RETORNABLE 350.0,-0.53,6285.714286,350,0.182795406,0,-0.316747456,60951.1289,-161716.8127,-100765.6838,Value,Costena RB 350,583.5479736,2200,350
2024-09,COSTENA CTE BOTELLA RETORNABLE 350.0,-1.27,6285.714286,350,0.182795406,0,-0.316777139,146052.7051,-387493.2632,-241440.5581,Value,Costena RB 350,1142.465942,2200,350
2024-10,COSTENA CTE BOTELLA RETORNABLE 350.0,-0.95,6285.714286,350,0.182795406,0,-0.316542705,109252.0235,-289956.6241,-180704.6006,Value,Costena RB 350,2212.260254,2200,350
2024-11,COSTENA CTE BOTELLA RETORNABLE 350.0,-2.63,6285.714286,350,0.182795406,0,-0.316656676,302455.6019,-802588.1625,-500132.5606,Value,Costena RB 350,826.8597417,2200,350
2024-12,COSTENA CTE BOTELLA RETORNABLE 350.0,-2.11,6285.714286,350,0.182795406,0,-0.31686394,234666.2623,-643706.229,-409039.9667,Value,Costena RB 350,453.564392,2200,350
2025-01,COSTENA CTE BOTELLA RETORNABLE 350.0,-2.53,6285.714286,350,0.182795406,0,-0.316625148,290153.1076,-772107.1249,-481954.0173,Value,Costena RB 350,230.5155068,2200,350
2025-02,COSTENA CTE BOTELLA RETORNABLE 350.0,-0.11,6285.714286,350,0.182795406,0,-0.316998272,12650.2343,-33551.54579,-20901.31149,Value,Costena RB 350,263.6004575,2200,350
2025-03,COSTENA CTE BOTELLA RETORNABLE 350.0,-4.52,6285.714286,350,0.182795406,-0.001002438,-0.316787731,519809.6276,-1377065.043,-857255.4157,Value,Costena RB 350,165.7868524,2200,350
2024-01,COSTENA CTE BOTELLA RETORNABLE 750.0,13688.21,4000,750,0.25,-0.029727622,-0.29377708,-1409379810,2490086642,1080706831,Value,Costena RB 750,14656.9541,3000,750
2024-02,COSTENA CTE BOTELLA RETORNABLE 750.0,17691.61,4000,750,0.249999915,-0.040724974,-0.2936346,-1821496603,3166723125,1345226522,Value,Costena RB 750,19244.79102,3000,750
2024-03,COSTENA CTE BOTELLA RETORNABLE 750.0,18101.68,4000,750,0.249999745,-0.026463715,-0.294296574,-1875056229,3306321318,1431265089,Value,Costena RB 750,24871.86133,3000,750
2024-04,COSTENA CTE BOTELLA RETORNABLE 750.0,17773.42,4000,750,0.249999745,-0.01600003,-0.294884958,-1833309988,3293561826,1460251837,Value,Costena RB 750,25973.20898,3000,750
2024-05,COSTENA CTE BOTELLA RETORNABLE 750.0,21736.27,4000,750,0.249999745,0.00035232,-0.294555193,-2239907343,4125418495,1885511152,Value,Costena RB 750,26591.35742,3000,750
2024-06,COSTENA CTE BOTELLA RETORNABLE 750.0,24730.61,4000,750,0.249999745,-0.016354644,-0.294214468,-2556656329,4584887366,2028231038,Value,Costena RB 750,36018.87109,3000,750
2024-07,COSTENA CTE BOTELLA RETORNABLE 750.0,27447.94,4000,750,0.249999745,-0.036752544,-0.293850831,-2828861481,4940789824,2111928343,Value,Costena RB 750,43369.46094,3000,750
2024-08,COSTENA CTE BOTELLA RETORNABLE 750.0,28414.49,4000,750,0.249999745,-0.031394111,-0.291229168,-2928162795,5175749377,2247586582,Value,Costena RB 750,44091.32813,3000,750
2024-09,COSTENA CTE BOTELLA RETORNABLE 750.0,29026.92,4000,750,0.249999745,-0.026089383,-0.293839468,-2986079426,5308336101,2322256675,Value,Costena RB 750,44881.56641,3000,750
2024-10,COSTENA CTE BOTELLA RETORNABLE 750.0,32755.01,4000,750,0.249999745,-0.030330157,-0.294150845,-3380692647,5950019782,2569327135,Value,Costena RB 750,44040.46875,3000,750
2024-11,COSTENA CTE BOTELLA RETORNABLE 750.0,34880.75,4000,750,0.249999745,-0.028671166,-0.294042927,-3603792963,6352738206,2748945243,Value,Costena RB 750,44926.64578,3000,750
2024-12,COSTENA CTE BOTELLA RETORNABLE 750.0,40144.78,4000,750,0.249999745,-0.025576218,-0.294504283,-4153653697,7339892249,3186238552,Value,Costena RB 750,51576.17785,3000,750
2025-01,COSTENA CTE BOTELLA RETORNABLE 750.0,30139.04,4000,750,0.249999745,-0.02496688,-0.293750485,-2803350500,5521535140,2718184640,Value,Costena RB 750,57931.82031,3000,750
2025-02,COSTENA CTE BOTELLA RETORNABLE 750.0,29831.07,4000,750,0.249999745,-0.023468957,-0.294010595,-2773857460,5475043878,2701186418,Value,Costena RB 750,52643.23103,3000,750
2025-03,COSTENA CTE BOTELLA RETORNABLE 750.0,31280.92,4266.666667,750,0.250298367,-0.014475751,-0.279180677,-2907888966,6336123079,3428234112,Value,Costena RB 750,55453.35884,3200,750
2025-04,COSTENA CTE BOTELLA RETORNABLE 750.0,33810.75,4200,750,0.230764084,-0.020576892,-0.278043482,-3146562393,6800415763,3653853370,Value,Costena RB 750,52257.92929,3150,750
2025-05,COSTENA CTE BOTELLA RETORNABLE 750.0,38958.61,4266.666667,750,0.233239729,-0.015812676,-0.277603038,-3623037437,8003163228,4380125791,Value,Costena RB 750,50601.55783,3200,750
2025-06,COSTENA CTE BOTELLA RETORNABLE 750.0,35535.91,4266.666667,750,0.224880608,-0.00813159,-0.276871648,-3305552113,7437372110,4131819998,Value,Costena RB 750,52478.85712,3200,750
2025-07,COSTENA CTE BOTELLA RETORNABLE 750.0,40302.75,4266.666667,750,0.224880608,-0.019386163,-0.273847948,-3750547844,8337930210,4587382365,Value,Costena RB 750,57288.20772,3200,750
2025-08,COSTENA CTE BOTELLA RETORNABLE 750.0,37038.28,4266.666667,750,0.214709512,-0.015429523,-0.269864843,-3435430950,7813530956,4378100007,Value,Costena RB 750,56015.292,3200,750
2024-01,COSTENA CTE LATA NO RETORNABLE 330.0,18402.25,4545.454545,330,0.194029851,-0.731218343,-0.199356044,-4462744237,408701118.5,-4054043118,Core,Costena CAN 330,19795,1500,330
2024-02,COSTENA CTE LATA NO RETORNABLE 330.0,20883.82,4545.454545,330,0.194029851,-0.481440883,-0.199591476,-5068639178,2130942547,-2937696631,Core,Costena CAN 330,16166.6582,1500,330
2024-03,COSTENA CTE LATA NO RETORNABLE 330.0,17896.14,4545.454545,330,0.194029851,-0.342791771,-0.194853117,-4338031708,2646977233,-1691054475,Core,Costena CAN 330,21525.44922,1500,330
2024-04,COSTENA CTE LATA NO RETORNABLE 330.0,16161.97,4545.454545,330,0.194029851,-0.383366322,-0.180761105,-3925681285,2253559410,-1672121875,Core,Costena CAN 330,16062.56348,1500,330
2024-05,COSTENA CTE LATA NO RETORNABLE 330.0,11706.05,4545.454545,330,0.194029851,-2.173602279,-0.180583941,-2838602627,-5071120597,-7909723224,Core,Costena CAN 330,13271.95605,1500,330
2024-06,COSTENA CTE LATA NO RETORNABLE 330.0,12800.16,4545.454545,330,0.194029851,-0.728515782,-0.180504494,-3099641719,372541954.1,-2727099765,Core,Costena CAN 330,12850.85156,1500,330
2024-07,COSTENA CTE LATA NO RETORNABLE 330.0,18214.75,4545.454545,330,0.194029851,-0.482729783,-0.180057181,-4414117841,1964910371,-2449207470,Core,Costena CAN 330,14813.45801,1500,330
2024-08,COSTENA CTE LATA NO RETORNABLE 330.0,16856.36,4545.454545,330,0.194029851,-0.315527606,-0.178627683,-4088856146,2727697371,-1361158774,Core,Costena CAN 330,15939.4707,1500,330
2024-09,COSTENA CTE LATA NO RETORNABLE 330.0,10021.62,4545.454545,330,0.194029851,-0.106665035,-0.179927754,-2426858742,2287128676,-139730066.5,Core,Costena CAN 330,12751.6875,1500,330
2024-10,COSTENA CTE LATA NO RETORNABLE 330.0,13710.17,4545.454545,330,0.194029851,-0.443000256,-0.180449984,-3324860651,1651506885,-1673353766,Core,Costena CAN 330,12956.33594,1500,330
2024-11,COSTENA CTE LATA NO RETORNABLE 330.0,16013.84,4545.454545,330,0.194029851,0.050410195,-0.180268127,-3882689331,4457597222,574907890.7,Core,Costena CAN 330,10601.18151,1500,330
2024-12,COSTENA CTE LATA NO RETORNABLE 330.0,20426.52,4545.454545,330,0.194029851,-0.252543225,-0.180554514,-4940430507,3704398896,-1236031611,Core,Costena CAN 330,16783.27462,1500,330
2025-01,COSTENA CTE LATA NO RETORNABLE 330.0,13094.13,4545.454545,330,0.194029851,-1.068470726,-0.180263513,-2796404544,-1041903254,-3838307799,Core,Costena CAN 330,19712.4546,1500,330
2025-02,COSTENA CTE LATA NO RETORNABLE 330.0,14336.04,4545.454545,330,0.194029851,-0.197285181,-0.180401363,-3064182251,2853997375,-210184875.7,Core,Costena CAN 330,10593.80749,1500,330
2025-03,COSTENA CTE LATA NO RETORNABLE 330.0,6304.61,4545.454545,330,0.194029851,-0.565571774,-0.180020429,-1352928737,513102129.7,-839826607.2,Core,Costena CAN 330,13483.54716,1500,330
2025-04,COSTENA CTE LATA NO RETORNABLE 330.0,11136.08,4545.454545,330,0.194029851,-0.141928752,-0.181274668,-2357695990,2411046970,53350980.75,Core,Costena CAN 330,12238.76705,1500,330
2025-05,COSTENA CTE LATA NO RETORNABLE 330.0,11408.46,4545.454545,330,0.194029851,-0.119856631,-0.185041818,-2427004701,2536824687,109819985.6,Core,Costena CAN 330,14110.26159,1500,330
2025-06,COSTENA CTE LATA NO RETORNABLE 330.0,13088.08,4545.454545,330,0.194029851,-0.096297273,-0.183060104,-2769817526,3017248357,247430831.1,Core,Costena CAN 330,12319.58294,1500,330
2025-07,COSTENA CTE LATA NO RETORNABLE 330.0,15365.67,4545.454545,330,0.194029851,-0.094729451,-0.180775049,-3251178515,3561249224,310070709.6,Core,Costena CAN 330,15474.30569,1500,330
2025-08,COSTENA CTE LATA NO RETORNABLE 330.0,16675.41,4545.454545,330,0.194029851,-0.092668059,-0.180471365,-3525049078,3877419657,352370578.9,Core,Costena CAN 330,16629.85145,1500,330
2024-01,COSTENITA CTE BOTELLA RETORNABLE 175.0,40886.68,11428.57143,175,0.223832528,-0.049792607,-0.267572786,-5232395913,21902472427,16670076514,Premium,Costenita RB 175,34992.85938,2000,175
2024-02,COSTENITA CTE BOTELLA RETORNABLE 175.0,27405.17,11428.57143,175,0.223832437,-0.057095884,-0.268320821,-3518135207,14507450852,10989315645,Premium,Costenita RB 175,31587.97461,2000,175
2024-03,COSTENITA CTE BOTELLA RETORNABLE 175.0,33976.09,11428.57143,175,0.223832256,-0.055900182,-0.268525309,-4330583243,18012323686,13681740443,Premium,Costenita RB 175,31901.93945,2000,175
2024-04,COSTENITA CTE BOTELLA RETORNABLE 175.0,32066.79,11428.57143,175,0.223832256,-0.057760542,-0.268224397,-4114620354,16960872074,12846251720,Premium,Costenita RB 175,30364.45898,2000,175
2024-05,COSTENITA CTE BOTELLA RETORNABLE 175.0,38639.91,11428.57143,175,0.223832256,-0.059970316,-0.26738974,-4956983937,20395851926,15438867989,Premium,Costenita RB 175,29922.49609,2000,175
2024-06,COSTENITA CTE BOTELLA RETORNABLE 175.0,35244.64,11428.57143,175,0.223832256,-0.108965464,-0.266866875,-4510719170,17263046201,12752327031,Premium,Costenita RB 175,30285.70313,2000,175
2024-07,COSTENITA CTE BOTELLA RETORNABLE 175.0,43499.6,11428.57143,175,0.223832256,-0.042836571,-0.273761142,-5586107825,23328390768,17742282943,Premium,Costenita RB 175,33068.95703,2000,175
2024-08,COSTENITA CTE BOTELLA RETORNABLE 175.0,38628.52,11428.57143,175,0.223832256,-0.044728115,-0.278207925,-4946692904,20523945653,15577252749,Premium,Costenita RB 175,31945.82031,2000,175
2024-09,COSTENITA CTE BOTELLA RETORNABLE 175.0,34273.11,11428.57143,175,0.223832256,-0.055461822,-0.269105518,-4451783115,18165972886,13714189771,Premium,Costenita RB 175,33720.15625,2000,175
2024-10,COSTENITA CTE BOTELLA RETORNABLE 175.0,45844.58,11428.57143,175,0.223832256,-0.070604563,-0.268847254,-5899675103,23763783718,17864108615,Premium,Costenita RB 175,34169.59375,2000,175
2024-11,COSTENITA CTE BOTELLA RETORNABLE 175.0,43678.44,11428.57143,175,0.223832256,-0.059056949,-0.268895566,-5644958402,23035103568,17390145166,Premium,Costenita RB 175,32989.54647,2000,175
2024-12,COSTENITA CTE BOTELLA RETORNABLE 175.0,59456.67,11428.57143,175,0.223832256,-0.045049469,-0.268896018,-7630140924,32009751145,24379610222,Premium,Costenita RB 175,38435.86718,2000,175
2025-01,COSTENITA CTE BOTELLA RETORNABLE 175.0,52251.46,11428.57143,175,0.223832256,-0.041947048,-0.268950724,-6495607004,28255641653,21760034649,Premium,Costenita RB 175,42597.56399,2000,175
2025-02,COSTENITA CTE BOTELLA RETORNABLE 175.0,41233.26,11428.57143,175,0.223832256,-0.067444789,-0.269113413,-5122045284,21467110501,16345065217,Premium,Costenita RB 175,34402.83377,2000,175
2025-03,COSTENITA CTE BOTELLA RETORNABLE 175.0,46776.75,11428.57143,175,0.223832256,-0.053550662,-0.26908627,-5805615512,24864209034,19058593523,Premium,Costenita RB 175,35633.85167,2000,175
2025-04,COSTENITA CTE BOTELLA RETORNABLE 175.0,49263.16425,11428.57143,175,0.223832256,-0.064021316,-0.268777596,-6099856758,25793016723,19693159965,Premium,Costenita RB 175,37282.93231,2000,175
2025-05,COSTENITA CTE BOTELLA RETORNABLE 175.0,53154.087,11428.57143,175,0.223832256,-0.048557412,-0.270720357,-6608892384,28394203305,21785310921,Premium,Costenita RB 175,37510.7278,2000,175
2025-06,COSTENITA CTE BOTELLA RETORNABLE 175.0,50403.86125,11428.57143,175,0.223832256,-0.082458794,-0.271989016,-6273861454,25533964856,19260103402,Premium,Costenita RB 175,38599.51917,2000,175
2025-07,COSTENITA CTE BOTELLA RETORNABLE 175.0,61101.12,11428.57143,175,0.223832256,-0.03716715,-0.27129599,-7617136218,33157944094,25540807876,Premium,Costenita RB 175,41218.81376,2000,175
2025-08,COSTENITA CTE BOTELLA RETORNABLE 175.0,60893.4715,11428.57143,175,0.219903706,-0.031168083,-0.269526619,-7587126658,33524089128,25936962470,Premium,Costenita RB 175,40813.32706,2000,175
2024-02,KAUFMANN OTRAS LATA NO RETORNABLE 330.0,80.15,6060.606061,330,0.259842869,-0.414901776,-0.117236666,-19922680.5,15159106.42,-4763574.085,Value,Kaufmann CAN 330,0.132599995,2000,330
2024-03,KAUFMANN OTRAS LATA NO RETORNABLE 330.0,651.04,6060.606061,330,0.259842869,-0.160502009,-0.117412115,-168386670.9,190041843.7,21655172.81,Value,Kaufmann CAN 330,39.7901001,2000,330
2024-04,KAUFMANN OTRAS LATA NO RETORNABLE 330.0,1520.19,6060.606061,330,0.259842869,-0.129007807,-0.117707162,-384170616.1,462924239.1,78753622.97,Value,Kaufmann CAN 330,156.9627075,2000,330
2024-05,KAUFMANN OTRAS LATA NO RETORNABLE 330.0,1746.71,6060.606061,330,0.259842869,0.016744032,-0.117202249,-441759919,635177140,193417221,Value,Kaufmann CAN 330,642.9375,2000,330
2024-06,KAUFMANN OTRAS LATA NO RETORNABLE 330.0,2624.71,6060.606061,330,0.259842869,-0.099258781,-0.117214928,-673624966.6,831357104,157732137.3,Value,Kaufmann CAN 330,836.2332153,2000,330
2024-07,KAUFMANN OTRAS LATA NO RETORNABLE 330.0,752.28,6060.606061,330,0.259842869,-0.032932491,-0.116998408,-198307232.2,258515423.4,60208191.15,Value,Kaufmann CAN 330,1454.927246,2000,330
2024-08,KAUFMANN OTRAS LATA NO RETORNABLE 330.0,203.94,6060.606061,330,0.259842869,-0.050851839,-0.137863926,-54485811.45,66884912.59,12399101.14,Value,Kaufmann CAN 330,2347.124023,2000,330
2024-09,KAUFMANN OTRAS LATA NO RETORNABLE 330.0,188.26,4545.454545,330,0.2,-0.006638505,-0.123649564,-46870311.71,52117382.27,5247070.555,Value,Kaufmann CAN 330,910.3446045,1500,330
2024-10,KAUFMANN OTRAS LATA NO RETORNABLE 330.0,31.63,4545.454545,330,0.2,-0.008767942,-0.11298668,-8011091.576,8842278.239,831186.6631,Value,Kaufmann CAN 330,1119.620117,1500,330
2024-11,KAUFMANN OTRAS LATA NO RETORNABLE 330.0,4740.72,4545.454545,330,0.2,-0.020311268,-0.100209449,-1173278122,1327147004,153868882.7,Value,Kaufmann CAN 330,1431.513364,1500,330
2024-12,KAUFMANN OTRAS LATA NO RETORNABLE 330.0,6943.11,4545.454545,330,0.2,-0.062631041,-0.102688064,-1722155339,1844691007,122535668.5,Value,Kaufmann CAN 330,1117.059508,1500,330
2025-01,KAUFMANN OTRAS LATA NO RETORNABLE 330.0,3329.01,4545.454545,330,0.2,-0.161311815,-0.107510545,-713446881.8,774795542.3,61348660.43,Value,Kaufmann CAN 330,1537.525351,1500,330
2025-02,KAUFMANN OTRAS LATA NO RETORNABLE 330.0,4093.25,4545.454545,330,0.2,-0.134476837,-0.100691254,-883260800.5,996513944.9,113253144.4,Value,Kaufmann CAN 330,1066.058198,1500,330
2025-03,KAUFMANN OTRAS LATA NO RETORNABLE 330.0,6958.08,4545.454545,330,0.199999904,-0.090751855,-0.098720979,-1485084099,1795172305,310088205.6,Value,Kaufmann CAN 330,2444.399562,1500,330
2025-04,KAUFMANN OTRAS LATA NO RETORNABLE 330.0,5898.95,4924.242424,330,0.299999792,-0.235368242,-0.097741273,-1252981677,1252213603,-768073.3309,Value,Kaufmann CAN 330,3849.799755,1625,330
2025-05,KAUFMANN OTRAS LATA NO RETORNABLE 330.0,9177.31,4545.454545,330,0.199999808,-0.113685529,-0.10226895,-1941851857,2290371133,348519275.3,Value,Kaufmann CAN 330,4195.202604,1500,330
2025-06,KAUFMANN OTRAS LATA NO RETORNABLE 330.0,11590.2,4545.454545,330,0.199999808,-0.089463017,-0.104520239,-2445391422,2973611143,528219721.1,Value,Kaufmann CAN 330,4589.041769,1500,330
2025-07,KAUFMANN OTRAS LATA NO RETORNABLE 330.0,9357.2,4848.484848,330,0.109826826,-0.151040538,-0.095745745,-2011400529,2587426345,576025816.6,Value,Kaufmann CAN 330,5185.929176,1600,330
2025-08,KAUFMANN OTRAS LATA NO RETORNABLE 330.0,8494.01,5454.545455,330,0.170732134,-0.156023921,-0.08983604,-1819809083,2507949757,688140673.1,Value,Kaufmann CAN 330,4350.453466,1800,330
2024-01,MICHELOB ULTRA CTE BOTELLA NO RETORNABLE 355.0,1267.06,7042.253521,355,0.351351169,-0.231640645,-0.454679936,-678660423.7,174052264.9,-504608158.8,Premium,Michelob Ultra NRB 355,1625.720947,2500,355
2024-02,MICHELOB ULTRA CTE BOTELLA NO RETORNABLE 355.0,1151.43,7042.253521,355,0.351351169,-0.233161033,-0.409172092,-621854894.5,180348582.8,-441506311.7,Premium,Michelob Ultra NRB 355,1733.10376,2500,355
2024-03,MICHELOB ULTRA CTE BOTELLA NO RETORNABLE 355.0,898.59,7042.253521,355,0.351351169,-0.137235967,-0.461964685,-479613397.5,157719379.4,-321894018.1,Premium,Michelob Ultra NRB 355,1526.084961,2500,355
2024-04,MICHELOB ULTRA CTE BOTELLA NO RETORNABLE 355.0,1436.31,7042.253521,355,0.351351169,-0.175571868,-0.460692333,-768367387.2,228786662.6,-539580724.6,Premium,Michelob Ultra NRB 355,1316.829346,2500,355
2024-05,MICHELOB ULTRA CTE BOTELLA NO RETORNABLE 355.0,1609.53,7042.253521,355,0.351351169,-0.347400484,-0.493983266,-859627202.4,111800366.6,-747826835.8,Premium,Michelob Ultra NRB 355,1921.912354,2500,355
2024-06,MICHELOB ULTRA CTE BOTELLA NO RETORNABLE 355.0,1222.21,7042.253521,355,0.351351169,-0.184288476,-0.491455919,-654384748.9,173552069.8,-480832679.1,Premium,Michelob Ultra NRB 355,1995.396973,2500,355
2024-07,MICHELOB ULTRA CTE BOTELLA NO RETORNABLE 355.0,1955.66,7042.253521,355,0.351351169,-0.149826302,-0.495439457,-1044295297,303803614.1,-740491683.2,Premium,Michelob Ultra NRB 355,2246.299072,2500,355
2024-08,MICHELOB ULTRA CTE BOTELLA NO RETORNABLE 355.0,2079.93,7042.253521,355,0.351351169,-0.151058838,-0.504484937,-1113117653,313746744.9,-799370907.7,Premium,Michelob Ultra NRB 355,1962.142212,2500,355
2024-09,MICHELOB ULTRA CTE BOTELLA NO RETORNABLE 355.0,1156.02,7417.840376,355,0.337094443,-0.1370405,-0.477798304,-617415199.9,207575605,-409839594.8,Premium,Michelob Ultra NRB 355,1752.990601,2633.333333,355
2024-10,MICHELOB ULTRA CTE BOTELLA NO RETORNABLE 355.0,1684.08,7605.633803,355,0.330595483,-0.188743051,-0.457979839,-903449900.6,285772624,-617677276.6,Premium,Michelob Ultra NRB 355,1825.971558,2700,355
2024-11,MICHELOB ULTRA CTE BOTELLA NO RETORNABLE 355.0,1520.45,7605.633803,355,0.330595483,-0.170030289,-0.531594745,-815882196.4,217909884.6,-597972311.8,Premium,Michelob Ultra NRB 355,1704.168522,2700,355
2024-12,MICHELOB ULTRA CTE BOTELLA NO RETORNABLE 355.0,1351.19,7605.633803,355,0.330595483,-0.176486117,-0.603788436,-726267984.7,142606454.9,-583661529.8,Premium,Michelob Ultra NRB 355,1825.295009,2700,355
2025-01,MICHELOB ULTRA CTE BOTELLA NO RETORNABLE 355.0,148.83,7605.633803,355,0.330595483,-0.167032084,-0.667533128,-71082634.32,11826595.06,-59256039.26,Premium,Michelob Ultra NRB 355,860.0670094,2700,355
2025-02,MICHELOB ULTRA CTE BOTELLA NO RETORNABLE 355.0,3.03,7605.633803,355,0.330595483,-0.000791524,-0.506415593,-1446937.072,717215.1601,-729721.9122,Premium,Michelob Ultra NRB 355,416.3935529,2700,355
2025-03,MICHELOB ULTRA CTE BOTELLA NO RETORNABLE 355.0,3.78,12676.05634,355,0.210762451,0.001321918,-0.284477314,-2066284.125,2383938.657,317654.532,Premium,Michelob Ultra NRB 355,45.36551857,4500,355
2025-04,MICHELOB ULTRA CTE BOTELLA NO RETORNABLE 355.0,21.23,12676.05634,355,0.210762451,-0.00158454,-0.298978095,-11948881.12,13064027.29,1115146.161,Premium,Michelob Ultra NRB 355,101.8499302,4500,355
2025-05,MICHELOB ULTRA CTE BOTELLA NO RETORNABLE 355.0,16.47,12676.05634,355,0.210762451,-0.007166827,-0.124935361,-9329766.419,12575939.76,3246173.337,Premium,Michelob Ultra NRB 355,47.61191506,4500,355
2025-06,MICHELOB ULTRA CTE BOTELLA NO RETORNABLE 355.0,15.35,12676.05634,355,0.210762451,-0.003132606,-0.12428908,-8685944.589,11783954.32,3098009.735,Premium,Michelob Ultra NRB 355,12.94399547,4500,355
2025-07,MICHELOB ULTRA CTE BOTELLA NO RETORNABLE 355.0,740.78,10798.12207,355,0.210526583,-0.161436523,-0.371144891,-412242752.9,259550676.6,-152692076.2,Premium,Michelob Ultra NRB 355,18.80649831,3833.333333,355
2025-08,MICHELOB ULTRA CTE BOTELLA NO RETORNABLE 355.0,194.77,9859.15493,355,0.210375003,-0.275795997,-0.361245145,-109826166.5,48389624.02,-61436542.47,Premium,Michelob Ultra NRB 355,98.82091735,3500,355
2024-09,MICHELOB ULTRA CTE LATA NO RETORNABLE 269.0,1257.57,10223.04833,269,0.235955028,-0.133345422,-0.17025221,-388405249.3,608727877.5,220322628.3,Premium,Michelob Ultra CAN 269,62.03770065,2750,269
2024-10,MICHELOB ULTRA CTE LATA NO RETORNABLE 269.0,1919.68,10223.04833,269,0.235955028,-0.254825391,-0.168452584,-589397536.1,769531074.6,180133538.5,Premium,Michelob Ultra CAN 269,1397.446777,2750,269
2024-11,MICHELOB ULTRA CTE LATA NO RETORNABLE 269.0,1671.56,10223.04833,269,0.235955028,-0.316704062,-0.169113011,-512887743.4,597407135.1,84519391.66,Premium,Michelob Ultra CAN 269,874.390682,2750,269
2024-12,MICHELOB ULTRA CTE LATA NO RETORNABLE 269.0,2268.21,10223.04833,269,0.235955028,-0.238081919,-0.170378919,-661742282.2,932604584.6,270862302.4,Premium,Michelob Ultra CAN 269,1376.00257,2750,269
2025-01,MICHELOB ULTRA CTE LATA NO RETORNABLE 269.0,1920.89,10223.04833,269,0.235955028,-0.404526421,-0.16945937,-491853689,568797087.9,76943398.91,Premium,Michelob Ultra CAN 269,2165.452198,2750,269
2025-02,MICHELOB ULTRA CTE LATA NO RETORNABLE 269.0,960.21,10223.04833,269,0.235955028,-0.956215318,-0.171693568,-238074397.9,-85368514.7,-323442912.6,Premium,Michelob Ultra CAN 269,906.1178456,2750,269
2025-03,MICHELOB ULTRA CTE LATA NO RETORNABLE 269.0,205.78,10223.04833,269,0.235955028,-0.500999096,-0.175694596,-51458584.18,46243226.13,-5215358.05,Premium,Michelob Ultra CAN 269,1232.3194,2750,269
2025-04,MICHELOB ULTRA CTE LATA NO RETORNABLE 269.0,5383,10223.04833,269,0.235955028,-0.059755864,-0.173587712,-1342244782,2868507188,1526262406,Premium,Michelob Ultra CAN 269,869.3031972,2750,269
2025-05,MICHELOB ULTRA CTE LATA NO RETORNABLE 269.0,472.94141,10223.04833,269,0.235955028,-0.113994672,-0.170892098,-117085086.5,235078514.7,117993428.2,Premium,Michelob Ultra CAN 269,1128.353685,2750,269
2025-06,MICHELOB ULTRA CTE LATA NO RETORNABLE 269.0,765.74,10223.04833,269,0.235955028,-0.542283721,-0.175854206,-192287137.4,150019861.5,-42267275.85,Premium,Michelob Ultra CAN 269,914.5413983,2750,269
2025-07,MICHELOB ULTRA CTE LATA NO RETORNABLE 269.0,570.94,10223.04833,269,0.235955028,-0.475488354,-0.172149651,-143868693.9,139833206.1,-4035487.873,Premium,Michelob Ultra CAN 269,880.7620551,2750,269
2025-08,MICHELOB ULTRA CTE LATA NO RETORNABLE 269.0,1098.92739,10223.04833,269,0.235955028,-0.200407213,-0.169995823,-273362172.4,480908448.6,207546276.1,Premium,Michelob Ultra CAN 269,911.1426078,2750,269
2024-01,MODELO ESPECIAL BOTELLA NO RETORNABLE 355.0,10.73,18309.85915,355,0.180030219,-0.21634006,-0.182217528,-7715463.476,8414700.924,699237.4479,Premium,Modelo Especial NRB 355,19.82789993,6500,355
2024-02,MODELO ESPECIAL BOTELLA NO RETORNABLE 355.0,76.43,18309.85915,355,0.180030219,-0.142599683,-0.182360659,-54957397.34,67272576.41,12315179.07,Premium,Modelo Especial NRB 355,122.5627975,6500,355
2024-03,MODELO ESPECIAL BOTELLA NO RETORNABLE 355.0,784.79,18309.85915,355,0.180030219,-0.102908397,-0.182420941,-564307518.8,731314740.8,167007222,Premium,Modelo Especial NRB 355,131.4272003,6500,355
2024-04,MODELO ESPECIAL BOTELLA NO RETORNABLE 355.0,313.36,18309.85915,355,0.180030219,-0.124645109,-0.156103936,-225323212.7,293879246.9,68556034.2,Premium,Modelo Especial NRB 355,409.954895,6500,355
2024-05,MODELO ESPECIAL BOTELLA NO RETORNABLE 355.0,340.9,18309.85915,355,0.180030219,-0.65326281,-0.153611081,-245125999.5,85844584.84,-159281414.7,Premium,Modelo Especial NRB 355,407.2658081,6500,355
2024-06,MODELO ESPECIAL BOTELLA NO RETORNABLE 355.0,576.51,18309.85915,355,0.180030219,-0.241817265,-0.152833214,-414542651.7,455048786.7,40506134.94,Premium,Modelo Especial NRB 355,548.2611084,6500,355
2024-07,MODELO ESPECIAL BOTELLA NO RETORNABLE 355.0,1174.8,18309.85915,355,0.180030219,-0.294522911,-0.149214655,-844746330.9,852096110.3,7349779.368,Premium,Modelo Especial NRB 355,940.6334839,6500,355
2024-08,MODELO ESPECIAL BOTELLA NO RETORNABLE 355.0,788.49,18309.85915,355,0.180030219,-0.197133264,-0.149244699,-566968023.9,671997703.7,105029679.8,Premium,Modelo Especial NRB 355,592.5015259,6500,355
2024-09,MODELO ESPECIAL BOTELLA NO RETORNABLE 355.0,1077.03,18309.85915,355,0.180030219,-0.127811168,-0.150160717,-774444280.5,1013974008,239529727.1,Premium,Modelo Especial NRB 355,684.5831909,6500,355
2024-10,MODELO ESPECIAL BOTELLA NO RETORNABLE 355.0,976.65,18309.85915,355,0.180030219,-0.227251403,-0.147750144,-702197544.1,795907889.3,93710345.13,Premium,Modelo Especial NRB 355,1723.974243,6500,355
2024-11,MODELO ESPECIAL BOTELLA NO RETORNABLE 355.0,215.25,18309.85915,355,0.180030219,-0.288286519,-0.140178205,-154761429.9,160409880.1,5648450.155,Premium,Modelo Especial NRB 355,486.2677591,6500,355
2024-12,MODELO ESPECIAL BOTELLA NO RETORNABLE 355.0,87.22,18309.85915,355,0.180030219,-0.337195176,-0.139678669,-62716015.48,59493213.81,-3222801.664,Premium,Modelo Especial NRB 355,555.0820303,6500,355
2025-01,MODELO ESPECIAL BOTELLA NO RETORNABLE 355.0,0.11,18309.85915,355,0.180030219,-0.001061348,-0.145591158,-65736.53471,122394.9546,56658.41986,Premium,Modelo Especial NRB 355,279.2117492,6500,355
2025-02,MODELO ESPECIAL BOTELLA NO RETORNABLE 355.0,-0.03,18309.85915,355,0.180030219,0,0,14916.2185,-39117.05653,-24200.83803,Premium,Modelo Especial NRB 355,61.14872491,6500,355
2025-03,MODELO ESPECIAL BOTELLA NO RETORNABLE 355.0,-0.07,18309.85915,355,0.180030219,0,0,34804.50982,-91273.1319,-56468.62207,Premium,Modelo Especial NRB 355,11.70622058,6500,355
2025-05,MODELO ESPECIAL BOTELLA NO RETORNABLE 355.0,975.50645,16901.40845,355,0.210084027,-0.000674257,-0.155263093,-526137834.9,966418502.1,440280667.2,Premium,Modelo Especial NRB 355,83.59368255,6000,355
2025-06,MODELO ESPECIAL BOTELLA NO RETORNABLE 355.0,1627.54095,16901.40845,355,0.210084027,-0.046841469,-0.158355772,-885291697.5,1518279395,632987697.8,Premium,Modelo Especial NRB 355,484.3324059,6000,355
2025-07,MODELO ESPECIAL BOTELLA NO RETORNABLE 355.0,2223.17,16901.40845,355,0.210084027,-0.064749106,-0.156247401,-1212057399,2032696250,820638851,Premium,Modelo Especial NRB 355,764.0420641,6000,355
2025-08,MODELO ESPECIAL BOTELLA NO RETORNABLE 355.0,845.20105,16901.40845,355,0.210084027,-0.269915481,-0.151571109,-447116411.1,573896882.9,126780471.8,Premium,Modelo Especial NRB 355,799.7004413,6000,355
2024-07,NATIVA T. BOTELLA RETORNABLE 250.0,283.77,4800,250,0.161664738,-0.107717578,-0.153603545,-43915719.96,72783951.38,28868231.42,Value,Nativa RB 250,26.64459991,1200,250
2024-08,NATIVA T. BOTELLA RETORNABLE 250.0,80.85,4800,250,0.199999664,-0.022557576,-0.151869098,-12514496.05,22436175.5,9921679.449,Value,Nativa RB 250,2.542399883,1200,250
2024-09,NATIVA T. BOTELLA RETORNABLE 250.0,28.22,4800,250,0.199999664,-0.122984805,-0.153796862,-4390773.791,6860244.399,2469470.609,Value,Nativa RB 250,10.42720032,1200,250
2024-10,NATIVA T. BOTELLA RETORNABLE 250.0,66.22,4800,250,0.199999664,-0.094258566,-0.154032717,-10365235.31,16732156.35,6366921.036,Value,Nativa RB 250,94.72910309,1200,250
2024-11,NATIVA T. BOTELLA RETORNABLE 250.0,218.03,4800,250,0.199999664,-0.140325222,-0.153914212,-33724133.96,51723367.84,17999233.87,Value,Nativa RB 250,251.4363186,1200,250
2025-06,NATIVA T. BOTELLA RETORNABLE 250.0,0,6000,250,0.325088011,0,0,0,0,0,Value,Nativa RB 250,34.04302897,1500,250
2024-01,NATIVA T. BOTELLA RETORNABLE 330.0,10462.81,4545.454545,330,0.061421167,-0.012463118,-0.350475648,-1520830076,2398678991,877848915.6,Value,Nativa RB 330,33740.01563,1500,330
2024-02,NATIVA T. BOTELLA RETORNABLE 330.0,7131.14,4545.454545,330,0.061421167,-0.009045074,-0.345186947,-1036353719,1657212052,620858333.7,Value,Nativa RB 330,29966.37305,1500,330
2024-03,NATIVA T. BOTELLA RETORNABLE 330.0,5382.52,4545.454545,330,0.061421167,-0.01009187,-0.321399513,-782561193.4,1294897152,512335958.5,Value,Nativa RB 330,29016.29688,1500,330
2024-04,NATIVA T. BOTELLA RETORNABLE 330.0,6360.13,4545.454545,330,0.061421167,-0.011032275,-0.31081499,-924325373.7,1552158701,627833327.1,Value,Nativa RB 330,26429.32813,1500,330
2024-05,NATIVA T. BOTELLA RETORNABLE 330.0,6335.4,4545.454545,330,0.061421167,-0.008766339,-0.297723479,-921074956.8,1581136978,660062020.9,Value,Nativa RB 330,26684.28516,1500,330
2024-06,NATIVA T. BOTELLA RETORNABLE 330.0,4130.99,4545.454545,330,0.061421167,-0.005451738,-0.298749224,-600680896,1034381111,433700214.9,Value,Nativa RB 330,24816.74609,1500,330
2024-07,NATIVA T. BOTELLA RETORNABLE 330.0,4766.36,4545.454545,330,0.061421167,-0.00837972,-0.297302541,-692924413.6,1190934060,498009646.5,Value,Nativa RB 330,20525.46289,1500,330
2024-08,NATIVA T. BOTELLA RETORNABLE 330.0,3616.25,4545.454545,330,0.061421167,-0.007419767,-0.294954164,-525472627.6,907870201.3,382397573.8,Value,Nativa RB 330,20214.49609,1500,330
2024-09,NATIVA T. BOTELLA RETORNABLE 330.0,3787.82,4545.454545,330,0.061421167,-0.028765351,-0.297062031,-550623974.2,918973642.7,368349668.5,Value,Nativa RB 330,18960.19336,1500,330
2024-10,NATIVA T. BOTELLA RETORNABLE 330.0,2841.93,4545.454545,330,0.061421167,-0.009523439,-0.297412671,-413036496.9,708809064,295772567.1,Value,Nativa RB 330,20254.41992,1500,330
2024-11,NATIVA T. BOTELLA RETORNABLE 330.0,2782.07,4545.454545,330,0.061421167,-0.009068382,-0.297633489,-404459553.2,694113826,289654272.8,Value,Nativa RB 330,15624.86503,1500,330
2024-12,NATIVA T. BOTELLA RETORNABLE 330.0,3853.16,4545.454545,330,0.061421167,-0.011046514,-0.297828336,-560288156.9,958332804.1,398044647.2,Value,Nativa RB 330,15616.05037,1500,330
2025-01,NATIVA T. BOTELLA RETORNABLE 330.0,2283.09,4545.454545,330,0.061421167,-0.015573257,-0.29728466,-220007858.3,564562714.3,344554856,Value,Nativa RB 330,15522.87734,1500,330
2025-02,NATIVA T. BOTELLA RETORNABLE 330.0,1839.97,4545.454545,330,0.061421167,-0.012518871,-0.297220447,-177351744.9,457052924.6,279701179.6,Value,Nativa RB 330,11291.38016,1500,330
2025-03,NATIVA T. BOTELLA RETORNABLE 330.0,1861.05,4545.454545,330,0.061421167,-0.009583094,-0.297002732,-179640374.3,464401239.6,284760865.3,Value,Nativa RB 330,14305.54344,1500,330
2025-04,NATIVA T. BOTELLA RETORNABLE 330.0,2011.83,4545.454545,330,0.061421167,-0.017414061,-0.297184093,-194050801.8,496225597.7,302174795.9,Value,Nativa RB 330,12859.81321,1500,330
2025-05,NATIVA T. BOTELLA RETORNABLE 330.0,1755.4,4747.474747,330,0.202046439,-0.013574784,-0.150724908,-245523655.3,486879077.5,241355422.2,Value,Nativa RB 330,11282.68889,1566.666667,330
2025-06,NATIVA T. BOTELLA RETORNABLE 330.0,1632.1,4848.484848,330,0.203007944,-0.087007615,-0.148552956,-228277975.2,422552261.7,194274286.4,Value,Nativa RB 330,10053.04972,1600,330
2025-07,NATIVA T. BOTELLA RETORNABLE 330.0,1708.02,4848.484848,330,0.203007944,-0.012993249,-0.145854581,-238896726.5,486584317.3,247687590.8,Value,Nativa RB 330,12000.75382,1600,330
2025-08,NATIVA T. BOTELLA RETORNABLE 330.0,1451.85,4848.484848,330,0.203007944,-0.011149565,-0.145499394,-203066833.1,414687285.9,211620452.8,Value,Nativa RB 330,11922.27546,1600,330
2024-01,PILSEN CTE BOTELLA RETORNABLE 1000.0,24802.36,5500,1000,0.181818182,-0.035762148,-0.247706629,-2448861847,6950134146,4501272298,Core,Pilsen RB 1000,28014.18945,5500,1000
2024-02,PILSEN CTE BOTELLA RETORNABLE 1000.0,24475.26,5500,1000,0.181818112,-0.049406896,-0.246727805,-2410582894,6737239023,4326656128,Core,Pilsen RB 1000,25173.82813,5500,1000
2024-03,PILSEN CTE BOTELLA RETORNABLE 1000.0,27709.17,5500,1000,0.181817972,-0.046942994,-0.247210285,-2732905512,7648901294,4915995782,Core,Pilsen RB 1000,23905.26367,5500,1000
2024-04,PILSEN CTE BOTELLA RETORNABLE 1000.0,25835.11,5500,1000,0.181817972,-0.053464198,-0.247135936,-2552721933,7066445247,4513723314,Core,Pilsen RB 1000,23652.22266,5500,1000
2024-05,PILSEN CTE BOTELLA RETORNABLE 1000.0,26717.6,5500,1000,0.181817972,0.017452708,-0.247120648,-2639556442,8048974560,5409418118,Core,Pilsen RB 1000,23880.28711,5500,1000
2024-06,PILSEN CTE BOTELLA RETORNABLE 1000.0,26209.4,5500,1000,0.181817972,-0.035799356,-0.246739765,-2585782779,7353946095,4768163317,Core,Pilsen RB 1000,25015.97266,5500,1000
2024-07,PILSEN CTE BOTELLA RETORNABLE 1000.0,34844.4,5500,1000,0.181817972,-0.047108439,-0.249136779,-3434869101,9590019446,6155150344,Core,Pilsen RB 1000,27369.57031,5500,1000
2024-08,PILSEN CTE BOTELLA RETORNABLE 1000.0,26374.6,5500,1000,0.181817972,-0.034039437,-0.251512575,-2599735049,7369221952,4769486902,Core,Pilsen RB 1000,27879.15039,5500,1000
2024-09,PILSEN CTE BOTELLA RETORNABLE 1000.0,26105.83,5500,1000,0.181817972,-0.018007996,-0.247118878,-2571211638,7502655570,4931443932,Core,Pilsen RB 1000,25436.80273,5500,1000
2024-10,PILSEN CTE BOTELLA RETORNABLE 1000.0,26838.8,5500,1000,0.181817972,-0.052092112,-0.246696801,-2648517040,7359986303,4711469263,Core,Pilsen RB 1000,22937.6543,5500,1000
2024-11,PILSEN CTE BOTELLA RETORNABLE 1000.0,27767.68,5500,1000,0.181817972,-0.038549617,-0.246955131,-2738954055,7758970147,5020016092,Core,Pilsen RB 1000,24535.42335,5500,1000
2024-12,PILSEN CTE BOTELLA RETORNABLE 1000.0,35158.98,5500,1000,0.181817972,-0.03318434,-0.246805451,-3472114360,9900110889,6427996529,Core,Pilsen RB 1000,28429.29608,5500,1000
2025-01,PILSEN CTE BOTELLA RETORNABLE 1000.0,20293.36,5500,1000,0.181817972,-0.071021348,-0.246827337,-1875765093,5413770222,3538005130,Core,Pilsen RB 1000,24597.49446,5500,1000
2025-02,PILSEN CTE BOTELLA RETORNABLE 1000.0,20132.41,5500,1000,0.181817972,-0.036233975,-0.246963193,-1858260843,5643657077,3785396233,Core,Pilsen RB 1000,20106.31494,5500,1000
2025-03,PILSEN CTE BOTELLA RETORNABLE 1000.0,24802.47,5500,1000,0.181817972,-0.063206372,-0.245819388,-2289330899,6702270136,4412939237,Core,Pilsen RB 1000,23193.26001,5500,1000
2025-04,PILSEN CTE BOTELLA RETORNABLE 1000.0,24629.2,5500,1000,0.181817972,-0.071981605,-0.247928268,-2276233950,6550612557,4274378607,Core,Pilsen RB 1000,19136.7762,5500,1000
2025-05,PILSEN CTE BOTELLA RETORNABLE 1000.0,26011.62,5500,1000,0.181817972,-0.038401087,-0.246303633,-2399406407,7276422338,4877015931,Core,Pilsen RB 1000,20803.23415,5500,1000
2025-06,PILSEN CTE BOTELLA RETORNABLE 1000.0,26990.65,5500,1000,0.181817972,-0.037076287,-0.250205918,-2490012907,7523086997,5033074090,Core,Pilsen RB 1000,21584.86692,5500,1000
2025-07,PILSEN CTE BOTELLA RETORNABLE 1000.0,25509.36,5500,1000,0.181817972,-0.034639903,-0.248239202,-2359895642,7154134116,4794238474,Core,Pilsen RB 1000,23879.97508,5500,1000
2025-08,PILSEN CTE BOTELLA RETORNABLE 1000.0,25912.85,5500,1000,0.181817972,-0.018865078,-0.247840425,-2391067804,7431196492,5040128688,Core,Pilsen RB 1000,23259.25985,5500,1000
2024-01,PILSEN CTE BOTELLA RETORNABLE 330.0,36063.35,7575.757576,330,0.19047619,-0.09056209,-0.236251384,-4072632380,12982546164,8909913785,Core,Pilsen RB 330,33682.01563,2500,330
2024-02,PILSEN CTE BOTELLA RETORNABLE 330.0,32076.73,7575.757576,330,0.190476132,-0.076511243,-0.234329216,-3622116742,11821382680,8199265938,Core,Pilsen RB 330,30793.42578,2500,330
2024-03,PILSEN CTE BOTELLA RETORNABLE 330.0,38049.86,7575.757576,330,0.190476015,-0.035329166,-0.235144483,-4316533212,14844053278,10527520066,Core,Pilsen RB 330,31021.07031,2500,330
2024-04,PILSEN CTE BOTELLA RETORNABLE 330.0,32426.94,7575.757576,330,0.190476015,-0.067881798,-0.234669217,-3684359978,12094192366,8409832388,Core,Pilsen RB 330,28438.07813,2500,330
2024-05,PILSEN CTE BOTELLA RETORNABLE 330.0,39113.13,7575.757576,330,0.184834036,-0.019382735,-0.233189888,-4450939877,15707720269,11256780392,Core,Pilsen RB 330,26531.11719,2500,330
2024-06,PILSEN CTE BOTELLA RETORNABLE 330.0,44477.14,7575.757576,330,0.212937884,-0.066161164,-0.239079987,-5071361004,16218529950,11147168946,Core,Pilsen RB 330,27175.52539,2500,330
2024-07,PILSEN CTE BOTELLA RETORNABLE 330.0,37046.16,7575.757576,330,0.190476015,-0.037439045,-0.234124776,-4183167849,14430891560,10247723711,Core,Pilsen RB 330,30915.36133,2500,330
2024-08,PILSEN CTE BOTELLA RETORNABLE 330.0,40554.11,7575.757576,330,0.190476015,-0.022805393,-0.235102461,-4597604370,16093524567,11495920197,Core,Pilsen RB 330,32606.14453,2500,330
2024-09,PILSEN CTE BOTELLA RETORNABLE 330.0,40024.5,7575.757576,330,0.190476015,-0.049616771,-0.236625979,-4547132024,15276888381,10729756357,Core,Pilsen RB 330,30178.18359,2500,330
2024-10,PILSEN CTE BOTELLA RETORNABLE 330.0,36695.1,7575.757576,330,0.190476015,-0.042240464,-0.236158538,-4166337947,14160013208,9993675260,Core,Pilsen RB 330,28706.59961,2500,330
2024-11,PILSEN CTE BOTELLA RETORNABLE 330.0,41124.91,7575.757576,330,0.190476015,-0.027841597,-0.237809502,-4675819776,16149752360,11473932585,Core,Pilsen RB 330,28663.11715,2500,330
2024-12,PILSEN CTE BOTELLA RETORNABLE 330.0,56187.39,7575.757576,330,0.190476015,-0.031440705,-0.240671555,-6401721482,21870651523,15468930041,Core,Pilsen RB 330,31822.20567,2500,330
2025-01,PILSEN CTE BOTELLA RETORNABLE 330.0,35708.93,7575.757576,330,0.190476015,-0.128188735,-0.238144714,-3715568965,12100298326,8384729361,Core,Pilsen RB 330,31655.94092,2500,330
2025-02,PILSEN CTE BOTELLA RETORNABLE 330.0,33249.04,7575.757576,330,0.190476015,-0.036277052,-0.238012045,-3491330397,12903312502,9411982105,Core,Pilsen RB 330,26147.31454,2500,330
2025-03,PILSEN CTE BOTELLA RETORNABLE 330.0,36152.2,7575.757576,330,0.190476015,-0.059214125,-0.236742744,-3788628584,13611075848,9822447264,Core,Pilsen RB 330,28602.88097,2500,330
2025-04,PILSEN CTE BOTELLA RETORNABLE 330.0,36685.38,7575.757576,330,0.190476015,-0.050635352,-0.238487413,-3868143774,13945885199,10077741426,Core,Pilsen RB 330,27877.12478,2500,330
2025-05,PILSEN CTE BOTELLA RETORNABLE 330.0,39603.69,7575.757576,330,0.190476015,-0.060976218,-0.237714229,-4162602643,14852647183,10690044541,Core,Pilsen RB 330,29736.15033,2500,330
2025-06,PILSEN CTE BOTELLA RETORNABLE 330.0,44574.81,7575.757576,330,0.190476015,-0.011625293,-0.241985448,-4672274113,17791531714,13119257601,Core,Pilsen RB 330,29015.63082,2500,330
2025-07,PILSEN CTE BOTELLA RETORNABLE 330.0,40232.46,8181.818182,330,0.189427156,-0.050045389,-0.246433185,-4233606702,16361342275,12127735573,Core,Pilsen RB 330,31926.37037,2700,330
2025-08,PILSEN CTE BOTELLA RETORNABLE 330.0,41962.3405,8181.818182,330,0.189427156,-0.003106026,-0.246776201,-4408388910,18195088514,13786699605,Core,Pilsen RB 330,28907.5963,2700,330
2024-01,PILSEN CTE LATA NO RETORNABLE 330.0,917.88,10000,330,0.180328073,-0.247592181,-0.186010083,-233489516.9,370132923.9,136643407,Core,Pilsen CAN 330,6246.885742,3300,330
2024-02,PILSEN CTE LATA NO RETORNABLE 330.0,3310.33,10000,330,0.180328073,-0.275824487,-0.184099682,-838567297.4,1272847384,434280086.7,Core,Pilsen CAN 330,4916.48291,3300,330
2024-03,PILSEN CTE LATA NO RETORNABLE 330.0,1062.23,10000,330,0.180328073,-0.160734701,-0.182128524,-269669387.4,496963665.2,227294277.8,Core,Pilsen CAN 330,2369.019531,3300,330
2024-04,PILSEN CTE LATA NO RETORNABLE 330.0,934.66,10000,330,0.180328073,-0.166725069,-0.183073694,-237634709,432664985.5,195030276.4,Core,Pilsen CAN 330,1593.800171,3300,330
2024-05,PILSEN CTE LATA NO RETORNABLE 330.0,3302.64,10000,330,0.180328073,-0.315793473,-0.180557909,-842315363.3,1184238527,341923163.5,Core,Pilsen CAN 330,1882.207397,3300,330
2024-06,PILSEN CTE LATA NO RETORNABLE 330.0,5206.94,10000,330,0.180328073,-0.252342096,-0.184264983,-1325098325,2088547040,763448714.8,Core,Pilsen CAN 330,3007.876953,3300,330
2024-07,PILSEN CTE LATA NO RETORNABLE 330.0,4286.97,10000,330,0.180328073,-0.314635094,-0.182719594,-1093180199,1534130779,440950579.8,Core,Pilsen CAN 330,3788.88208,3300,330
2024-08,PILSEN CTE LATA NO RETORNABLE 330.0,4762.03,10000,330,0.180328073,-0.299455759,-0.183082532,-1210319879,1754367802,544047922.6,Core,Pilsen CAN 330,3388.656006,3300,330
2024-09,PILSEN CTE LATA NO RETORNABLE 330.0,2437.89,10000,330,0.180328073,-0.152808079,-0.184215237,-618092828.7,1150701458,532608629,Core,Pilsen CAN 330,4816.116699,3300,330
2024-10,PILSEN CTE LATA NO RETORNABLE 330.0,2871.5,10000,330,0.180328073,-0.324892658,-0.185664577,-728618675.6,1000601237,271982561.1,Core,Pilsen CAN 330,4553.125,3300,330
2024-11,PILSEN CTE LATA NO RETORNABLE 330.0,5809.8,10000,330,0.180328073,-0.328877763,-0.184292812,-1474032485,2013670020,539637535.6,Core,Pilsen CAN 330,3704.815872,3300,330
2024-12,PILSEN CTE LATA NO RETORNABLE 330.0,3961.19,10000,330,0.180328073,-0.239525503,-0.183690759,-1003843593,1626630770,622787177.4,Core,Pilsen CAN 330,4576.113436,3300,330
2025-01,PILSEN CTE LATA NO RETORNABLE 330.0,1838.26,10000,330,0.180328073,-0.917276919,-0.185968105,-421930208.5,-135122094.8,-557052303.3,Core,Pilsen CAN 330,2763.938823,3300,330
2025-02,PILSEN CTE LATA NO RETORNABLE 330.0,4429.29,10000,330,0.180328073,-0.097583457,-0.184413064,-1013893003,2264180086,1250287083,Core,Pilsen CAN 330,4129.810641,3300,330
2025-03,PILSEN CTE LATA NO RETORNABLE 330.0,1961.73,10000,330,0.180328073,-1.272295009,-0.183675415,-450121857.3,-636833952.6,-1086955810,Core,Pilsen CAN 330,3719.841135,3300,330
2025-04,PILSEN CTE LATA NO RETORNABLE 330.0,2226.34,10000,330,0.180328073,-0.853641621,-0.183780909,-513312132.1,-59316420.82,-572628552.9,Core,Pilsen CAN 330,2859.077717,3300,330
2025-05,PILSEN CTE LATA NO RETORNABLE 330.0,1256.1,10000,330,0.180328073,-0.398149221,-0.177916465,-289825252.3,379116851,89291598.69,Core,Pilsen CAN 330,1300.838019,3300,330
2025-06,PILSEN CTE LATA NO RETORNABLE 330.0,3114.13,10000,330,0.180328073,-0.115448634,-0.176525957,-721109614.3,1569769491,848659877,Core,Pilsen CAN 330,1700.825474,3300,330
2025-07,PILSEN CTE LATA NO RETORNABLE 330.0,4513.67,10000,330,0.155080349,-0.219909347,-0.174875018,-1041211688,1987379410,946167722,Core,Pilsen CAN 330,1963.955111,3300,330
2025-08,PILSEN CTE LATA NO RETORNABLE 330.0,2528.1343,10303.0303,330,0.141258755,-0.316463682,-0.172366337,-583165426.5,980391135.8,397225709.3,Core,Pilsen CAN 330,2727.861795,3400,330
2024-01,PILSEN CTE LATA NO RETORNABLE 473.0,8718.99,7399.577167,473,0.199999957,-0.18464932,-0.243528079,-1889772537,2583486567,693714030,Core,Pilsen CAN 473,9686.078125,3500,473
2024-02,PILSEN CTE LATA NO RETORNABLE 473.0,7642.02,7399.577167,473,0.199999957,-0.160591399,-0.225923293,-1657125695,2429355366,772229670.8,Core,Pilsen CAN 473,8352.370117,3500,473
2024-03,PILSEN CTE LATA NO RETORNABLE 473.0,6397.28,7399.577167,473,0.199999957,-0.146543312,-0.210241054,-1385381227,2132213374,746832146.9,Core,Pilsen CAN 473,9143.149414,3500,473
2024-04,PILSEN CTE LATA NO RETORNABLE 473.0,7574.76,7399.577167,473,0.199999957,-0.156469542,-0.210422562,-1642522378,2484993854,842471476.4,Core,Pilsen CAN 473,8926.072266,3500,473
2024-05,PILSEN CTE LATA NO RETORNABLE 473.0,8770.51,7399.577167,473,0.199999957,-0.021316992,-0.209990195,-1902083947,3493464869,1591380921,Core,Pilsen CAN 473,9439.344727,3500,473
2024-06,PILSEN CTE LATA NO RETORNABLE 473.0,11099.91,7399.577167,473,0.199999957,-0.135114205,-0.209536531,-2407560795,3769389227,1361828432,Core,Pilsen CAN 473,9021.19043,3500,473
2024-07,PILSEN CTE LATA NO RETORNABLE 473.0,12504.75,7399.577167,473,0.273692296,-0.045831913,-0.222906127,-2710544888,4464197662,1753652773,Core,Pilsen CAN 473,9893.136719,3500,473
2024-08,PILSEN CTE LATA NO RETORNABLE 473.0,13536.57,7399.577167,473,0.30030976,-0.055511655,-0.224788542,-2937519007,4658790025,1721271018,Core,Pilsen CAN 473,8839.609375,3500,473
2024-09,PILSEN CTE LATA NO RETORNABLE 473.0,12312.09,7399.577167,473,0.300309933,-0.085808117,-0.204227313,-2680857250,4180050419,1499193169,Core,Pilsen CAN 473,9298.236328,3500,473
2024-10,PILSEN CTE LATA NO RETORNABLE 473.0,11397.46,7399.577167,473,0.300309968,-0.079432688,-0.202372301,-2474509620,3914384757,1439875138,Core,Pilsen CAN 473,10160.5459,3500,473
2024-11,PILSEN CTE LATA NO RETORNABLE 473.0,14977.45,7399.577167,473,0.300309968,-0.07676112,-0.202441077,-3251339648,5162551338,1911211690,Core,Pilsen CAN 473,10091.95024,3500,473
2024-12,PILSEN CTE LATA NO RETORNABLE 473.0,16533.22,7399.577167,473,0.300309968,-0.085418607,-0.202301611,-3588554894,5631461405,2042906511,Core,Pilsen CAN 473,12070.45415,3500,473
2025-01,PILSEN CTE LATA NO RETORNABLE 473.0,12300.4,7399.577167,473,0.300309968,-0.066275865,-0.20983497,-2505258149,4257987297,1752729149,Core,Pilsen CAN 473,12705.02659,3500,473
2025-02,PILSEN CTE LATA NO RETORNABLE 473.0,8004.36,7399.577167,473,0.300309968,-0.04003438,-0.202960845,-1592604786,2897598996,1304994210,Core,Pilsen CAN 473,10378.47403,3500,473
2025-03,PILSEN CTE LATA NO RETORNABLE 473.0,11118.96,7399.577167,473,0.300309968,-0.021608906,-0.202547999,-2225836281,4125258025,1899421744,Core,Pilsen CAN 473,11074.03711,3500,473
2025-04,PILSEN CTE LATA NO RETORNABLE 473.0,10145.23,7610.993658,473,0.289552512,-0.030694015,-0.204476204,-2026119706,3848416378,1822296671,Core,Pilsen CAN 473,10961.26135,3600,473
2025-05,PILSEN CTE LATA NO RETORNABLE 473.0,10548.67,7822.410148,473,0.279539089,-0.056889284,-0.206817881,-2104829285,3990141936,1885312651,Core,Pilsen CAN 473,10089.38705,3700,473
2025-06,PILSEN CTE LATA NO RETORNABLE 473.0,11816.52,7822.410148,473,0.279539089,-0.064962783,-0.209876659,-2364503103,4402139822,2037636719,Core,Pilsen CAN 473,10867.92509,3700,473
2025-07,PILSEN CTE LATA NO RETORNABLE 473.0,17199.58,7822.410148,473,0.240801297,-0.071727168,-0.207350648,-3424610116,6568975081,3144364964,Core,Pilsen CAN 473,12133.16434,3700,473
2025-08,PILSEN CTE LATA NO RETORNABLE 473.0,19085.3981,8139.534884,473,0.217391481,-0.059749018,-0.204688953,-3819450364,7887563975,4068113611,Core,Pilsen CAN 473,12727.40736,3850,473
2024-01,POKER CTE BOTELLA RETORNABLE 1000.0,86107.09,5300,1000,0.181818078,-0.016880876,-0.245913737,-9034616382,23922452015,14887835633,Core,Poker RB 1000,161615.9688,5300,1000
2024-02,POKER CTE BOTELLA RETORNABLE 1000.0,79156.37,5300,1000,0.181818078,-0.01824984,-0.246094298,-8308913218,21945164935,13636251717,Core,Poker RB 1000,134381.2188,5300,1000
2024-03,POKER CTE BOTELLA RETORNABLE 1000.0,86567.22,5300,1000,0.181818078,-0.013546485,-0.246662943,-9073547457,24134624298,15061076841,Core,Poker RB 1000,135133.1875,5300,1000
2024-04,POKER CTE BOTELLA RETORNABLE 1000.0,86949.67,5300,1000,0.181818078,-0.01816468,-0.246970793,-9123724633,24079834693,14956110060,Core,Poker RB 1000,125785.4844,5300,1000
2024-05,POKER CTE BOTELLA RETORNABLE 1000.0,96937.11,5000,1000,0.200369365,-0.005533577,-0.2508877,-10174156811,25230459594,15056302783,Core,Poker RB 1000,127245.6563,5000,1000
2024-06,POKER CTE BOTELLA RETORNABLE 1000.0,89706.48,5000,1000,0.200369381,-0.011387084,-0.247072089,-9425934668,23284505372,13858570704,Core,Poker RB 1000,134531.6406,5000,1000
2024-07,POKER CTE BOTELLA RETORNABLE 1000.0,94509.49,5000,1000,0.200369381,-0.014758876,-0.246489661,-9919860805,24438914249,14519053443,Core,Poker RB 1000,132267.25,5000,1000
2024-08,POKER CTE BOTELLA RETORNABLE 1000.0,96203.19,5000,1000,0.200369381,-0.024605464,-0.244917846,-10100325690,24598236292,14497910602,Core,Poker RB 1000,126703.4844,5000,1000
2024-09,POKER CTE BOTELLA RETORNABLE 1000.0,86437.81,5000,1000,0.200369381,-0.026175731,-0.246957929,-9078253715,21992087125,12913833410,Core,Poker RB 1000,132324.125,5000,1000
2024-10,POKER CTE BOTELLA RETORNABLE 1000.0,89386.94,5000,1000,0.200369381,-0.016141072,-0.247133266,-9375290796,23050906123,13675615328,Core,Poker RB 1000,123725.0781,5000,1000
2024-11,POKER CTE BOTELLA RETORNABLE 1000.0,95691.67,5000,1000,0.200369381,-0.018401525,-0.246805444,-10051574625,24612022143,14560447518,Core,Poker RB 1000,122078.1612,5000,1000
2024-12,POKER CTE BOTELLA RETORNABLE 1000.0,117038.15,5300,1000,0.200348205,-0.029738764,-0.236275259,-12307671753,31874022292,19566350539,Core,Poker RB 1000,144815.0944,5300,1000
2025-01,POKER CTE BOTELLA RETORNABLE 1000.0,71298.88,5300,1000,0.200348205,-0.030833224,-0.237129834,-6943586882,19365885812,12422298930,Core,Poker RB 1000,143827.1143,5300,1000
2025-02,POKER CTE BOTELLA RETORNABLE 1000.0,63154.57,5300,1000,0.200348205,-0.023439564,-0.237244307,-6111645277,17324337038,11212691761,Core,Poker RB 1000,111977.2932,5300,1000
2025-03,POKER CTE BOTELLA RETORNABLE 1000.0,77362.14,5400,1000,0.200512923,-0.025202402,-0.23458341,-7509264349,21645411123,14136146774,Core,Poker RB 1000,112651.964,5400,1000
2025-04,POKER CTE BOTELLA RETORNABLE 1000.0,69845.53,5375,1000,0.173383667,-0.029549608,-0.231868752,-6794278229,19857683908,13063405678,Core,Poker RB 1000,108470.5963,5375,1000
2025-05,POKER CTE BOTELLA RETORNABLE 1000.0,75567.56,5500,1000,0.200671553,-0.022593461,-0.233700389,-7350087680,21633574283,14283486603,Core,Poker RB 1000,113916.1505,5500,1000
2025-06,POKER CTE BOTELLA RETORNABLE 1000.0,72231.45,5500,1000,0.200671553,-0.081776347,-0.236484791,-7018350653,18955528242,11937177589,Core,Poker RB 1000,112048.3663,5500,1000
2025-07,POKER CTE BOTELLA RETORNABLE 1000.0,75231.82,5500,1000,0.200671553,-0.02988403,-0.234099533,-7315704051,21314766957,13999062906,Core,Poker RB 1000,115995.1691,5500,1000
2025-08,POKER CTE BOTELLA RETORNABLE 1000.0,71820.12,5500,1000,0.197153537,-0.029443245,-0.232808392,-6986064959,20455978392,13469913434,Core,Poker RB 1000,111820.4794,5500,1000
2024-01,POKER CTE BOTELLA RETORNABLE 250.0,18335.87,7200,250,0.185440354,-0.011318879,-0.225191029,-2531372094,7145140197,4613768103,Core,Poker RB 250,11892.49609,1800,250
2024-02,POKER CTE BOTELLA RETORNABLE 250.0,11720.2,7200,250,0.185440217,-0.035220855,-0.224937826,-1619333539,4425674641,2806341102,Core,Poker RB 250,10448.41895,1800,250
2024-03,POKER CTE BOTELLA RETORNABLE 250.0,14095.34,7200,250,0.185439945,-0.047225737,-0.225914671,-1941814272,5229161560,3287347289,Core,Poker RB 250,10593.79883,1800,250
2024-04,POKER CTE BOTELLA RETORNABLE 250.0,16747.4,7200,250,0.185439945,-0.060279963,-0.226370158,-2293407227,6097558324,3804151098,Core,Poker RB 250,8000.473633,1800,250
2024-05,POKER CTE BOTELLA RETORNABLE 250.0,14238.38,7200,250,0.185439945,-0.053010719,-0.226485722,-1947965939,5236036770,3288070832,Core,Poker RB 250,9436.995117,1800,250
2024-06,POKER CTE BOTELLA RETORNABLE 250.0,14480.82,7200,250,0.185439945,-0.05273581,-0.224466622,-1992162328,5342146769,3349984441,Core,Poker RB 250,14143.99414,1800,250
2024-07,POKER CTE BOTELLA RETORNABLE 250.0,16018.02,7200,250,0.185439945,-0.037395344,-0.225194484,-2192633322,6028703612,3836070290,Core,Poker RB 250,14140.06152,1800,250
2024-08,POKER CTE BOTELLA RETORNABLE 250.0,15510.29,7200,250,0.185439945,-0.039380742,-0.225454597,-2140558171,5819832942,3679274771,Core,Poker RB 250,9865.300781,1800,250
2024-09,POKER CTE BOTELLA RETORNABLE 250.0,15491.56,7200,250,0.185439945,-0.05215883,-0.226025193,-2145453129,5707259526,3561806397,Core,Poker RB 250,9175.873047,1800,250
2024-10,POKER CTE BOTELLA RETORNABLE 250.0,17164.15,7200,250,0.185439945,-0.052400875,-0.225673799,-2373498867,6324417866,3950918999,Core,Poker RB 250,10175.43945,1800,250
2024-11,POKER CTE BOTELLA RETORNABLE 250.0,17937.77,7200,250,0.185439945,-0.036797609,-0.224547401,-2496454378,6762636830,4266182452,Core,Poker RB 250,11495.24902,1800,250
2024-12,POKER CTE BOTELLA RETORNABLE 250.0,21806.36,8000,250,0.185645997,-0.031005526,-0.209322099,-3019542637,9392852385,6373309749,Core,Poker RB 250,11499.30771,2000,250
2025-01,POKER CTE BOTELLA RETORNABLE 250.0,15101.53,8000,250,0.185645997,-0.052104533,-0.205814891,-2052878973,6354187126,4301308153,Core,Poker RB 250,14399.45596,2000,250
2025-02,POKER CTE BOTELLA RETORNABLE 250.0,11798.31,8000,250,0.185645997,-0.0417376,-0.20425174,-1597455002,5044118436,3446663435,Core,Poker RB 250,12041.7025,2000,250
2025-03,POKER CTE BOTELLA RETORNABLE 250.0,13877.19,8000,250,0.185645937,-0.047270402,-0.203781277,-1878007819,5893067217,4015059398,Core,Poker RB 250,13235.50006,2000,250
2025-04,POKER CTE BOTELLA RETORNABLE 250.0,15260.92,7800,250,0.156004729,-0.070730901,-0.204487779,-2060260124,6271562249,4211302126,Core,Poker RB 250,14982.78786,1950,250
2025-05,POKER CTE BOTELLA RETORNABLE 250.0,13962.02,8000,250,0.185645876,-0.074339716,-0.203460852,-1889274305,5717332214,3828057909,Core,Poker RB 250,12044.49811,2000,250
2025-06,POKER CTE BOTELLA RETORNABLE 250.0,13462.37,8000,250,0.185645876,-0.094922923,-0.205951463,-1827612388,5336601415,3508989027,Core,Poker RB 250,15270.47948,2000,250
2025-07,POKER CTE BOTELLA RETORNABLE 250.0,13644.83,8000,250,0.185645876,-0.039115663,-0.204193155,-1855762613,5854298099,3998535486,Core,Poker RB 250,14060.52053,2000,250
2025-08,POKER CTE BOTELLA RETORNABLE 250.0,13957.88,8000,250,0.181958708,-0.036701958,-0.202632767,-1897081399,6038843469,4141762069,Core,Poker RB 250,14852.4927,2000,250
2024-01,POKER CTE BOTELLA RETORNABLE 330.0,247531.76,6969.69697,330,0.181506849,-0.02543321,-0.244034438,-28339983408,89639840378,61299856970,Core,Poker RB 330,339043.9688,2300,330
2024-02,POKER CTE BOTELLA RETORNABLE 330.0,229859.65,6969.69697,330,0.181506897,-0.029032382,-0.24426332,-26306914748,82803967050,56497052302,Core,Poker RB 330,287674.5,2300,330
2024-03,POKER CTE BOTELLA RETORNABLE 330.0,242619,6969.69697,330,0.181506993,-0.021350475,-0.244980726,-27760864723,88237967687,60477102964,Core,Poker RB 330,295358.7813,2300,330
2024-04,POKER CTE BOTELLA RETORNABLE 330.0,234364.02,6969.69697,330,0.181506993,-0.03898807,-0.244931704,-26820684993,83192324277,56371639284,Core,Poker RB 330,278617.8438,2300,330
2024-05,POKER CTE BOTELLA RETORNABLE 330.0,260687.14,6969.69697,330,0.181506993,-0.019764295,-0.244984432,-29863941020,95013656183,65149715163,Core,Poker RB 330,269537.875,2300,330
2024-06,POKER CTE BOTELLA RETORNABLE 330.0,291450.09,6969.69697,330,0.193083671,-0.008521847,-0.248154087,-33364625648,1.0635E+11,72985601101,Core,Poker RB 330,276946.9688,2300,330
2024-07,POKER CTE BOTELLA RETORNABLE 330.0,225948.82,6969.69697,330,0.181506993,-0.017130258,-0.244299735,-25842997714,82724163243,56881165529,Core,Poker RB 330,292570.6875,2300,330
2024-08,POKER CTE BOTELLA RETORNABLE 330.0,250149.6,6969.69697,330,0.181506993,-0.012391319,-0.243671937,-28622028617,92250018255,63627989639,Core,Poker RB 330,275943.1875,2300,330
2024-09,POKER CTE BOTELLA RETORNABLE 330.0,245220.76,6969.69697,330,0.181506993,-0.017352884,-0.245078406,-28070377938,89658270444,61587892506,Core,Poker RB 330,273588,2300,330
2024-10,POKER CTE BOTELLA RETORNABLE 330.0,248192.84,6969.69697,330,0.181506993,-0.018052518,-0.245043406,-28398160100,90663158687,62264998586,Core,Poker RB 330,270438.9375,2300,330
2024-11,POKER CTE BOTELLA RETORNABLE 330.0,270735.73,7272.727273,330,0.182266079,-0.010523884,-0.242605007,-30985056160,1.04526E+11,73541428853,Core,Poker RB 330,274556.3196,2400,330
2024-12,POKER CTE BOTELLA RETORNABLE 330.0,276051.28,7575.757576,330,0.182964887,-0.005020898,-0.23117949,-31607586878,1.13469E+11,81861210451,Core,Poker RB 330,297610.4559,2500,330
2025-01,POKER CTE BOTELLA RETORNABLE 330.0,215565.64,7575.757576,330,0.182964887,-0.015133311,-0.234567197,-23258350270,87040513313,63782163044,Core,Poker RB 330,310016.547,2500,330
2025-02,POKER CTE BOTELLA RETORNABLE 330.0,192394.81,7575.757576,330,0.182964887,-0.020990382,-0.234887638,-20695772617,77045049529,56349276911,Core,Poker RB 330,244378.6096,2500,330
2025-03,POKER CTE BOTELLA RETORNABLE 330.0,200509.12,7575.757576,330,0.182964887,-0.014322316,-0.234511509,-21567448116,81054551655,59487103539,Core,Poker RB 330,263897.1974,2500,330
2025-04,POKER CTE BOTELLA RETORNABLE 330.0,208886.96,7424.242424,330,0.15930559,-0.019962219,-0.235457598,-22489647870,83700886127,61211238257,Core,Poker RB 330,252381.2466,2450,330
2025-05,POKER CTE BOTELLA RETORNABLE 330.0,222099.21,7575.757576,330,0.182964887,-0.025688682,-0.234738573,-23912110095,88396519464,64484409369,Core,Poker RB 330,257319.5722,2500,330
2025-06,POKER CTE BOTELLA RETORNABLE 330.0,217329.31,7575.757576,330,0.182964887,-0.054766294,-0.237160928,-23362358548,82813941063,59451582515,Core,Poker RB 330,253806.9988,2500,330
2025-07,POKER CTE BOTELLA RETORNABLE 330.0,229101.13,7575.757576,330,0.182964887,-0.035276557,-0.235374332,-24617829974,89922825097,65304995123,Core,Poker RB 330,258983.518,2500,330
2025-08,POKER CTE BOTELLA RETORNABLE 330.0,225286.63,7575.757576,330,0.182032725,-0.020741744,-0.23587529,-24238143844,90198150119,65960006274,Core,Poker RB 330,248677.2856,2500,330
2024-01,POKER CTE BOTELLA RETORNABLE 750.0,34082.64,6266.666667,750,0.175,-0.014587499,-0.224354425,-3536548230,11625263165,8088714935,Core,Poker RB 750,59522.66406,4700,750
2024-02,POKER CTE BOTELLA RETORNABLE 750.0,33697.7,6088.888889,750,0.17470522,-0.029737913,-0.226306952,-3492457857,10919661966,7427204110,Core,Poker RB 750,43593.58984,4566.666667,750
2024-03,POKER CTE BOTELLA RETORNABLE 750.0,35695.19,6000,750,0.174551289,-0.027871159,-0.228382603,-3705681006,11396376370,7690695364,Core,Poker RB 750,44960.26172,4500,750
2024-04,POKER CTE BOTELLA RETORNABLE 750.0,34207.16,6000,750,0.174551289,-0.036963424,-0.228685762,-3545733767,10783330183,7237596416,Core,Poker RB 750,41662.05078,4500,750
2024-05,POKER CTE BOTELLA RETORNABLE 750.0,37119.73,6000,750,0.174551289,-0.025574595,-0.230153725,-3862481553,11859560806,7997079253,Core,Poker RB 750,40839.75391,4500,750
2024-06,POKER CTE BOTELLA RETORNABLE 750.0,33066.44,6000,750,0.174551289,-0.021399195,-0.228207698,-3451015108,10651446243,7200431135,Core,Poker RB 750,42662.46094,4500,750
2024-07,POKER CTE BOTELLA RETORNABLE 750.0,33146.45,6000,750,0.174551289,-0.017815152,-0.228410792,-3452277499,10725326234,7273048735,Core,Poker RB 750,43721.83203,4500,750
2024-08,POKER CTE BOTELLA RETORNABLE 750.0,40277.29,6000,750,0.174551289,-0.018845216,-0.235992757,-4192125615,12883778825,8691653210,Core,Poker RB 750,37304.77734,4500,750
2024-09,POKER CTE BOTELLA RETORNABLE 750.0,34501.86,6000,750,0.174551289,-0.034759396,-0.237072563,-3593369185,10784659200,7191290015,Core,Poker RB 750,38902.89453,4500,750
2024-10,POKER CTE BOTELLA RETORNABLE 750.0,33918.78,6000,750,0.174551289,-0.034442383,-0.237367385,-3518860309,10602722036,7083861727,Core,Poker RB 750,38758.45703,4500,750
2024-11,POKER CTE BOTELLA RETORNABLE 750.0,30649.71,6000,750,0.174551289,-0.039885085,-0.23433308,-3195282508,9549151149,6353868641,Core,Poker RB 750,36283.42861,4500,750
2024-12,POKER CTE BOTELLA RETORNABLE 750.0,38069.7,6000,750,0.174551289,-0.015829888,-0.235303807,-3973141540,12238157772,8265016232,Core,Poker RB 750,38787.09653,4500,750
2025-01,POKER CTE BOTELLA RETORNABLE 750.0,23691.89,6000,750,0.174551289,-0.027505375,-0.235677313,-2262737489,7493622861,5230885373,Core,Poker RB 750,39225.26331,4500,750
2025-02,POKER CTE BOTELLA RETORNABLE 750.0,20202.26,6000,750,0.174551289,-0.027556689,-0.235061399,-1925174667,6394767213,4469592546,Core,Poker RB 750,31157.48794,4500,750
2025-03,POKER CTE BOTELLA RETORNABLE 750.0,22883.63,6000,750,0.174551289,-0.020726943,-0.236102162,-2193451746,7300387510,5106935764,Core,Poker RB 750,30917.18319,4500,750
2025-04,POKER CTE BOTELLA RETORNABLE 750.0,24212.34,6000,750,0.174551289,-0.031786585,-0.239444753,-2308247737,7574583483,5266335745,Core,Poker RB 750,32335.48867,4500,750
2025-05,POKER CTE BOTELLA RETORNABLE 750.0,24851.08,6000,750,0.174551289,-0.027417778,-0.233642336,-2390118217,7882912027,5492793811,Core,Poker RB 750,31765.50545,4500,750
2025-06,POKER CTE BOTELLA RETORNABLE 750.0,27473.87,6000,750,0.174551289,-0.094866201,-0.239849504,-2639407583,7846200713,5206793130,Core,Poker RB 750,28533.40746,4500,750
2025-07,POKER CTE BOTELLA RETORNABLE 750.0,26335.15,6000,750,0.174551289,-0.029385746,-0.235161123,-2535939866,8314250414,5778310548,Core,Poker RB 750,29349.80804,4500,750
2025-08,POKER CTE BOTELLA RETORNABLE 750.0,25071.0325,6000,750,0.172638375,-0.025632002,-0.232482458,-2404115522,7997409093,5593293571,Core,Poker RB 750,29205.68873,4500,750
2024-01,POKER CTE LATA NO RETORNABLE 269.0,37195.36,6691.449814,269,0.178717347,-0.590526379,-0.21458449,-9855326466,3458119322,-6397207144,Core,Poker CAN 269,21171.72266,1800,269
2024-02,POKER CTE LATA NO RETORNABLE 269.0,29007.11,6691.449814,269,0.178717347,-0.374654072,-0.206850123,-7680875893,5791074592,-1889801301,Core,Poker CAN 269,16235.96582,1800,269
2024-03,POKER CTE LATA NO RETORNABLE 269.0,18260.93,6691.449814,269,0.178717347,-0.244595723,-0.189749554,-4842616445,4927627819,85011374.33,Core,Poker CAN 269,15488.83008,1800,269
2024-04,POKER CTE LATA NO RETORNABLE 269.0,10416.66,6691.449814,269,0.178717347,-0.286850996,-0.184018484,-2762182484,2629389292,-132793192.5,Core,Poker CAN 269,13511.24023,1800,269
2024-05,POKER CTE LATA NO RETORNABLE 269.0,10990.92,6691.449814,269,0.178717347,-0.143944515,-0.183072182,-3217631947,3528595898,310963950.8,Core,Poker CAN 269,12041.53418,1800,269
2024-06,POKER CTE LATA NO RETORNABLE 269.0,10123.25,6691.449814,269,0.178717347,-0.169882862,-0.183213508,-2690630490,3124087142,433456652.2,Core,Poker CAN 269,11195.02637,1800,269
2024-07,POKER CTE LATA NO RETORNABLE 269.0,9010.97,6691.449814,269,0.178717347,-0.216393343,-0.182866522,-2397361806,2582389695,185027888.9,Core,Poker CAN 269,12774.97168,1800,269
2024-08,POKER CTE LATA NO RETORNABLE 269.0,13309.33,6691.449814,269,0.178717347,-0.177289107,-0.181892712,-3541293422,4068690053,527396630.4,Core,Poker CAN 269,11206.03223,1800,269
2024-09,POKER CTE LATA NO RETORNABLE 269.0,9908.91,6691.449814,269,0.178717347,-0.264439867,-0.183009193,-2636382195,2611931573,-24450622.51,Core,Poker CAN 269,10370.70605,1800,269
2024-10,POKER CTE LATA NO RETORNABLE 269.0,12992.44,6691.449814,269,0.178717347,-0.134539959,-0.183112888,-3456746566,4229214301,772467735.3,Core,Poker CAN 269,13915.37207,1800,269
2024-11,POKER CTE LATA NO RETORNABLE 269.0,10184.25,6691.449814,269,0.178717347,-0.387964554,-0.182929935,-2709637297,2084763205,-624874092,Core,Poker CAN 269,12072.28441,1800,269
2024-12,POKER CTE LATA NO RETORNABLE 269.0,26243.13,6691.449814,269,0.178717347,-0.155783114,-0.183144841,-7636100528,8276143520,640042991.8,Core,Poker CAN 269,20949.27978,1800,269
2025-01,POKER CTE LATA NO RETORNABLE 269.0,19084.64,6691.449814,269,0.178717347,-0.482044017,-0.182891186,-4393509104,3050537465,-1342971639,Core,Poker CAN 269,20203.87731,1800,269
2025-02,POKER CTE LATA NO RETORNABLE 269.0,13965.3,8364.312268,269,0.455101711,-0.363125792,-0.180440899,-3626868211,3079055556,-547812655.5,Core,Poker CAN 269,12822.85538,2250,269
2025-03,POKER CTE LATA NO RETORNABLE 269.0,13610.92,8364.312268,269,0.455101711,-0.611105273,-0.179513265,-3534556184,1376624947,-2157931237,Core,Poker CAN 269,13637.84571,2250,269
2025-04,POKER CTE LATA NO RETORNABLE 269.0,10755.09,7946.096654,269,0.382346626,-0.079830719,-0.182451874,-2495928986,3832604502,1336675516,Core,Poker CAN 269,13163.3872,2137.5,269
2025-05,POKER CTE LATA NO RETORNABLE 269.0,12884.56,8364.312268,269,0.99105217,-0.119486576,-0.183415433,-3008275482,3170765033,162489551.3,Core,Poker CAN 269,13658.83803,2250,269
2025-06,POKER CTE LATA NO RETORNABLE 269.0,16509.13,8364.312268,269,0.455101711,-0.077923047,-0.181521145,-3805519964,5905707115,2100187152,Core,Poker CAN 269,13561.67831,2250,269
2025-07,POKER CTE LATA NO RETORNABLE 269.0,14915.56,8364.312268,269,0.455101711,-0.141203452,-0.179909148,-3432203671,4891333078,1459129407,Core,Poker CAN 269,15160.53517,2250,269
2025-08,POKER CTE LATA NO RETORNABLE 269.0,12705.93,8364.312268,269,0.455101711,-0.416883884,-0.179665338,-3299822474,2476206962,-823615512.1,Core,Poker CAN 269,11837.08028,2250,269
2024-01,POKER CTE LATA NO RETORNABLE 330.0,41336.68,10000,330,0.180327697,-0.373506443,-0.201890847,-10355993823,12495936094,2139942272,Core,Poker CAN 330,94959.96094,3300,330
2024-02,POKER CTE LATA NO RETORNABLE 330.0,33969.63,10000,330,0.180327697,-0.296453907,-0.199375294,-8514556855,12193235039,3678678184,Core,Poker CAN 330,59904.45703,3300,330
2024-03,POKER CTE LATA NO RETORNABLE 330.0,33685.5,10000,330,0.180327697,-0.191382923,-0.202380743,-8451561708,14539028909,6087467202,Core,Poker CAN 330,60990.73828,3300,330
2024-04,POKER CTE LATA NO RETORNABLE 330.0,36230.65,9090.909091,330,0.196013338,-0.258499649,-0.198320183,-9141368019,12570262911,3428894892,Core,Poker CAN 330,57878.91406,3000,330
2024-05,POKER CTE LATA NO RETORNABLE 330.0,50056.14,9090.909091,330,0.196013338,-0.223771334,-0.199526786,-12581062760,18438816990,5857754229,Core,Poker CAN 330,56399.61328,3000,330
2024-06,POKER CTE LATA NO RETORNABLE 330.0,55053.11,9090.909091,330,0.196013338,-0.103111431,-0.20116844,-13824679294,24464748586,10640069292,Core,Poker CAN 330,56177.24219,3000,330
2024-07,POKER CTE LATA NO RETORNABLE 330.0,61649.47,9090.909091,330,0.196013338,-0.129557383,-0.201095931,-15509680851,26357535186,10847854335,Core,Poker CAN 330,60351.00781,3000,330
2024-08,POKER CTE LATA NO RETORNABLE 330.0,53040.79,9090.909091,330,0.196013338,-0.12888543,-0.198894403,-13336390491,22774342699,9437952208,Core,Poker CAN 330,50178.64063,3000,330
2024-09,POKER CTE LATA NO RETORNABLE 330.0,54922.36,9090.909091,330,0.168831274,-0.11766639,-0.196936847,-13761624069,24603663005,10842038936,Core,Poker CAN 330,58639.39063,3000,330
2024-10,POKER CTE LATA NO RETORNABLE 330.0,58851.47,9090.909091,330,0.1428573,-0.190805599,-0.194991265,-14713641243,24162267676,9448626434,Core,Poker CAN 330,57134.94531,3000,330
2024-11,POKER CTE LATA NO RETORNABLE 330.0,54660.79,9772.727273,330,0.183486324,-0.162633316,-0.187736191,-13709441343,24640407198,10930965854,Core,Poker CAN 330,59116.08408,3225,330
2024-12,POKER CTE LATA NO RETORNABLE 330.0,58579.938,10000,330,0.196374622,-0.166227176,-0.184032932,-14692933545,26734636643,12041703098,Core,Poker CAN 330,72634.76977,3300,330
2025-01,POKER CTE LATA NO RETORNABLE 330.0,43850.96,10000,330,0.196374622,-0.33750955,-0.185817263,-9600153077,14682015379,5081862302,Core,Poker CAN 330,76440.57191,3300,330
2025-02,POKER CTE LATA NO RETORNABLE 330.0,42490.85,10000,330,0.196374622,-0.210384033,-0.184848385,-9298406941,18049690874,8751283933,Core,Poker CAN 330,50984.37955,3300,330
2025-03,POKER CTE LATA NO RETORNABLE 330.0,35531.91,10000,330,0.196374495,-0.27379374,-0.183878189,-7767389083,13535257740,5767868657,Core,Poker CAN 330,49207.80179,3300,330
2025-04,POKER CTE LATA NO RETORNABLE 330.0,29988.134,9772.727273,330,0.169184041,-0.249932873,-0.184647369,-6540121585,11909851913,5369730329,Core,Poker CAN 330,47686.37133,3225,330
2025-05,POKER CTE LATA NO RETORNABLE 330.0,46071.4864,10000,330,0.196374368,-0.18665276,-0.185259488,-9978732802,20325371295,10346638493,Core,Poker CAN 330,46718.16035,3300,330
2025-06,POKER CTE LATA NO RETORNABLE 330.0,43006.0418,10000,330,0.196374368,-0.185308017,-0.188377341,-9377145217,18919426861,9542281644,Core,Poker CAN 330,42630.06047,3300,330
2025-07,POKER CTE LATA NO RETORNABLE 330.0,51510.82,10404.0404,330,0.193050024,-0.155546852,-0.187213618,-11149645876,24809531012,13659885136,Core,Poker CAN 330,54152.11055,3433.333333,330
2025-08,POKER CTE LATA NO RETORNABLE 330.0,38059.3836,10606.06061,330,0.191489254,-0.145424768,-0.187623547,-8305509141,18987733928,10682224787,Core,Poker CAN 330,48868.48233,3500,330
2024-01,POKER CTE LATA NO RETORNABLE 473.0,13653.89,7399.577167,473,0.199999957,-0.101109884,-0.243482367,-2916893304,4637102366,1720209062,Core,Poker CAN 473,28948.91406,3500,473
2024-02,POKER CTE LATA NO RETORNABLE 473.0,11158.17,7399.577167,473,0.199999957,-0.119723422,-0.21608295,-2384744326,3840310947,1455566621,Core,Poker CAN 473,24290.01172,3500,473
2024-03,POKER CTE LATA NO RETORNABLE 473.0,10380.73,7399.577167,473,0.199999957,-0.102276296,-0.210129144,-2220956746,3698614254,1477657508,Core,Poker CAN 473,22370.58789,3500,473
2024-04,POKER CTE LATA NO RETORNABLE 473.0,13265.22,7399.577167,473,0.199999957,-0.140835561,-0.210135258,-2834466401,4461258535,1626792134,Core,Poker CAN 473,24192.19336,3500,473
2024-05,POKER CTE LATA NO RETORNABLE 473.0,12913.94,7399.577167,473,0.199999957,-0.020151568,-0.209646035,-2763169355,5153975407,2390806052,Core,Poker CAN 473,20192.39063,3500,473
2024-06,POKER CTE LATA NO RETORNABLE 473.0,15041.62,7399.577167,473,0.199999957,-0.093011397,-0.209719998,-3213110734,5434673222,2221562488,Core,Poker CAN 473,22238.21094,3500,473
2024-07,POKER CTE LATA NO RETORNABLE 473.0,16239.14,7399.577167,473,0.199999957,-0.054151189,-0.218065948,-3480975020,6124118174,2643143155,Core,Poker CAN 473,25998.83398,3500,473
2024-08,POKER CTE LATA NO RETORNABLE 473.0,22356.62,7399.577167,473,0.199999957,-0.090705556,-0.222400932,-4779599920,7957456465,3177856545,Core,Poker CAN 473,25885.11328,3500,473
2024-09,POKER CTE LATA NO RETORNABLE 473.0,19489.35,7399.577167,473,0.199999957,-0.125138739,-0.222881358,-4172788416,6584310091,2411521675,Core,Poker CAN 473,26818.13867,3500,473
2024-10,POKER CTE LATA NO RETORNABLE 473.0,20427.94,7399.577167,473,0.199999957,-0.091180788,-0.223815513,-4371106415,7250971559,2879865145,Core,Poker CAN 473,29864.49609,3500,473
2024-11,POKER CTE LATA NO RETORNABLE 473.0,24266.19,7399.577167,473,0.199999957,-0.100495364,-0.217940578,-5193580979,8570121621,3376540642,Core,Poker CAN 473,26828.8053,3500,473
2024-12,POKER CTE LATA NO RETORNABLE 473.0,26545.24,7399.577167,473,0.199999957,-0.091637726,-0.217960924,-5665233158,9496574947,3831341789,Core,Poker CAN 473,37707.42673,3500,473
2025-01,POKER CTE LATA NO RETORNABLE 473.0,17836.25,7399.577167,473,0.199999957,-0.130612835,-0.216112897,-3421880400,6037787370,2615906970,Core,Poker CAN 473,39641.35465,3500,473
2025-02,POKER CTE LATA NO RETORNABLE 473.0,16327.63,7399.577167,473,0.199999957,-0.09637406,-0.220240959,-3126365111,5781856269,2655491158,Core,Poker CAN 473,27831.32871,3500,473
2025-03,POKER CTE LATA NO RETORNABLE 473.0,19280.49,7399.577167,473,0.199999957,-0.089780232,-0.223826398,-3715305316,6857563828,3142258513,Core,Poker CAN 473,30091.6161,3500,473
2025-04,POKER CTE LATA NO RETORNABLE 473.0,13536.95,7610.993658,473,0.199999964,-0.074222687,-0.218653457,-2597596856,5101871076,2504274220,Core,Poker CAN 473,28924.49718,3600,473
2025-05,POKER CTE LATA NO RETORNABLE 473.0,16855.75648,7822.410148,473,0.19999997,-0.084438126,-0.210018291,-3246021308,6514550886,3268529578,Core,Poker CAN 473,32197.93304,3700,473
2025-06,POKER CTE LATA NO RETORNABLE 473.0,18651.41134,7822.410148,473,0.19999997,-0.103063121,-0.212678761,-3590860303,6991076356,3400216053,Core,Poker CAN 473,29266.86361,3700,473
2025-07,POKER CTE LATA NO RETORNABLE 473.0,23107.37,8245.243129,473,0.199999982,-0.074413423,-0.208617149,-4439899169,9565912882,5126013713,Core,Poker CAN 473,33872.04242,3900,473
2025-08,POKER CTE LATA NO RETORNABLE 473.0,21780.54849,8456.659619,473,0.199999987,-0.091898521,-0.197869722,-4196682708,9160929642,4964246934,Core,Poker CAN 473,34648.15672,4000,473
2024-02,POKER LIGERA BOTELLA RETORNABLE 330.0,-0.2,6060.606061,330,0.204819277,0,-0.315947497,22943.69,-57831.78789,-34888.09789,Core,Poker Ligera RB 330,7.576499939,2000,330
2024-03,POKER LIGERA BOTELLA RETORNABLE 330.0,-0.1,6060.606061,330,0.204819277,0,-0.315903943,11471.845,-28917.73504,-17445.89004,Core,Poker Ligera RB 330,36.14799881,2000,330
2024-11,POKER LIGERA BOTELLA RETORNABLE 330.0,-0.2,6060.606061,330,0.204819277,0,-0.315897643,22943.69,-57836.00271,-34892.31271,Core,Poker Ligera RB 330,40.9856168,2000,330
2025-01,POKER LIGERA BOTELLA RETORNABLE 330.0,-0.2,6060.606061,330,0.204819277,0,-0.315779478,22943.69,-57845.99273,-34902.30273,Core,Poker Ligera RB 330,424.0334134,2000,330
2025-03,POKER LIGERA BOTELLA RETORNABLE 330.0,-0.4,6060.606061,330,0.204819277,-0.004046453,-0.315932254,45197.6632,-114981.9553,-69784.2921,Core,Poker Ligera RB 330,244.4509654,2000,330
2025-04,POKER LIGERA BOTELLA RETORNABLE 330.0,-8.1088,6060.606061,330,0.204819277,-0.008766393,-0.229988395,962128.5287,-2609326.048,-1647197.519,Core,Poker Ligera RB 330,183.099104,2000,330
2025-05,POKER LIGERA BOTELLA RETORNABLE 330.0,-11.1177,6060.606061,330,0.204819277,-0.023826132,-0.223683553,1353813.382,-3536413.605,-2182600.223,Core,Poker Ligera RB 330,207.4765452,2000,330
2025-06,POKER LIGERA BOTELLA RETORNABLE 330.0,-14.0217,6060.606061,330,0.204819277,-0.02423839,-0.223676374,1740313.239,-4457741.92,-2717428.681,Core,Poker Ligera RB 330,418.5570004,2000,330
2025-07,POKER LIGERA BOTELLA RETORNABLE 330.0,1.11022E-16,6060.606061,330,0.204819277,0,0,-2.04498E-11,4.69307E-11,2.6481E-11,Core,Poker Ligera RB 330,326.673209,2000,330
2025-08,POKER LIGERA BOTELLA RETORNABLE 330.0,-30.5131,6060.606061,330,0.204819277,-0.026611837,-0.224489052,3732400.864,-9659548.657,-5927147.794,Core,Poker Ligera RB 330,618.0294857,2000,330
2024-01,POKER PURA MALTA BOTELLA RETORNABLE 330.0,-0.04,6060.606061,330,0.204819277,0,-0.260662508,4969,-12501.14833,-7532.148332,Core,Poker Pure Malt RB 330,38.12990189,2000,330
2024-04,POKER PURA MALTA BOTELLA RETORNABLE 330.0,-0.01,6060.606061,330,0.204819277,0,-0.260517371,1234.58,-3125.900595,-1891.320595,Core,Poker Pure Malt RB 330,11.3682003,2000,330
2024-01,POKER PURA MALTA LATA NO RETORNABLE 330.0,-7.84,7575.757576,330,0.195219124,0,-0.241853771,2176630.027,-3165924.955,-989294.9284,Core,Poker Pure Malt CAN 330,304.164093,2500,330
2024-02,POKER PURA MALTA LATA NO RETORNABLE 330.0,-1.7,7575.757576,330,0.195219124,0,-0.237602821,474908.1153,-690337.9944,-215429.8791,Core,Poker Pure Malt CAN 330,130.0796967,2500,330
2024-03,POKER PURA MALTA LATA NO RETORNABLE 330.0,-0.3,7575.757576,330,0.195219124,0,-0.110707695,85295.0206,-142101.075,-56806.05442,Core,Poker Pure Malt CAN 330,40.84669876,2500,330
2024-05,POKER PURA MALTA LATA NO RETORNABLE 330.0,-0.04,7575.757576,330,0.195219124,0,-0.226590672,11255.062,-16477.86616,-5222.804164,Core,Poker Pure Malt CAN 330,28.6821003,2500,330
2024-06,POKER PURA MALTA LATA NO RETORNABLE 330.0,-1.92,7575.757576,330,0.195219124,0,-0.230104764,529301.5872,-787343.8416,-258042.2544,Core,Poker Pure Malt CAN 330,24.96349907,2500,330
2024-09,POKER PURA MALTA LATA NO RETORNABLE 330.0,-1.05,7575.757576,330,0.195219124,0,-0.229847151,289461.8055,-430722.7389,-141260.9334,Core,Poker Pure Malt CAN 330,11.24670029,2500,330
2025-06,REDD'S CTE BOTELLA RETORNABLE 330.0,418.28,10606.06061,330,0.219512059,-0.007568755,-0.254666715,-63941317.41,225530828.4,161589511,Super Premium,Redds RB 330,29.05923862,3500,330
2025-07,REDD'S CTE BOTELLA RETORNABLE 330.0,569.63,10606.06061,330,0.219512059,-0.062631928,-0.25451356,-87127554.49,284277233.6,197149679.1,Super Premium,Redds RB 330,225.9440531,3500,330
2025-08,REDD'S CTE BOTELLA RETORNABLE 330.0,448.76,10606.06061,330,0.216685965,-0.065009319,-0.252703045,-68913561.44,224290193.3,155376631.9,Super Premium,Redds RB 330,372.9689173,3500,330
2025-03,REDD'S ROSE LATA NO RETORNABLE 269.0,745.33,13011.15242,269,0.219158087,-0.022323776,-0.171439271,-214595023.7,538914762.8,324319739.1,Super Premium,Redds Rose CAN 269,107.6124125,3500,269
2025-04,REDD'S ROSE LATA NO RETORNABLE 269.0,1614.49702,13011.15242,269,0.219158087,-0.053092438,-0.17298265,-463052303.3,1120585125,657532821.4,Super Premium,Redds Rose CAN 269,642.7636355,3500,269
2025-05,REDD'S ROSE LATA NO RETORNABLE 269.0,1296.24983,13011.15242,269,0.219158087,-0.082316417,-0.173224765,-376686899,865442403,488755504,Super Premium,Redds Rose CAN 269,1005.757616,3500,269
2025-06,REDD'S ROSE LATA NO RETORNABLE 269.0,1341.72615,13011.15242,269,0.219158087,-0.079162603,-0.175357995,-397219608.9,897032775.5,499813166.7,Super Premium,Redds Rose CAN 269,1173.967874,3500,269
2025-07,REDD'S ROSE LATA NO RETORNABLE 269.0,1591.32,13011.15242,269,0.219158087,-0.089006525,-0.173404028,-469624602.9,1052642729,583018126.1,Super Premium,Redds Rose CAN 269,1251.863828,3500,269
2025-08,REDD'S ROSE LATA NO RETORNABLE 269.0,1412.11264,13011.15242,269,0.219158087,-0.090313912,-0.173508665,-417528956,932310582.8,514781626.8,Super Premium,Redds Rose CAN 269,1351.062426,3500,269
2024-01,STELLA ARTOIS T. BOTELLA NO RETORNABLE 330.0,4675.49,15151.51515,330,0.230138391,-0.09288378,-0.240431203,-4255522409,3226286705,-1029235704,Super Premium,Stella Artois NRB 330,4169.928711,5000,330
2024-02,STELLA ARTOIS T. BOTELLA NO RETORNABLE 330.0,6185.41,15151.51515,330,0.230138391,-0.107930973,-0.228557249,-5658973558,4247880196,-1411093362,Super Premium,Stella Artois NRB 330,3804.892822,5000,330
2024-03,STELLA ARTOIS T. BOTELLA NO RETORNABLE 330.0,6537.78,12121.21212,330,0.227621503,-0.069704189,-0.23161726,-5962471580,3790027106,-2172444473,Super Premium,Stella Artois NRB 330,5954.719238,4000,330
2024-04,STELLA ARTOIS T. BOTELLA NO RETORNABLE 330.0,3044.35,12121.21212,330,0.227621503,-0.064548526,-0.104522896,-1469699740,2098905469,629205728.9,Super Premium,Stella Artois NRB 330,3340.569092,4000,330
2024-05,STELLA ARTOIS T. BOTELLA NO RETORNABLE 330.0,520.27,12121.21212,330,0.227621503,-1.993612827,-0.202426078,-474651438.9,-516307809.2,-990959248.1,Super Premium,Stella Artois NRB 330,2659.958252,4000,330
2024-06,STELLA ARTOIS T. BOTELLA NO RETORNABLE 330.0,222.24,12121.21212,330,0.227621503,-0.472155933,-0.183244109,-196246869.2,63543634.44,-132703234.8,Super Premium,Stella Artois NRB 330,2099.458252,4000,330
2024-07,STELLA ARTOIS T. BOTELLA NO RETORNABLE 330.0,185.37,12121.21212,330,0.227621503,-0.24677503,-0.229459773,-163955170.5,80558373.67,-83396796.8,Super Premium,Stella Artois NRB 330,1999.261353,4000,330
2024-08,STELLA ARTOIS T. BOTELLA NO RETORNABLE 330.0,45.75,12121.21212,330,0.227621503,-0.000177816,-0.204081228,-40893792.58,30206291.74,-10687500.84,Super Premium,Stella Artois NRB 330,1258.908447,4000,330
2024-09,STELLA ARTOIS T. BOTELLA NO RETORNABLE 330.0,12.4,12121.21212,330,0.227621503,-0.142563682,-0.112111673,-10760244.64,7668347.228,-3091897.417,Super Premium,Stella Artois NRB 330,945.0493774,4000,330
2024-10,STELLA ARTOIS T. BOTELLA NO RETORNABLE 330.0,87.64,12121.21212,330,0.227621503,-0.204409813,-0.110490774,-76765148.66,49818490.82,-26946657.84,Super Premium,Stella Artois NRB 330,716.2578735,4000,330
2024-11,STELLA ARTOIS T. BOTELLA NO RETORNABLE 330.0,32.82,12121.21212,330,0.227621503,-0.035617386,-0.110546851,-28801209.36,23251315.07,-5549894.294,Super Premium,Stella Artois NRB 330,632.7977365,4000,330
2024-12,STELLA ARTOIS T. BOTELLA NO RETORNABLE 330.0,49.64,12121.21212,330,0.227621503,-0.237198636,-0.110490031,-43645716,26867131.45,-16778584.55,Super Premium,Stella Artois NRB 330,530.0854166,4000,330
2025-01,STELLA ARTOIS T. BOTELLA NO RETORNABLE 330.0,5212.67,12121.21212,330,0.227621503,-0.547864845,-0.10273319,-2113398994,1511193850,-602205143.4,Super Premium,Stella Artois NRB 330,563.0449223,4000,330
2025-02,STELLA ARTOIS T. BOTELLA NO RETORNABLE 330.0,14090.64,12121.21212,330,0.227621503,-0.160696533,-0.102885395,-5620592571,8609734514,2989141943,Super Premium,Stella Artois NRB 330,275.7720644,4000,330
2025-03,STELLA ARTOIS T. BOTELLA NO RETORNABLE 330.0,10202.86,12424.24242,330,0.223880535,-0.225346901,-0.102032064,-4116419289,5854317881,1737898592,Super Premium,Stella Artois NRB 330,227.2691202,4100,330
2025-04,STELLA ARTOIS T. BOTELLA NO RETORNABLE 330.0,10633.938,12575.75758,330,0.205811,-0.150658363,-0.100315468,-4278037810,6980701520,2702663709,Super Premium,Stella Artois NRB 330,211.0379814,4150,330
2025-05,STELLA ARTOIS T. BOTELLA NO RETORNABLE 330.0,9418.6088,12727.27273,330,0.220338978,-0.23183188,-0.105445787,-3787963569,5470490531,1682526962,Super Premium,Stella Artois NRB 330,227.300792,4200,330
2025-06,STELLA ARTOIS T. BOTELLA NO RETORNABLE 330.0,11626.4492,12727.27273,330,0.220338978,-0.244097337,-0.108938705,-4635492734,6592271597,1956778863,Super Premium,Stella Artois NRB 330,294.1017049,4200,330
2025-07,STELLA ARTOIS T. BOTELLA NO RETORNABLE 330.0,13242.71,12727.27273,330,0.220338978,-0.178892405,-0.108510755,-5322473812,8270440981,2947967170,Super Premium,Stella Artois NRB 330,173.5182414,4200,330
2025-08,STELLA ARTOIS T. BOTELLA NO RETORNABLE 330.0,11267.413,12727.27273,330,0.218126926,-0.24375248,-0.109102613,-4544875804,6402087377,1857211573,Super Premium,Stella Artois NRB 330,175.2813089,4200,330
2024-01,STELLA ARTOIS T. LATA NO RETORNABLE 269.0,52.03,14869.88848,269,0.235521236,-0.188098704,-0.188661805,-39053497.39,32795882.77,-6257614.623,Super Premium,Stella Artois CAN 269,575.5767212,4000,269
2024-02,STELLA ARTOIS T. LATA NO RETORNABLE 269.0,317.22,14869.88848,269,0.2355212,-0.198898281,-0.188573838,-238103684.4,196515572.2,-41588112.17,Super Premium,Stella Artois CAN 269,313.9808044,4000,269
2024-03,STELLA ARTOIS T. LATA NO RETORNABLE 269.0,33.16,14869.88848,269,0.235521129,-0.079657033,-0.143687066,-19794191.36,26046761.98,6252570.621,Super Premium,Stella Artois CAN 269,330.0574951,4000,269
2024-04,STELLA ARTOIS T. LATA NO RETORNABLE 269.0,-37.77,14869.88848,269,0.235521129,0,0,28350169.96,-38199489.42,-9849319.462,Super Premium,Stella Artois CAN 269,370.1265869,4000,269
2024-05,STELLA ARTOIS T. LATA NO RETORNABLE 269.0,-2.27,14869.88848,269,0.235521129,1.08883033,0,1703852.375,-4795562.94,-3091710.564,Super Premium,Stella Artois CAN 269,869.3461304,4000,269
2024-06,STELLA ARTOIS T. LATA NO RETORNABLE 269.0,2934.49,14869.88848,269,0.235521129,-0.277924614,-0.143303315,-1703032067,1717713672,14681604.57,Super Premium,Stella Artois CAN 269,1622.929443,4000,269
2024-07,STELLA ARTOIS T. LATA NO RETORNABLE 269.0,2868.73,14869.88848,269,0.235521129,-0.223033087,-0.150228406,-1677857188,1818388295,140531107.1,Super Premium,Stella Artois CAN 269,2613.1875,4000,269
2024-08,STELLA ARTOIS T. LATA NO RETORNABLE 269.0,2164.01,14869.88848,269,0.235521129,-0.154282489,-0.148368129,-1290911413,1526230953,235319539.3,Super Premium,Stella Artois CAN 269,2193.805176,4000,269
2024-09,STELLA ARTOIS T. LATA NO RETORNABLE 269.0,2618.39,14869.88848,269,0.235521129,-0.337132015,-0.143691975,-1507413971,1374863313,-132550658.6,Super Premium,Stella Artois CAN 269,2786.981201,4000,269
2024-10,STELLA ARTOIS T. LATA NO RETORNABLE 269.0,3090.45,14869.88848,269,0.235521129,-0.208349926,-0.142993783,-1768877205,2027434953,258557748.2,Super Premium,Stella Artois CAN 269,2574.44458,4000,269
2024-11,STELLA ARTOIS T. LATA NO RETORNABLE 269.0,3933.03,14869.88848,269,0.235521129,-0.206569392,-0.143573878,-2238420187,2584969676,346549489,Super Premium,Stella Artois CAN 269,2736.992348,4000,269
2024-12,STELLA ARTOIS T. LATA NO RETORNABLE 269.0,3973.79,14869.88848,269,0.235521129,-0.229871206,-0.139944678,-2284975875,2532695263,247719388,Super Premium,Stella Artois CAN 269,4608.926733,4000,269
2025-01,STELLA ARTOIS T. LATA NO RETORNABLE 269.0,1681.43,14869.88848,269,0.235521129,-0.497201529,-0.144590672,-712136011.5,609150216.1,-102985795.4,Super Premium,Stella Artois CAN 269,4137.961796,4000,269
2025-02,STELLA ARTOIS T. LATA NO RETORNABLE 269.0,1680.9,14869.88848,269,0.235521129,-0.227357082,-0.143451377,-748002537.9,1069634312,321631773.8,Super Premium,Stella Artois CAN 269,2356.597597,4000,269
2025-03,STELLA ARTOIS T. LATA NO RETORNABLE 269.0,1470.21,14869.88848,269,0.235521129,-0.480836807,-0.143901883,-622573477.1,557986556.2,-64586920.89,Super Premium,Stella Artois CAN 269,2456.31211,4000,269
2025-04,STELLA ARTOIS T. LATA NO RETORNABLE 269.0,1496.15948,14869.88848,269,0.235521129,-0.216982178,-0.145286252,-644816472.1,964997923.9,320181451.8,Super Premium,Stella Artois CAN 269,2115.542194,4000,269
2025-05,STELLA ARTOIS T. LATA NO RETORNABLE 269.0,1576.17844,14869.88848,269,0.235521129,-0.154835546,-0.144435755,-676558894.9,1117032634,440473739.1,Super Premium,Stella Artois CAN 269,1809.186804,4000,269
2025-06,STELLA ARTOIS T. LATA NO RETORNABLE 269.0,1823.12021,14869.88848,269,0.235521129,-0.208558222,-0.145745222,-773250956.9,1190568393,417317436.3,Super Premium,Stella Artois CAN 269,1851.410989,4000,269
2025-07,STELLA ARTOIS T. LATA NO RETORNABLE 269.0,2327.08,14869.88848,269,0.235521129,-0.187031823,-0.144519371,-973816803.6,1573222100,599405296.9,Super Premium,Stella Artois CAN 269,2332.009759,4000,269
2025-08,STELLA ARTOIS T. LATA NO RETORNABLE 269.0,1746.51305,14869.88848,269,0.235521129,-0.30352737,-0.145314951,-710794106.2,973550022.4,262755916.2,Super Premium,Stella Artois CAN 269,2051.925289,4000,269
