year_month,sku,reference_volume,reference_price
2025-04,3 CORDILLERAS BLANCA BOTELLA NO RETORNABLE 300.0,8.400639687,17075.97461
2025-05,3 CORDILLERAS BLANCA BOTELLA NO RETORNABLE 300.0,17.44846507,22979.42188
2025-06,3 CORDILLERAS BLANCA BOTELLA NO RETORNABLE 300.0,24.92241251,22231.83008
2025-07,3 CORDILLERAS BLANCA BOTELLA NO RETORNABLE 300.0,41.48758918,23247.02734
2025-08,3 CORDILLERAS BLANCA BOTELLA NO RETORNABLE 300.0,51.45499093,24650.83789
2024-01,3 CORDILLERAS BLANCA BOTELLA NO RETORNABLE 330.0,4.305799961,13884.45215
2024-02,3 CORDILLERAS BLANCA BOTELLA NO RETORNABLE 330.0,7.96239996,18310.56641
2024-03,3 CORDILLERAS BLANCA BOTELLA NO RETORNABLE 330.0,11.9538002,22216.50195
2024-04,3 CORDILLERAS BLANCA BOTELLA NO RETORNABLE 330.0,13.31579971,21161.20508
2024-05,3 CORDILLERAS BLANCA BOTELLA NO RETORNABLE 330.0,13.19120026,22724.25977
2024-06,3 CORDILLERAS BLANCA BOTELLA NO RETORNABLE 330.0,13.23349953,22382.30664
2024-07,3 CORDILLERAS BLANCA BOTELLA NO RETORNABLE 330.0,20.42830086,19065.36133
2024-08,3 CORDILLERAS BLANCA BOTELLA NO RETORNABLE 330.0,22.23920059,18713.16016
2024-09,3 CORDILLERAS BLANCA BOTELLA NO RETORNABLE 330.0,17.5734005,20111.30078
2024-10,3 CORDILLERAS BLANCA BOTELLA NO RETORNABLE 330.0,18.19540024,18313.625
2024-11,3 CORDILLERAS BLANCA BOTELLA NO RETORNABLE 330.0,25.97119621,16458.25
2024-12,3 CORDILLERAS BLANCA BOTELLA NO RETORNABLE 330.0,34.93726618,16961.16797
2025-01,3 CORDILLERAS BLANCA BOTELLA NO RETORNABLE 330.0,41.99304244,19989.73047
2025-02,3 CORDILLERAS BLANCA BOTELLA NO RETORNABLE 330.0,55.5313176,22814.5957
2025-03,3 CORDILLERAS BLANCA BOTELLA NO RETORNABLE 330.0,37.22391035,20572.58984
2025-04,3 CORDILLERAS BLANCA BOTELLA NO RETORNABLE 330.0,22.52319395,25582.73047
2025-05,3 CORDILLERAS BLANCA BOTELLA NO RETORNABLE 330.0,14.17504301,26594.4082
2025-06,3 CORDILLERAS BLANCA BOTELLA NO RETORNABLE 330.0,9.872247696,22257.9707
2025-07,3 CORDILLERAS BLANCA BOTELLA NO RETORNABLE 330.0,9.033420564,27644.23047
2025-08,3 CORDILLERAS BLANCA BOTELLA NO RETORNABLE 330.0,5.998890022,24063.95508
2025-03,3 CORDILLERAS MESTIZA BOTELLA NO RETORNABLE 300.0,1.119667085,18659.05078
2025-04,3 CORDILLERAS MESTIZA BOTELLA NO RETORNABLE 300.0,52.25410411,18836.29883
2025-05,3 CORDILLERAS MESTIZA BOTELLA NO RETORNABLE 300.0,65.39696044,19355.41211
2025-06,3 CORDILLERAS MESTIZA BOTELLA NO RETORNABLE 300.0,73.76674998,18789.16992
2025-07,3 CORDILLERAS MESTIZA BOTELLA NO RETORNABLE 300.0,84.13752073,20734.21875
2025-08,3 CORDILLERAS MESTIZA BOTELLA NO RETORNABLE 300.0,89.94341818,19759.37891
2024-01,3 CORDILLERAS MESTIZA BOTELLA NO RETORNABLE 330.0,185.3811035,16484.17773
2024-02,3 CORDILLERAS MESTIZA BOTELLA NO RETORNABLE 330.0,158.3773956,17127.54492
2024-03,3 CORDILLERAS MESTIZA BOTELLA NO RETORNABLE 330.0,167.5614929,17414.05273
2024-04,3 CORDILLERAS MESTIZA BOTELLA NO RETORNABLE 330.0,123.9813004,17545.38477
2024-05,3 CORDILLERAS MESTIZA BOTELLA NO RETORNABLE 330.0,134.9859009,16416.20898
2024-06,3 CORDILLERAS MESTIZA BOTELLA NO RETORNABLE 330.0,125.4475021,17142.56445
2024-07,3 CORDILLERAS MESTIZA BOTELLA NO RETORNABLE 330.0,133.9360046,17227.90625
2024-08,3 CORDILLERAS MESTIZA BOTELLA NO RETORNABLE 330.0,127.5472031,20339.11523
2024-09,3 CORDILLERAS MESTIZA BOTELLA NO RETORNABLE 330.0,136.6143951,18072.44727
2024-10,3 CORDILLERAS MESTIZA BOTELLA NO RETORNABLE 330.0,151.095993,18273.99805
2024-11,3 CORDILLERAS MESTIZA BOTELLA NO RETORNABLE 330.0,112.522996,18854.91211
2024-12,3 CORDILLERAS MESTIZA BOTELLA NO RETORNABLE 330.0,153.1493796,18090.92383
2025-01,3 CORDILLERAS MESTIZA BOTELLA NO RETORNABLE 330.0,162.8336683,17385.59961
2025-02,3 CORDILLERAS MESTIZA BOTELLA NO RETORNABLE 330.0,190.6836221,18250.91406
2025-03,3 CORDILLERAS MESTIZA BOTELLA NO RETORNABLE 330.0,180.1431101,18059.12109
2025-04,3 CORDILLERAS MESTIZA BOTELLA NO RETORNABLE 330.0,86.98511673,18279.88672
2025-05,3 CORDILLERAS MESTIZA BOTELLA NO RETORNABLE 330.0,79.6285262,18888.45508
2025-06,3 CORDILLERAS MESTIZA BOTELLA NO RETORNABLE 330.0,84.58955019,16398.32813
2025-07,3 CORDILLERAS MESTIZA BOTELLA NO RETORNABLE 330.0,94.63843953,17231.01953
2025-08,3 CORDILLERAS MESTIZA BOTELLA NO RETORNABLE 330.0,102.8856652,14521.89551
2025-03,3 CORDILLERAS MULATA BOTELLA NO RETORNABLE 300.0,34.26871154,64404.45703
2025-04,3 CORDILLERAS MULATA BOTELLA NO RETORNABLE 300.0,53.37369434,18083.99609
2025-05,3 CORDILLERAS MULATA BOTELLA NO RETORNABLE 300.0,96.72402402,18584.84961
2025-06,3 CORDILLERAS MULATA BOTELLA NO RETORNABLE 300.0,73.16564105,18493.75391
2025-07,3 CORDILLERAS MULATA BOTELLA NO RETORNABLE 300.0,88.58185515,19037.09961
2025-08,3 CORDILLERAS MULATA BOTELLA NO RETORNABLE 300.0,158.1110297,26110.82813
2024-01,3 CORDILLERAS MULATA BOTELLA NO RETORNABLE 330.0,196.0308075,20471.00586
2024-02,3 CORDILLERAS MULATA BOTELLA NO RETORNABLE 330.0,141.3330994,18253.16211
2024-03,3 CORDILLERAS MULATA BOTELLA NO RETORNABLE 330.0,166.9532928,19023.22266
2024-04,3 CORDILLERAS MULATA BOTELLA NO RETORNABLE 330.0,144.969101,19622.39648
2024-05,3 CORDILLERAS MULATA BOTELLA NO RETORNABLE 330.0,137.2317047,17522.51758
2024-06,3 CORDILLERAS MULATA BOTELLA NO RETORNABLE 330.0,135.7313995,17100.98047
2024-07,3 CORDILLERAS MULATA BOTELLA NO RETORNABLE 330.0,133.5301971,19460.14258
2024-08,3 CORDILLERAS MULATA BOTELLA NO RETORNABLE 330.0,112.7462006,21171.23633
2024-09,3 CORDILLERAS MULATA BOTELLA NO RETORNABLE 330.0,120.1787033,19485.87695
2024-10,3 CORDILLERAS MULATA BOTELLA NO RETORNABLE 330.0,129.4109039,17311.18555
2024-11,3 CORDILLERAS MULATA BOTELLA NO RETORNABLE 330.0,125.3271114,17627.90234
2024-12,3 CORDILLERAS MULATA BOTELLA NO RETORNABLE 330.0,193.6164929,16605.25977
2025-01,3 CORDILLERAS MULATA BOTELLA NO RETORNABLE 330.0,119.0250259,15822.41504
2025-02,3 CORDILLERAS MULATA BOTELLA NO RETORNABLE 330.0,110.1087369,16854.83398
2025-03,3 CORDILLERAS MULATA BOTELLA NO RETORNABLE 330.0,136.161487,17796.88672
2025-04,3 CORDILLERAS MULATA BOTELLA NO RETORNABLE 330.0,76.21321206,17987.67383
2025-05,3 CORDILLERAS MULATA BOTELLA NO RETORNABLE 330.0,41.69685813,19606.16211
2025-06,3 CORDILLERAS MULATA BOTELLA NO RETORNABLE 330.0,45.29620821,19840.1543
2025-07,3 CORDILLERAS MULATA BOTELLA NO RETORNABLE 330.0,33.9876502,20825.01367
2025-08,3 CORDILLERAS MULATA BOTELLA NO RETORNABLE 330.0,15.51364209,21676.35156
2024-01,3 CORDILLERAS NEGRA BOTELLA NO RETORNABLE 330.0,214.2447052,19071.18945
2024-02,3 CORDILLERAS NEGRA BOTELLA NO RETORNABLE 330.0,167.3125,19177.75195
2024-03,3 CORDILLERAS NEGRA BOTELLA NO RETORNABLE 330.0,167.5511017,19242.17969
2024-04,3 CORDILLERAS NEGRA BOTELLA NO RETORNABLE 330.0,207.5189056,21760.42188
2024-05,3 CORDILLERAS NEGRA BOTELLA NO RETORNABLE 330.0,249.3916016,17294.25977
2024-06,3 CORDILLERAS NEGRA BOTELLA NO RETORNABLE 330.0,177.5121002,20767.12305
2024-07,3 CORDILLERAS NEGRA BOTELLA NO RETORNABLE 330.0,161.8731995,18301.68164
2024-08,3 CORDILLERAS NEGRA BOTELLA NO RETORNABLE 330.0,134.4179993,18277.73438
2024-09,3 CORDILLERAS NEGRA BOTELLA NO RETORNABLE 330.0,184.3975067,18832.98242
2024-10,3 CORDILLERAS NEGRA BOTELLA NO RETORNABLE 330.0,162.1873932,18159.27344
2024-11,3 CORDILLERAS NEGRA BOTELLA NO RETORNABLE 330.0,131.9302429,15723.17578
2024-12,3 CORDILLERAS NEGRA BOTELLA NO RETORNABLE 330.0,167.7065781,18447.23633
2025-01,3 CORDILLERAS NEGRA BOTELLA NO RETORNABLE 330.0,170.6004668,19712.01172
2025-02,3 CORDILLERAS NEGRA BOTELLA NO RETORNABLE 330.0,157.7145646,20249.04883
2025-03,3 CORDILLERAS NEGRA BOTELLA NO RETORNABLE 330.0,215.599536,19074.80469
2025-04,3 CORDILLERAS NEGRA BOTELLA NO RETORNABLE 330.0,160.1888855,18465.46289
2025-05,3 CORDILLERAS NEGRA BOTELLA NO RETORNABLE 330.0,181.8836606,17795.04102
2025-06,3 CORDILLERAS NEGRA BOTELLA NO RETORNABLE 330.0,214.3716001,17349.2832
2025-07,3 CORDILLERAS NEGRA BOTELLA NO RETORNABLE 330.0,162.2821803,18211.29883
2025-08,3 CORDILLERAS NEGRA BOTELLA NO RETORNABLE 330.0,270.7862513,20366.72266
2024-01,3 CORDILLERAS ROSADA BOTELLA NO RETORNABLE 300.0,358.5372925,16087.74414
2024-02,3 CORDILLERAS ROSADA BOTELLA NO RETORNABLE 300.0,406.4364929,16183.24609
2024-03,3 CORDILLERAS ROSADA BOTELLA NO RETORNABLE 300.0,482.6702881,16326.87402
2024-04,3 CORDILLERAS ROSADA BOTELLA NO RETORNABLE 300.0,557.3812256,15416.84375
2024-05,3 CORDILLERAS ROSADA BOTELLA NO RETORNABLE 300.0,611.1538086,16085.18652
2024-06,3 CORDILLERAS ROSADA BOTELLA NO RETORNABLE 300.0,624.5233154,15993.4668
2024-07,3 CORDILLERAS ROSADA BOTELLA NO RETORNABLE 300.0,805.6879272,15534.68262
2024-08,3 CORDILLERAS ROSADA BOTELLA NO RETORNABLE 300.0,787.2794189,17639.23828
2024-09,3 CORDILLERAS ROSADA BOTELLA NO RETORNABLE 300.0,804.8560181,16562.09961
2024-10,3 CORDILLERAS ROSADA BOTELLA NO RETORNABLE 300.0,833.21698,16771.75781
2024-11,3 CORDILLERAS ROSADA BOTELLA NO RETORNABLE 300.0,783.9363339,15959.87891
2024-12,3 CORDILLERAS ROSADA BOTELLA NO RETORNABLE 300.0,1198.305562,14796.31152
2025-01,3 CORDILLERAS ROSADA BOTELLA NO RETORNABLE 300.0,951.6318686,15832.96484
2025-02,3 CORDILLERAS ROSADA BOTELLA NO RETORNABLE 300.0,767.1629511,16976.42773
2025-03,3 CORDILLERAS ROSADA BOTELLA NO RETORNABLE 300.0,912.9689325,17149.03516
2025-04,3 CORDILLERAS ROSADA BOTELLA NO RETORNABLE 300.0,796.0808927,17623.01953
2025-05,3 CORDILLERAS ROSADA BOTELLA NO RETORNABLE 300.0,882.5611551,17173.43945
2025-06,3 CORDILLERAS ROSADA BOTELLA NO RETORNABLE 300.0,792.7086823,16983.1582
2025-07,3 CORDILLERAS ROSADA BOTELLA NO RETORNABLE 300.0,808.2099532,17982.9043
2025-08,3 CORDILLERAS ROSADA BOTELLA NO RETORNABLE 300.0,843.9806041,18929.82422
2024-01,3 CORDILLERAS ROSADA BOTELLA NO RETORNABLE 330.0,561.6500244,16825.7168
2024-02,3 CORDILLERAS ROSADA BOTELLA NO RETORNABLE 330.0,349.8295898,17344.21484
2024-03,3 CORDILLERAS ROSADA BOTELLA NO RETORNABLE 330.0,318.6908875,17429.52148
2024-04,3 CORDILLERAS ROSADA BOTELLA NO RETORNABLE 330.0,230.4467926,19242.28516
2024-05,3 CORDILLERAS ROSADA BOTELLA NO RETORNABLE 330.0,209.5503998,17232.83398
2024-06,3 CORDILLERAS ROSADA BOTELLA NO RETORNABLE 330.0,168.9662018,18123.83008
2024-07,3 CORDILLERAS ROSADA BOTELLA NO RETORNABLE 330.0,213.8560944,18047.96289
2024-08,3 CORDILLERAS ROSADA BOTELLA NO RETORNABLE 330.0,135.5771942,16905.75391
2024-09,3 CORDILLERAS ROSADA BOTELLA NO RETORNABLE 330.0,108.1216965,16174.12109
2024-10,3 CORDILLERAS ROSADA BOTELLA NO RETORNABLE 330.0,121.8309021,16619.94336
2024-11,3 CORDILLERAS ROSADA BOTELLA NO RETORNABLE 330.0,108.5060809,15985.88379
2024-12,3 CORDILLERAS ROSADA BOTELLA NO RETORNABLE 330.0,123.5568414,16810.79297
2025-01,3 CORDILLERAS ROSADA BOTELLA NO RETORNABLE 330.0,82.49774213,14398.11914
2025-02,3 CORDILLERAS ROSADA BOTELLA NO RETORNABLE 330.0,64.8023942,15567.66309
2025-03,3 CORDILLERAS ROSADA BOTELLA NO RETORNABLE 330.0,108.5996259,15374.82129
2025-04,3 CORDILLERAS ROSADA BOTELLA NO RETORNABLE 330.0,123.329862,15882.11621
2025-05,3 CORDILLERAS ROSADA BOTELLA NO RETORNABLE 330.0,123.462793,17040.97266
2025-06,3 CORDILLERAS ROSADA BOTELLA NO RETORNABLE 330.0,86.06902671,15545.52539
2025-07,3 CORDILLERAS ROSADA BOTELLA NO RETORNABLE 330.0,86.97380772,17095.19727
2025-08,3 CORDILLERAS ROSADA BOTELLA NO RETORNABLE 330.0,172.0888187,24751.83984
2024-12,3 CORDILLERAS ROSADA BOTELLA NO RETORNABLE 750.0,66.46534491,26583.99023
2025-01,3 CORDILLERAS ROSADA BOTELLA NO RETORNABLE 750.0,106.542712,25382.08789
2025-02,3 CORDILLERAS ROSADA BOTELLA NO RETORNABLE 750.0,38.98713332,26662.68359
2025-03,3 CORDILLERAS ROSADA BOTELLA NO RETORNABLE 750.0,68.22454875,22934.3418
2025-04,3 CORDILLERAS ROSADA BOTELLA NO RETORNABLE 750.0,75.93885481,15361.79395
2025-05,3 CORDILLERAS ROSADA BOTELLA NO RETORNABLE 750.0,11.4991673,27275.39063
2025-06,3 CORDILLERAS ROSADA BOTELLA NO RETORNABLE 750.0,2.816739038,26863.28906
2025-07,3 CORDILLERAS ROSADA BOTELLA NO RETORNABLE 750.0,0.543191009,24148.20898
2025-08,3 CORDILLERAS ROSADA BOTELLA NO RETORNABLE 750.0,0.650024025,26032.45703
2024-01,3 CORDILLERAS ROSADA LATA NO RETORNABLE 269.0,499.0692139,12939.30566
2024-02,3 CORDILLERAS ROSADA LATA NO RETORNABLE 269.0,439.5795898,12908.50391
2024-03,3 CORDILLERAS ROSADA LATA NO RETORNABLE 269.0,551.9249268,13189.31543
2024-04,3 CORDILLERAS ROSADA LATA NO RETORNABLE 269.0,509.3041992,13145.96875
2024-05,3 CORDILLERAS ROSADA LATA NO RETORNABLE 269.0,680.9887085,12576.16895
2024-06,3 CORDILLERAS ROSADA LATA NO RETORNABLE 269.0,674.59198,12625.16992
2024-07,3 CORDILLERAS ROSADA LATA NO RETORNABLE 269.0,873.8739014,12797.9502
2024-08,3 CORDILLERAS ROSADA LATA NO RETORNABLE 269.0,873.3123779,13032.25781
2024-09,3 CORDILLERAS ROSADA LATA NO RETORNABLE 269.0,1077.171875,12331.30078
2024-10,3 CORDILLERAS ROSADA LATA NO RETORNABLE 269.0,1188.489014,12204.07031
2024-11,3 CORDILLERAS ROSADA LATA NO RETORNABLE 269.0,1126.015157,12524.80078
2024-12,3 CORDILLERAS ROSADA LATA NO RETORNABLE 269.0,1628.180724,11925.85449
2025-01,3 CORDILLERAS ROSADA LATA NO RETORNABLE 269.0,1439.482284,12506.80762
2025-02,3 CORDILLERAS ROSADA LATA NO RETORNABLE 269.0,890.8198043,12682.95898
2025-03,3 CORDILLERAS ROSADA LATA NO RETORNABLE 269.0,1005.864775,12588.95898
2025-04,3 CORDILLERAS ROSADA LATA NO RETORNABLE 269.0,1067.344016,12608.00293
2025-05,3 CORDILLERAS ROSADA LATA NO RETORNABLE 269.0,1059.67859,12437.26855
2025-06,3 CORDILLERAS ROSADA LATA NO RETORNABLE 269.0,1147.890221,12733.37207
2025-07,3 CORDILLERAS ROSADA LATA NO RETORNABLE 269.0,1370.325393,13263.03613
2025-08,3 CORDILLERAS ROSADA LATA NO RETORNABLE 269.0,1342.963205,12805.79395
2024-01,3 CORDILLERAS T. BOTELLA NO RETORNABLE 330.0,3.316800117,17135.64063
2024-02,3 CORDILLERAS T. BOTELLA NO RETORNABLE 330.0,2.903100014,15845.16992
2024-03,3 CORDILLERAS T. BOTELLA NO RETORNABLE 330.0,2.076900005,16550.19336
2024-04,3 CORDILLERAS T. BOTELLA NO RETORNABLE 330.0,1.39470005,16165.66602
2024-05,3 CORDILLERAS T. BOTELLA NO RETORNABLE 330.0,0.699199975,18173.6875
2024-06,3 CORDILLERAS T. BOTELLA NO RETORNABLE 330.0,0.0075,15151.13379
2024-07,3 CORDILLERAS T. BOTELLA NO RETORNABLE 330.0,0.0005,15137.71191
2024-08,3 CORDILLERAS T. BOTELLA NO RETORNABLE 330.0,0.0066,15151.51563
2024-12,3 CORDILLERAS T. BOTELLA NO RETORNABLE 330.0,0.0066,15151.51563
2025-01,3 CORDILLERAS T. BOTELLA NO RETORNABLE 330.0,0.0033,16666.66602
2025-02,3 CORDILLERAS T. BOTELLA NO RETORNABLE 330.0,0.0033,15151.51563
2025-03,3 CORDILLERAS T. BOTELLA NO RETORNABLE 330.0,0.081483999,16060.5957
2025-04,3 CORDILLERAS T. BOTELLA NO RETORNABLE 330.0,0.039551,16060.50586
2025-05,3 CORDILLERAS T. BOTELLA NO RETORNABLE 330.0,0.0033,16666.66602
2025-06,3 CORDILLERAS T. BOTELLA NO RETORNABLE 330.0,0.042899998,9673.660156
2025-07,3 CORDILLERAS T. BOTELLA NO RETORNABLE 330.0,8.122738302,30267.86914
2025-08,3 CORDILLERAS T. BOTELLA NO RETORNABLE 330.0,55.92298708,30310.95313
2024-01,8.6 T. LATA NO RETORNABLE 500.0,65.01550293,25738.04688
2024-02,8.6 T. LATA NO RETORNABLE 500.0,51.34429932,27363.68164
2024-03,8.6 T. LATA NO RETORNABLE 500.0,65.77940369,25061.58789
2024-04,8.6 T. LATA NO RETORNABLE 500.0,44.7132988,26599.80273
2024-05,8.6 T. LATA NO RETORNABLE 500.0,31.98920059,26954.58008
2024-06,8.6 T. LATA NO RETORNABLE 500.0,31.40559959,26311.92383
2024-07,8.6 T. LATA NO RETORNABLE 500.0,30.91110039,26327.53906
2024-08,8.6 T. LATA NO RETORNABLE 500.0,31.63669968,26887.69922
2024-09,8.6 T. LATA NO RETORNABLE 500.0,39.90729904,27813.43945
2024-10,8.6 T. LATA NO RETORNABLE 500.0,38.42620087,28889.17773
2024-11,8.6 T. LATA NO RETORNABLE 500.0,32.2395233,27335.44141
2024-12,8.6 T. LATA NO RETORNABLE 500.0,52.28012983,27925.82813
2025-01,8.6 T. LATA NO RETORNABLE 500.0,64.66020546,28676.7168
2025-02,8.6 T. LATA NO RETORNABLE 500.0,40.22530357,27931.75391
2025-03,8.6 T. LATA NO RETORNABLE 500.0,46.56605692,29431.73828
2025-04,8.6 T. LATA NO RETORNABLE 500.0,46.55255324,30327.22852
2025-05,8.6 T. LATA NO RETORNABLE 500.0,49.10207892,29128.85547
2025-06,8.6 T. LATA NO RETORNABLE 500.0,56.01383219,26710.48242
2025-07,8.6 T. LATA NO RETORNABLE 500.0,33.38725572,28636.00195
2025-08,8.6 T. LATA NO RETORNABLE 500.0,28.01085015,27615.98438
2024-01,ABBAYE D'AULNE T. BOTELLA NO RETORNABLE 330.0,1.096099973,60929.33984
2024-02,ABBAYE D'AULNE T. BOTELLA NO RETORNABLE 330.0,0.720399976,60750.02734
2024-03,ABBAYE D'AULNE T. BOTELLA NO RETORNABLE 330.0,0.836300015,60089.98047
2024-04,ABBAYE D'AULNE T. BOTELLA NO RETORNABLE 330.0,0.763300002,56200.29688
2024-05,ABBAYE D'AULNE T. BOTELLA NO RETORNABLE 330.0,0.47420001,57361.00391
2024-06,ABBAYE D'AULNE T. BOTELLA NO RETORNABLE 330.0,0.247500002,59010.19922
2024-07,ABBAYE D'AULNE T. BOTELLA NO RETORNABLE 330.0,0.245100006,60552.42578
2024-08,ABBAYE D'AULNE T. BOTELLA NO RETORNABLE 330.0,0.092399999,65019.36719
2024-09,ABBAYE D'AULNE T. BOTELLA NO RETORNABLE 330.0,0.104199998,62621.67188
2024-10,ABBAYE D'AULNE T. BOTELLA NO RETORNABLE 330.0,0.853799999,54300.01953
2024-11,ABBAYE D'AULNE T. BOTELLA NO RETORNABLE 330.0,0.78350903,60126.84375
2024-12,ABBAYE D'AULNE T. BOTELLA NO RETORNABLE 330.0,1.060257984,63823.18359
2025-01,ABBAYE D'AULNE T. BOTELLA NO RETORNABLE 330.0,1.085207043,64973.24219
2025-02,ABBAYE D'AULNE T. BOTELLA NO RETORNABLE 330.0,0.555814008,62096.91016
2025-03,ABBAYE D'AULNE T. BOTELLA NO RETORNABLE 330.0,0.611446993,61035.95313
2025-04,ABBAYE D'AULNE T. BOTELLA NO RETORNABLE 330.0,1.139053002,59494.98828
2025-05,ABBAYE D'AULNE T. BOTELLA NO RETORNABLE 330.0,0.972284067,59465.03906
2025-06,ABBAYE D'AULNE T. BOTELLA NO RETORNABLE 330.0,1.065810002,58623.65234
2025-07,ABBAYE D'AULNE T. BOTELLA NO RETORNABLE 330.0,1.408215027,48198.60156
2025-08,ABBAYE D'AULNE T. BOTELLA NO RETORNABLE 330.0,1.045746978,51623.21875
2024-01,ABBAYE D'AULNE T. BOTELLA NO RETORNABLE 750.0,0.084600002,73249.03906
2024-02,ABBAYE D'AULNE T. BOTELLA NO RETORNABLE 750.0,0.082500003,70799.14063
2024-03,ABBAYE D'AULNE T. BOTELLA NO RETORNABLE 750.0,0.108199999,72183.76563
2024-04,ABBAYE D'AULNE T. BOTELLA NO RETORNABLE 750.0,0.135000005,74886.97656
2024-05,ABBAYE D'AULNE T. BOTELLA NO RETORNABLE 750.0,0.1039,69935.08594
2024-06,ABBAYE D'AULNE T. BOTELLA NO RETORNABLE 750.0,0.051399998,70153.46094
2024-07,ABBAYE D'AULNE T. BOTELLA NO RETORNABLE 750.0,0.0493,78534.03906
2024-08,ABBAYE D'AULNE T. BOTELLA NO RETORNABLE 750.0,0.0482,67201.10938
2024-09,ABBAYE D'AULNE T. BOTELLA NO RETORNABLE 750.0,0.015,63342.66797
2024-10,ABBAYE D'AULNE T. BOTELLA NO RETORNABLE 750.0,0.0407,57535.27734
2024-11,ABBAYE D'AULNE T. BOTELLA NO RETORNABLE 750.0,0.062143,71022.42969
2024-12,ABBAYE D'AULNE T. BOTELLA NO RETORNABLE 750.0,0.652507986,72287.01563
2025-01,ABBAYE D'AULNE T. BOTELLA NO RETORNABLE 750.0,0.401776998,77167.35938
2025-02,ABBAYE D'AULNE T. BOTELLA NO RETORNABLE 750.0,0.124286001,75708.25
2025-03,ABBAYE D'AULNE T. BOTELLA NO RETORNABLE 750.0,0.091072996,72204.88281
2025-04,ABBAYE D'AULNE T. BOTELLA NO RETORNABLE 750.0,0.049286,75208.71094
2025-05,ABBAYE D'AULNE T. BOTELLA NO RETORNABLE 750.0,0.093214997,81314.85938
2025-06,ABBAYE D'AULNE T. BOTELLA NO RETORNABLE 750.0,0.172499005,80178.48438
2025-07,ABBAYE D'AULNE T. BOTELLA NO RETORNABLE 750.0,0.16285801,81267.64063
2025-08,ABBAYE D'AULNE T. BOTELLA NO RETORNABLE 750.0,0.129640006,80950.44531
2024-11,ANDINA COLOMBIANA CTE BOTELLA NO RETORNABLE 1500.0,37.71551027,3202.213867
2024-12,ANDINA COLOMBIANA CTE BOTELLA NO RETORNABLE 1500.0,1792.448654,3590.999512
2025-01,ANDINA COLOMBIANA CTE BOTELLA NO RETORNABLE 1500.0,2262.809331,3554.337402
2025-02,ANDINA COLOMBIANA CTE BOTELLA NO RETORNABLE 1500.0,2404.806687,3727.547852
2025-03,ANDINA COLOMBIANA CTE BOTELLA NO RETORNABLE 1500.0,2885.285407,3724.653809
2025-04,ANDINA COLOMBIANA CTE BOTELLA NO RETORNABLE 1500.0,2802.058128,3608.156982
2025-05,ANDINA COLOMBIANA CTE BOTELLA NO RETORNABLE 1500.0,3523.930671,3590.328613
2025-06,ANDINA COLOMBIANA CTE BOTELLA NO RETORNABLE 1500.0,3369.096725,3603.691895
2025-07,ANDINA COLOMBIANA CTE BOTELLA NO RETORNABLE 1500.0,2982.216832,3672.223389
2025-08,ANDINA COLOMBIANA CTE BOTELLA NO RETORNABLE 1500.0,3541.130243,3685.372314
2025-08,ANDINA COLOMBIANA CTE BOTELLA NO RETORNABLE 200.0,6.964108119,8979.435547
2025-01,ANDINA COLOMBIANA CTE BOTELLA NO RETORNABLE 330.0,2.43199593,8353.425781
2025-02,ANDINA COLOMBIANA CTE BOTELLA NO RETORNABLE 330.0,308.9247993,8508.027344
2025-03,ANDINA COLOMBIANA CTE BOTELLA NO RETORNABLE 330.0,526.3825258,8499.84082
2025-04,ANDINA COLOMBIANA CTE BOTELLA NO RETORNABLE 330.0,452.5549453,8422.06543
2025-05,ANDINA COLOMBIANA CTE BOTELLA NO RETORNABLE 330.0,511.8472448,9078.841797
2025-06,ANDINA COLOMBIANA CTE BOTELLA NO RETORNABLE 330.0,714.9576965,9224.560547
2025-07,ANDINA COLOMBIANA CTE BOTELLA NO RETORNABLE 330.0,804.0690703,9327.923828
2025-08,ANDINA COLOMBIANA CTE BOTELLA NO RETORNABLE 330.0,683.1769154,9502.292969
2024-07,ANDINA COLOMBIANA CTE LATA NO RETORNABLE 310.0,15.41450024,7728.317383
2024-08,ANDINA COLOMBIANA CTE LATA NO RETORNABLE 310.0,819.0935059,7627.153809
2024-09,ANDINA COLOMBIANA CTE LATA NO RETORNABLE 310.0,2639.907471,8152.669434
2024-10,ANDINA COLOMBIANA CTE LATA NO RETORNABLE 310.0,4312.257324,8248.057617
2024-11,ANDINA COLOMBIANA CTE LATA NO RETORNABLE 310.0,4261.839059,8684.083984
2024-12,ANDINA COLOMBIANA CTE LATA NO RETORNABLE 310.0,5027.463126,7839.166016
2025-01,ANDINA COLOMBIANA CTE LATA NO RETORNABLE 310.0,4815.348024,8497.432617
2025-02,ANDINA COLOMBIANA CTE LATA NO RETORNABLE 310.0,3133.954513,8542.910156
2025-03,ANDINA COLOMBIANA CTE LATA NO RETORNABLE 310.0,3220.018172,8530.007813
2025-04,ANDINA COLOMBIANA CTE LATA NO RETORNABLE 310.0,3125.180315,8721.974609
2025-05,ANDINA COLOMBIANA CTE LATA NO RETORNABLE 310.0,2975.922086,8859.203125
2025-06,ANDINA COLOMBIANA CTE LATA NO RETORNABLE 310.0,2706.157904,8860.804688
2025-07,ANDINA COLOMBIANA CTE LATA NO RETORNABLE 310.0,2725.418961,9072.826172
2025-08,ANDINA COLOMBIANA CTE LATA NO RETORNABLE 310.0,2856.079147,9119.782227
2024-01,ANDINA CTE BOTELLA NO RETORNABLE 250.0,1106.277954,9096.831055
2024-02,ANDINA CTE BOTELLA NO RETORNABLE 250.0,625.7463989,9212.412109
2024-03,ANDINA CTE BOTELLA NO RETORNABLE 250.0,572.156189,9004.661133
2024-04,ANDINA CTE BOTELLA NO RETORNABLE 250.0,642.1071167,9112.53418
2024-05,ANDINA CTE BOTELLA NO RETORNABLE 250.0,340.4902954,9403.283203
2024-06,ANDINA CTE BOTELLA NO RETORNABLE 250.0,429.4299011,10290.80664
2024-07,ANDINA CTE BOTELLA NO RETORNABLE 250.0,191.2303009,9682.652344
2024-08,ANDINA CTE BOTELLA NO RETORNABLE 250.0,141.6195984,8313.436523
2024-09,ANDINA CTE BOTELLA NO RETORNABLE 250.0,68.23110199,8489.712891
2024-10,ANDINA CTE BOTELLA NO RETORNABLE 250.0,16.46269989,8802.301758
2024-11,ANDINA CTE BOTELLA NO RETORNABLE 250.0,30.00023676,8664.196289
2024-12,ANDINA CTE BOTELLA NO RETORNABLE 250.0,15.66124645,8590.242188
2025-01,ANDINA CTE BOTELLA NO RETORNABLE 250.0,48.14130115,9318.740234
2025-02,ANDINA CTE BOTELLA NO RETORNABLE 250.0,14.53205202,9378.572266
2025-03,ANDINA CTE BOTELLA NO RETORNABLE 250.0,15.90776942,9764.555664
2025-04,ANDINA CTE BOTELLA NO RETORNABLE 250.0,18.79522245,9495.128906
2025-05,ANDINA CTE BOTELLA NO RETORNABLE 250.0,13.55770575,9366.99707
2025-06,ANDINA CTE BOTELLA NO RETORNABLE 250.0,6.03656008,9352.529297
2025-08,ANDINA CTE BOTELLA NO RETORNABLE 250.0,17.257912,10000
2024-01,ANDINA CTE BOTELLA NO RETORNABLE 300.0,190.6591034,9296.762695
2024-02,ANDINA CTE BOTELLA NO RETORNABLE 300.0,121.2348022,8163.687988
2024-03,ANDINA CTE BOTELLA NO RETORNABLE 300.0,198.0791931,8256.021484
2024-04,ANDINA CTE BOTELLA NO RETORNABLE 300.0,194.6638031,8774.047852
2024-05,ANDINA CTE BOTELLA NO RETORNABLE 300.0,212.479599,9392.201172
2024-06,ANDINA CTE BOTELLA NO RETORNABLE 300.0,174.0812988,9378.21875
2024-07,ANDINA CTE BOTELLA NO RETORNABLE 300.0,184.2313995,9267.663086
2024-08,ANDINA CTE BOTELLA NO RETORNABLE 300.0,478.6741943,8617.837891
2024-09,ANDINA CTE BOTELLA NO RETORNABLE 300.0,331.3305969,8927.401367
2024-10,ANDINA CTE BOTELLA NO RETORNABLE 300.0,364.6202087,8989.276367
2024-11,ANDINA CTE BOTELLA NO RETORNABLE 300.0,296.1664517,8312.259766
2024-12,ANDINA CTE BOTELLA NO RETORNABLE 300.0,353.4897551,8555.5
2025-01,ANDINA CTE BOTELLA NO RETORNABLE 300.0,308.4296717,8646.942383
2025-02,ANDINA CTE BOTELLA NO RETORNABLE 300.0,399.015264,9026.326172
2025-03,ANDINA CTE BOTELLA NO RETORNABLE 300.0,276.1019692,9213.957031
2025-04,ANDINA CTE BOTELLA NO RETORNABLE 300.0,281.6344034,8985.305664
2025-05,ANDINA CTE BOTELLA NO RETORNABLE 300.0,276.8606979,8571.048828
2025-06,ANDINA CTE BOTELLA NO RETORNABLE 300.0,331.1028314,8465.225586
2025-07,ANDINA CTE BOTELLA NO RETORNABLE 300.0,152.6985307,8566.503906
2025-08,ANDINA CTE BOTELLA NO RETORNABLE 300.0,286.7644352,8693.110352
2024-01,ANDINA CTE BOTELLA RETORNABLE 250.0,2440.447754,7491.052734
2024-02,ANDINA CTE BOTELLA RETORNABLE 250.0,1978.913818,7759.068848
2024-03,ANDINA CTE BOTELLA RETORNABLE 250.0,1710.755859,7631.32373
2024-04,ANDINA CTE BOTELLA RETORNABLE 250.0,1949.077026,7760.46875
2024-05,ANDINA CTE BOTELLA RETORNABLE 250.0,1171.546143,7815.796875
2024-06,ANDINA CTE BOTELLA RETORNABLE 250.0,1304.082153,7940.248535
2024-07,ANDINA CTE BOTELLA RETORNABLE 250.0,1820.579712,7816.694824
2024-08,ANDINA CTE BOTELLA RETORNABLE 250.0,1289.027832,8127.281738
2024-09,ANDINA CTE BOTELLA RETORNABLE 250.0,1454.115479,8128.986816
2024-10,ANDINA CTE BOTELLA RETORNABLE 250.0,1388.320435,9138.486328
2024-11,ANDINA CTE BOTELLA RETORNABLE 250.0,1439.649976,8172.815918
2024-12,ANDINA CTE BOTELLA RETORNABLE 250.0,1461.439266,7777.430664
2025-01,ANDINA CTE BOTELLA RETORNABLE 250.0,1011.128132,7786.411621
2025-02,ANDINA CTE BOTELLA RETORNABLE 250.0,801.493908,7830.958984
2025-03,ANDINA CTE BOTELLA RETORNABLE 250.0,519.4445191,7464.19873
2025-04,ANDINA CTE BOTELLA RETORNABLE 250.0,491.5691072,7671.381348
2025-05,ANDINA CTE BOTELLA RETORNABLE 250.0,416.0975214,8072.666016
2025-06,ANDINA CTE BOTELLA RETORNABLE 250.0,462.8703264,7827.42041
2025-07,ANDINA CTE BOTELLA RETORNABLE 250.0,535.7584124,8114.305664
2025-08,ANDINA CTE BOTELLA RETORNABLE 250.0,803.766133,7639.334961
2024-01,ANDINA CTE BOTELLA RETORNABLE 330.0,11256.97559,7368.21875
2024-02,ANDINA CTE BOTELLA RETORNABLE 330.0,10752.50195,7495.919434
2024-03,ANDINA CTE BOTELLA RETORNABLE 330.0,9216.1875,7477.839355
2024-04,ANDINA CTE BOTELLA RETORNABLE 330.0,8027.405762,7727.272949
2024-05,ANDINA CTE BOTELLA RETORNABLE 330.0,8179.497559,7838.596191
2024-06,ANDINA CTE BOTELLA RETORNABLE 330.0,8100.675293,7714.451172
2024-07,ANDINA CTE BOTELLA RETORNABLE 330.0,8565.962891,7693.415039
2024-08,ANDINA CTE BOTELLA RETORNABLE 330.0,7023.124023,7694.338379
2024-09,ANDINA CTE BOTELLA RETORNABLE 330.0,7135.527344,7815.927734
2024-10,ANDINA CTE BOTELLA RETORNABLE 330.0,8299.818359,7777.338379
2024-11,ANDINA CTE BOTELLA RETORNABLE 330.0,8332.399607,8005.555176
2024-12,ANDINA CTE BOTELLA RETORNABLE 330.0,8343.173458,8004.950195
2025-01,ANDINA CTE BOTELLA RETORNABLE 330.0,8140.907126,7850.86084
2025-02,ANDINA CTE BOTELLA RETORNABLE 330.0,6421.753375,7835.164551
2025-03,ANDINA CTE BOTELLA RETORNABLE 330.0,6622.80715,8076.206055
2025-04,ANDINA CTE BOTELLA RETORNABLE 330.0,5803.448829,8257.504883
2025-05,ANDINA CTE BOTELLA RETORNABLE 330.0,6704.053755,8299.791016
2025-06,ANDINA CTE BOTELLA RETORNABLE 330.0,4914.093626,8415.523438
2025-07,ANDINA CTE BOTELLA RETORNABLE 330.0,5330.32753,8184.385742
2025-08,ANDINA CTE BOTELLA RETORNABLE 330.0,5139.104216,8341.05957
2024-01,ANDINA CTE BOTELLA RETORNABLE 750.0,15255.55762,5158.713867
2024-02,ANDINA CTE BOTELLA RETORNABLE 750.0,13220.46582,5252.225098
2024-03,ANDINA CTE BOTELLA RETORNABLE 750.0,14168.20117,5334.030273
2024-04,ANDINA CTE BOTELLA RETORNABLE 750.0,13928.24023,5339.658691
2024-05,ANDINA CTE BOTELLA RETORNABLE 750.0,13202.60645,5339.672363
2024-06,ANDINA CTE BOTELLA RETORNABLE 750.0,12245.95703,5358.289551
2024-07,ANDINA CTE BOTELLA RETORNABLE 750.0,12188.76074,5364.553711
2024-08,ANDINA CTE BOTELLA RETORNABLE 750.0,10702.76172,5376.032227
2024-09,ANDINA CTE BOTELLA RETORNABLE 750.0,10997.18555,5313.091309
2024-10,ANDINA CTE BOTELLA RETORNABLE 750.0,11054.27734,5457.299805
2024-11,ANDINA CTE BOTELLA RETORNABLE 750.0,10072.50802,5494.820801
2024-12,ANDINA CTE BOTELLA RETORNABLE 750.0,11658.8691,5488.155762
2025-01,ANDINA CTE BOTELLA RETORNABLE 750.0,9952.623423,5470.370117
2025-02,ANDINA CTE BOTELLA RETORNABLE 750.0,9140.653019,5564.487305
2025-03,ANDINA CTE BOTELLA RETORNABLE 750.0,10073.32472,5528.394531
2025-04,ANDINA CTE BOTELLA RETORNABLE 750.0,9029.112251,5564.901855
2025-05,ANDINA CTE BOTELLA RETORNABLE 750.0,8685.620841,5532.29834
2025-06,ANDINA CTE BOTELLA RETORNABLE 750.0,8059.323255,5562.104492
2025-07,ANDINA CTE BOTELLA RETORNABLE 750.0,8150.045588,5585.97168
2025-08,ANDINA CTE BOTELLA RETORNABLE 750.0,7874.989068,5642.089844
2024-01,ANDINA CTE LATA NO RETORNABLE 269.0,3320.326904,6558.777832
2024-02,ANDINA CTE LATA NO RETORNABLE 269.0,2511.1875,7235.317871
2024-03,ANDINA CTE LATA NO RETORNABLE 269.0,2251.854492,7119.456055
2024-04,ANDINA CTE LATA NO RETORNABLE 269.0,2315.019775,7197.249512
2024-05,ANDINA CTE LATA NO RETORNABLE 269.0,2322.218506,7200.016113
2024-06,ANDINA CTE LATA NO RETORNABLE 269.0,1693.333252,6881.631348
2024-07,ANDINA CTE LATA NO RETORNABLE 269.0,2251.935303,6908.097656
2024-08,ANDINA CTE LATA NO RETORNABLE 269.0,1448.139282,7537.328613
2024-09,ANDINA CTE LATA NO RETORNABLE 269.0,1148.983643,7515.641113
2024-10,ANDINA CTE LATA NO RETORNABLE 269.0,700.2839966,8752.65332
2024-11,ANDINA CTE LATA NO RETORNABLE 269.0,581.7559177,8149.378418
2024-12,ANDINA CTE LATA NO RETORNABLE 269.0,1224.685777,5902.655762
2025-01,ANDINA CTE LATA NO RETORNABLE 269.0,912.1455122,7548.56543
2025-02,ANDINA CTE LATA NO RETORNABLE 269.0,1182.346404,8715.457031
2025-03,ANDINA CTE LATA NO RETORNABLE 269.0,1206.665017,8634.733398
2025-04,ANDINA CTE LATA NO RETORNABLE 269.0,727.3917806,8117.914551
2025-05,ANDINA CTE LATA NO RETORNABLE 269.0,585.3533005,7715.682129
2025-06,ANDINA CTE LATA NO RETORNABLE 269.0,779.6424992,7880.289551
2025-07,ANDINA CTE LATA NO RETORNABLE 269.0,1161.18655,8648.827148
2025-08,ANDINA CTE LATA NO RETORNABLE 269.0,3099.12807,6826.871094
2024-05,ANDINA CTE LATA NO RETORNABLE 310.0,871.1204834,8368.419922
2024-06,ANDINA CTE LATA NO RETORNABLE 310.0,1997.778076,8422.601563
2024-07,ANDINA CTE LATA NO RETORNABLE 310.0,5318.687988,8000.475098
2024-08,ANDINA CTE LATA NO RETORNABLE 310.0,5489.763184,7970.976563
2024-09,ANDINA CTE LATA NO RETORNABLE 310.0,5688.92627,8029.489258
2024-10,ANDINA CTE LATA NO RETORNABLE 310.0,5836.268555,7843.551758
2024-11,ANDINA CTE LATA NO RETORNABLE 310.0,6761.530051,7294.717773
2024-12,ANDINA CTE LATA NO RETORNABLE 310.0,12276.56173,6629.347168
2025-01,ANDINA CTE LATA NO RETORNABLE 310.0,9855.673149,8025.972656
2025-02,ANDINA CTE LATA NO RETORNABLE 310.0,5502.372854,8449.949219
2025-03,ANDINA CTE LATA NO RETORNABLE 310.0,5704.189684,8055.711914
2025-04,ANDINA CTE LATA NO RETORNABLE 310.0,5228.262991,7874.749023
2025-05,ANDINA CTE LATA NO RETORNABLE 310.0,5390.022923,8273.294922
2025-06,ANDINA CTE LATA NO RETORNABLE 310.0,4080.587677,8265.645508
2025-07,ANDINA CTE LATA NO RETORNABLE 310.0,3806.118073,8286.136719
2025-08,ANDINA CTE LATA NO RETORNABLE 310.0,3936.738224,8149.465332
2024-01,ANDINA CTE LATA NO RETORNABLE 330.0,9562.033203,7561.479004
2024-02,ANDINA CTE LATA NO RETORNABLE 330.0,4969.64209,8099.733887
2024-03,ANDINA CTE LATA NO RETORNABLE 330.0,5629.078613,8192.282227
2024-04,ANDINA CTE LATA NO RETORNABLE 330.0,5204.745117,8261.231445
2024-05,ANDINA CTE LATA NO RETORNABLE 330.0,4283.682129,7721.895996
2024-06,ANDINA CTE LATA NO RETORNABLE 330.0,4449.214844,8149.398926
2024-07,ANDINA CTE LATA NO RETORNABLE 330.0,3933.289795,7852.729004
2024-08,ANDINA CTE LATA NO RETORNABLE 330.0,1671.818237,8373.076172
2024-09,ANDINA CTE LATA NO RETORNABLE 330.0,1146.431152,8095.605469
2024-10,ANDINA CTE LATA NO RETORNABLE 330.0,484.956604,8435.307617
2024-11,ANDINA CTE LATA NO RETORNABLE 330.0,447.7383133,8212.931641
2024-12,ANDINA CTE LATA NO RETORNABLE 330.0,407.6400983,8483.119141
2025-01,ANDINA CTE LATA NO RETORNABLE 330.0,191.0494168,8524.842773
2025-02,ANDINA CTE LATA NO RETORNABLE 330.0,214.4299761,8160.508301
2025-03,ANDINA CTE LATA NO RETORNABLE 330.0,354.6167467,8300.75
2025-04,ANDINA CTE LATA NO RETORNABLE 330.0,251.2255341,8676.539063
2025-05,ANDINA CTE LATA NO RETORNABLE 330.0,158.4872025,8599.555664
2025-06,ANDINA CTE LATA NO RETORNABLE 330.0,81.94402147,8182.678223
2025-07,ANDINA CTE LATA NO RETORNABLE 330.0,27.2547956,8104.325684
2025-08,ANDINA CTE LATA NO RETORNABLE 330.0,24.27987567,8271.228516
2024-01,ANDINA CTE LATA NO RETORNABLE 355.0,12.35330009,6327.956055
2024-02,ANDINA CTE LATA NO RETORNABLE 355.0,25.25160027,6872.316895
2024-03,ANDINA CTE LATA NO RETORNABLE 355.0,10.50889969,7586.997559
2024-04,ANDINA CTE LATA NO RETORNABLE 355.0,69.04620361,7043.270508
2024-05,ANDINA CTE LATA NO RETORNABLE 355.0,17.5053997,7089.691895
2024-06,ANDINA CTE LATA NO RETORNABLE 355.0,5.09100008,7521.890625
2024-07,ANDINA CTE LATA NO RETORNABLE 355.0,9.798399925,7677.001953
2024-08,ANDINA CTE LATA NO RETORNABLE 355.0,12.48830032,6846.480469
2024-09,ANDINA CTE LATA NO RETORNABLE 355.0,11.43690014,7627.353516
2024-10,ANDINA CTE LATA NO RETORNABLE 355.0,4.507199764,8399.570313
2024-11,ANDINA CTE LATA NO RETORNABLE 355.0,4.534161876,8353.015625
2024-12,ANDINA CTE LATA NO RETORNABLE 355.0,8.051694382,7121.660645
2025-01,ANDINA CTE LATA NO RETORNABLE 355.0,9.973362984,7202.019531
2025-02,ANDINA CTE LATA NO RETORNABLE 355.0,12.65614403,7973.547852
2025-03,ANDINA CTE LATA NO RETORNABLE 355.0,5.9174064,7261.714355
2025-04,ANDINA CTE LATA NO RETORNABLE 355.0,9.21692257,7257.984375
2025-05,ANDINA CTE LATA NO RETORNABLE 355.0,2.137944992,7261.713379
2025-06,ANDINA CTE LATA NO RETORNABLE 355.0,3.14615795,7249.195801
2025-07,ANDINA CTE LATA NO RETORNABLE 355.0,3.302905023,7253.921875
2025-08,ANDINA CTE LATA NO RETORNABLE 355.0,3.711806075,8419.509766
2024-01,ANDINA CTE LATA NO RETORNABLE 473.0,20289.28711,6965.131348
2024-02,ANDINA CTE LATA NO RETORNABLE 473.0,16831.08008,6966.447266
2024-03,ANDINA CTE LATA NO RETORNABLE 473.0,17609.85938,6965.924316
2024-04,ANDINA CTE LATA NO RETORNABLE 473.0,16000.50977,7060.428711
2024-05,ANDINA CTE LATA NO RETORNABLE 473.0,16578.41602,7137.81543
2024-06,ANDINA CTE LATA NO RETORNABLE 473.0,14593.25,7083.075195
2024-07,ANDINA CTE LATA NO RETORNABLE 473.0,15075.33301,7182.05957
2024-08,ANDINA CTE LATA NO RETORNABLE 473.0,15779.61133,7284.352539
2024-09,ANDINA CTE LATA NO RETORNABLE 473.0,15773.65625,7253.219238
2024-10,ANDINA CTE LATA NO RETORNABLE 473.0,15261.69922,7282.050293
2024-11,ANDINA CTE LATA NO RETORNABLE 473.0,14134.76725,7254.175293
2024-12,ANDINA CTE LATA NO RETORNABLE 473.0,17178.07748,7366.611328
2025-01,ANDINA CTE LATA NO RETORNABLE 473.0,16353.95167,7461.759277
2025-02,ANDINA CTE LATA NO RETORNABLE 473.0,13072.7565,7533.246094
2025-03,ANDINA CTE LATA NO RETORNABLE 473.0,13586.23972,7577.276367
2025-04,ANDINA CTE LATA NO RETORNABLE 473.0,13992.9143,7563.504395
2025-05,ANDINA CTE LATA NO RETORNABLE 473.0,12992.86102,7551.485352
2025-06,ANDINA CTE LATA NO RETORNABLE 473.0,13165.88153,7565.26123
2025-07,ANDINA CTE LATA NO RETORNABLE 473.0,14864.4199,7565.376465
2025-08,ANDINA CTE LATA NO RETORNABLE 473.0,15324.22743,7668.61377
2024-01,ANDINA LIGHT BOTELLA NO RETORNABLE 250.0,2898.361084,8228.769531
2024-02,ANDINA LIGHT BOTELLA NO RETORNABLE 250.0,1862.909912,8461.713867
2024-03,ANDINA LIGHT BOTELLA NO RETORNABLE 250.0,1030.639526,9420.076172
2024-04,ANDINA LIGHT BOTELLA NO RETORNABLE 250.0,1159.738647,9387.533203
2024-05,ANDINA LIGHT BOTELLA NO RETORNABLE 250.0,2628.767822,8287.783203
2024-06,ANDINA LIGHT BOTELLA NO RETORNABLE 250.0,1883.903442,8405.09668
2024-07,ANDINA LIGHT BOTELLA NO RETORNABLE 250.0,1907.398193,8269.387695
2024-08,ANDINA LIGHT BOTELLA NO RETORNABLE 250.0,1790.788452,8266.191406
2024-09,ANDINA LIGHT BOTELLA NO RETORNABLE 250.0,1580.462036,8533.250977
2024-10,ANDINA LIGHT BOTELLA NO RETORNABLE 250.0,1510.605469,8844.880859
2024-11,ANDINA LIGHT BOTELLA NO RETORNABLE 250.0,1783.103683,8535.794922
2024-12,ANDINA LIGHT BOTELLA NO RETORNABLE 250.0,2023.710805,9044.074219
2025-01,ANDINA LIGHT BOTELLA NO RETORNABLE 250.0,1169.834879,9036.886719
2025-02,ANDINA LIGHT BOTELLA NO RETORNABLE 250.0,797.4324158,8948.991211
2025-03,ANDINA LIGHT BOTELLA NO RETORNABLE 250.0,926.1925628,8756
2025-04,ANDINA LIGHT BOTELLA NO RETORNABLE 250.0,855.6375387,9101.15918
2025-05,ANDINA LIGHT BOTELLA NO RETORNABLE 250.0,525.0707675,9382.996094
2025-06,ANDINA LIGHT BOTELLA NO RETORNABLE 250.0,653.5525315,9520.674805
2025-07,ANDINA LIGHT BOTELLA NO RETORNABLE 250.0,795.6636387,9577.650391
2025-08,ANDINA LIGHT BOTELLA NO RETORNABLE 250.0,524.973475,9778.958984
2024-01,ANDINA LIGHT BOTELLA NO RETORNABLE 300.0,2619.298096,8434.458008
2024-02,ANDINA LIGHT BOTELLA NO RETORNABLE 300.0,2224.38501,7949.945313
2024-03,ANDINA LIGHT BOTELLA NO RETORNABLE 300.0,2580.76123,8123.200195
2024-04,ANDINA LIGHT BOTELLA NO RETORNABLE 300.0,2399.968262,8282.550781
2024-05,ANDINA LIGHT BOTELLA NO RETORNABLE 300.0,2390.574707,8145.308105
2024-06,ANDINA LIGHT BOTELLA NO RETORNABLE 300.0,1952.072021,8266.067383
2024-07,ANDINA LIGHT BOTELLA NO RETORNABLE 300.0,1768.484253,8267.572266
2024-08,ANDINA LIGHT BOTELLA NO RETORNABLE 300.0,2012.925171,8186.731934
2024-09,ANDINA LIGHT BOTELLA NO RETORNABLE 300.0,2287.548584,8241.318359
2024-10,ANDINA LIGHT BOTELLA NO RETORNABLE 300.0,3406.883545,8199.685547
2024-11,ANDINA LIGHT BOTELLA NO RETORNABLE 300.0,2134.903387,8527.694336
2024-12,ANDINA LIGHT BOTELLA NO RETORNABLE 300.0,2955.860191,8436.175781
2025-01,ANDINA LIGHT BOTELLA NO RETORNABLE 300.0,3318.218892,8509.013672
2025-02,ANDINA LIGHT BOTELLA NO RETORNABLE 300.0,2565.756788,8539.185547
2025-03,ANDINA LIGHT BOTELLA NO RETORNABLE 300.0,2917.260732,8644.768555
2025-04,ANDINA LIGHT BOTELLA NO RETORNABLE 300.0,2291.852885,8756.765625
2025-05,ANDINA LIGHT BOTELLA NO RETORNABLE 300.0,2359.400397,8749.382813
2025-06,ANDINA LIGHT BOTELLA NO RETORNABLE 300.0,2769.514896,8569.864258
2025-07,ANDINA LIGHT BOTELLA NO RETORNABLE 300.0,2818.995524,8578.889648
2025-08,ANDINA LIGHT BOTELLA NO RETORNABLE 300.0,3719.845013,8670.860352
2025-05,ANDINA LIGHT BOTELLA RETORNABLE 250.0,2.895627853,7999.999023
2025-06,ANDINA LIGHT BOTELLA RETORNABLE 250.0,2.495487031,8000
2025-07,ANDINA LIGHT BOTELLA RETORNABLE 250.0,1.890056018,8837.272461
2025-08,ANDINA LIGHT BOTELLA RETORNABLE 250.0,10.85971842,9703.261719
2024-01,ANDINA LIGHT BOTELLA RETORNABLE 330.0,6122.883789,7947.688477
2024-02,ANDINA LIGHT BOTELLA RETORNABLE 330.0,5829.480957,8021.501465
2024-03,ANDINA LIGHT BOTELLA RETORNABLE 330.0,5701.360352,8112.001465
2024-04,ANDINA LIGHT BOTELLA RETORNABLE 330.0,5150.486328,8222.352539
2024-05,ANDINA LIGHT BOTELLA RETORNABLE 330.0,5354.888184,8300.261719
2024-06,ANDINA LIGHT BOTELLA RETORNABLE 330.0,5558.791504,8319.749023
2024-07,ANDINA LIGHT BOTELLA RETORNABLE 330.0,6319.008789,8616.895508
2024-08,ANDINA LIGHT BOTELLA RETORNABLE 330.0,5861.480957,8645.733398
2024-09,ANDINA LIGHT BOTELLA RETORNABLE 330.0,5524.247559,8730.901367
2024-10,ANDINA LIGHT BOTELLA RETORNABLE 330.0,5601.79541,8519.50293
2024-11,ANDINA LIGHT BOTELLA RETORNABLE 330.0,5418.810561,8458.40625
2024-12,ANDINA LIGHT BOTELLA RETORNABLE 330.0,5488.515281,8724.260742
2025-01,ANDINA LIGHT BOTELLA RETORNABLE 330.0,7017.374473,8512.178711
2025-02,ANDINA LIGHT BOTELLA RETORNABLE 330.0,6200.400558,8462.266602
2025-03,ANDINA LIGHT BOTELLA RETORNABLE 330.0,5581.194482,8685.436523
2025-04,ANDINA LIGHT BOTELLA RETORNABLE 330.0,4475.994145,8503.823242
2025-05,ANDINA LIGHT BOTELLA RETORNABLE 330.0,5460.526487,8510.628906
2025-06,ANDINA LIGHT BOTELLA RETORNABLE 330.0,5409.258427,8439.494141
2025-07,ANDINA LIGHT BOTELLA RETORNABLE 330.0,6266.247104,8365.605469
2025-08,ANDINA LIGHT BOTELLA RETORNABLE 330.0,6955.183057,8281.560547
2025-02,ANDINA LIGHT BOTELLA RETORNABLE 750.0,62.31151095,6081.35791
2025-03,ANDINA LIGHT BOTELLA RETORNABLE 750.0,530.2817182,5945.48877
2025-04,ANDINA LIGHT BOTELLA RETORNABLE 750.0,646.6418621,6007.77832
2025-05,ANDINA LIGHT BOTELLA RETORNABLE 750.0,630.4420277,5839.396484
2025-06,ANDINA LIGHT BOTELLA RETORNABLE 750.0,700.6311502,6179.469238
2025-07,ANDINA LIGHT BOTELLA RETORNABLE 750.0,556.79647,5959.757324
2025-08,ANDINA LIGHT BOTELLA RETORNABLE 750.0,738.4003779,5954.026855
2024-01,ANDINA LIGHT LATA NO RETORNABLE 269.0,3701.884766,7841.67627
2024-02,ANDINA LIGHT LATA NO RETORNABLE 269.0,2709.763916,8148.737793
2024-03,ANDINA LIGHT LATA NO RETORNABLE 269.0,2463.129883,7901.074707
2024-04,ANDINA LIGHT LATA NO RETORNABLE 269.0,2383.94165,7387.15918
2024-05,ANDINA LIGHT LATA NO RETORNABLE 269.0,2339.399658,7713.166992
2024-06,ANDINA LIGHT LATA NO RETORNABLE 269.0,1749.416748,7705.969727
2024-07,ANDINA LIGHT LATA NO RETORNABLE 269.0,1494.116699,7950.790527
2024-08,ANDINA LIGHT LATA NO RETORNABLE 269.0,1007.21759,8357.282227
2024-09,ANDINA LIGHT LATA NO RETORNABLE 269.0,600.9003906,8568.045898
2024-10,ANDINA LIGHT LATA NO RETORNABLE 269.0,613.5958862,8786.043945
2024-11,ANDINA LIGHT LATA NO RETORNABLE 269.0,415.2931883,8575.384766
2024-12,ANDINA LIGHT LATA NO RETORNABLE 269.0,807.7123105,7179.546387
2025-01,ANDINA LIGHT LATA NO RETORNABLE 269.0,870.7987364,7898.776367
2025-02,ANDINA LIGHT LATA NO RETORNABLE 269.0,1244.737323,8402.379883
2025-03,ANDINA LIGHT LATA NO RETORNABLE 269.0,1350.343759,8395.253906
2025-04,ANDINA LIGHT LATA NO RETORNABLE 269.0,1512.979137,8447.207031
2025-05,ANDINA LIGHT LATA NO RETORNABLE 269.0,2026.647457,8197.532227
2025-06,ANDINA LIGHT LATA NO RETORNABLE 269.0,2137.213787,8217.821289
2025-07,ANDINA LIGHT LATA NO RETORNABLE 269.0,2165.021411,8414.585938
2025-08,ANDINA LIGHT LATA NO RETORNABLE 269.0,2310.693719,8417.042969
2024-05,ANDINA LIGHT LATA NO RETORNABLE 310.0,379.0339966,8537.694336
2024-06,ANDINA LIGHT LATA NO RETORNABLE 310.0,1467.622681,8453.999023
2024-07,ANDINA LIGHT LATA NO RETORNABLE 310.0,2251.064209,7865.255859
2024-08,ANDINA LIGHT LATA NO RETORNABLE 310.0,2193.693848,7717.781738
2024-09,ANDINA LIGHT LATA NO RETORNABLE 310.0,2761.375,7820.892578
2024-10,ANDINA LIGHT LATA NO RETORNABLE 310.0,3122.134766,7466.770508
2024-11,ANDINA LIGHT LATA NO RETORNABLE 310.0,3971.158591,7161.727539
2024-12,ANDINA LIGHT LATA NO RETORNABLE 310.0,6456.301882,6436.288086
2025-01,ANDINA LIGHT LATA NO RETORNABLE 310.0,4285.65092,7862.836426
2025-02,ANDINA LIGHT LATA NO RETORNABLE 310.0,1878.053019,8050.858887
2025-03,ANDINA LIGHT LATA NO RETORNABLE 310.0,1549.400413,7743.852539
2025-04,ANDINA LIGHT LATA NO RETORNABLE 310.0,1601.669681,7837.64502
2025-05,ANDINA LIGHT LATA NO RETORNABLE 310.0,1507.419091,7778.44043
2025-06,ANDINA LIGHT LATA NO RETORNABLE 310.0,1032.744053,8134.058594
2025-07,ANDINA LIGHT LATA NO RETORNABLE 310.0,712.4078916,8002.393555
2025-08,ANDINA LIGHT LATA NO RETORNABLE 310.0,898.21884,8172.896484
2024-01,ANDINA LIGHT LATA NO RETORNABLE 330.0,1332.574829,7211.806641
2024-02,ANDINA LIGHT LATA NO RETORNABLE 330.0,563.4918213,8237.374023
2024-03,ANDINA LIGHT LATA NO RETORNABLE 330.0,500.9223022,7852.322754
2024-04,ANDINA LIGHT LATA NO RETORNABLE 330.0,545.4155273,7646.127441
2024-05,ANDINA LIGHT LATA NO RETORNABLE 330.0,805.4038696,7342.862305
2024-06,ANDINA LIGHT LATA NO RETORNABLE 330.0,534.8538208,7408.897461
2024-07,ANDINA LIGHT LATA NO RETORNABLE 330.0,543.0270996,6462.405762
2024-08,ANDINA LIGHT LATA NO RETORNABLE 330.0,145.6488037,7607.319336
2024-09,ANDINA LIGHT LATA NO RETORNABLE 330.0,145.0312958,6174.334961
2024-10,ANDINA LIGHT LATA NO RETORNABLE 330.0,82.48280334,7242.532715
2024-11,ANDINA LIGHT LATA NO RETORNABLE 330.0,31.41218838,7898.088379
2024-12,ANDINA LIGHT LATA NO RETORNABLE 330.0,28.13993767,7959.507324
2025-01,ANDINA LIGHT LATA NO RETORNABLE 330.0,26.37776989,7840.828125
2025-02,ANDINA LIGHT LATA NO RETORNABLE 330.0,16.42537557,7588.776855
2025-03,ANDINA LIGHT LATA NO RETORNABLE 330.0,6.86022687,8105.930176
2025-04,ANDINA LIGHT LATA NO RETORNABLE 330.0,1.826575037,8699.983398
2025-05,ANDINA LIGHT LATA NO RETORNABLE 330.0,3.680256132,7694.696777
2025-06,ANDINA LIGHT LATA NO RETORNABLE 330.0,7.115812146,7587.483887
2025-07,ANDINA LIGHT LATA NO RETORNABLE 330.0,1.926776077,8098.112793
2025-08,ANDINA LIGHT LATA NO RETORNABLE 330.0,6.975583914,9075.644531
2024-01,ANDINA LIGHT LATA NO RETORNABLE 473.0,521.9472046,6381.353516
2024-02,ANDINA LIGHT LATA NO RETORNABLE 473.0,361.2247009,6394.708496
2024-03,ANDINA LIGHT LATA NO RETORNABLE 473.0,360.810791,6636.742676
2024-04,ANDINA LIGHT LATA NO RETORNABLE 473.0,190.3009033,7389.602051
2024-05,ANDINA LIGHT LATA NO RETORNABLE 473.0,91.55239868,7735.267578
2024-06,ANDINA LIGHT LATA NO RETORNABLE 473.0,106.271698,7193.955566
2024-07,ANDINA LIGHT LATA NO RETORNABLE 473.0,114.7452011,7059.557129
2024-08,ANDINA LIGHT LATA NO RETORNABLE 473.0,113.9866028,6945.502441
2024-09,ANDINA LIGHT LATA NO RETORNABLE 473.0,75.53500366,7172.830078
2024-10,ANDINA LIGHT LATA NO RETORNABLE 473.0,63.32619858,7327.273926
2024-11,ANDINA LIGHT LATA NO RETORNABLE 473.0,70.10313457,7734.575684
2024-12,ANDINA LIGHT LATA NO RETORNABLE 473.0,224.7951632,8221.736328
2025-01,ANDINA LIGHT LATA NO RETORNABLE 473.0,239.2200282,8050.603516
2025-02,ANDINA LIGHT LATA NO RETORNABLE 473.0,191.3816334,7992.734375
2025-03,ANDINA LIGHT LATA NO RETORNABLE 473.0,220.1804962,7702.033691
2025-04,ANDINA LIGHT LATA NO RETORNABLE 473.0,288.0188077,7806.066895
2025-05,ANDINA LIGHT LATA NO RETORNABLE 473.0,294.6286297,7851.719238
2025-06,ANDINA LIGHT LATA NO RETORNABLE 473.0,479.0756833,7807.187988
2025-07,ANDINA LIGHT LATA NO RETORNABLE 473.0,460.5867566,7840.290039
2025-08,ANDINA LIGHT LATA NO RETORNABLE 473.0,615.8985137,7776.14502
2024-01,ANDINA LIGHT LATA NO RETORNABLE null.0,0.0095,6329.009766
2024-02,ANDINA LIGHT LATA NO RETORNABLE null.0,7.874400139,10548.52344
2024-03,ANDINA LIGHT LATA NO RETORNABLE null.0,4.509500027,12658.22852
2024-04,ANDINA LIGHT LATA NO RETORNABLE null.0,3.870100021,12658.18066
2024-05,ANDINA LIGHT LATA NO RETORNABLE null.0,8.974399567,10481.66113
2024-10,ANDINA LIGHT LATA NO RETORNABLE null.0,0.053199999,10548.3291
2024-11,ANDINA LIGHT LATA NO RETORNABLE null.0,0.025750999,10548.62207
2024-12,ANDINA LIGHT LATA NO RETORNABLE null.0,0.319315007,10548.4707
2025-01,ANDINA LIGHT LATA NO RETORNABLE null.0,0.145141995,10970.38086
2025-02,ANDINA LIGHT LATA NO RETORNABLE null.0,0.131096007,10970.42969
2025-05,ANDINA LIGHT LATA NO RETORNABLE null.0,0.060476,10970.37598
2024-01,APOSTOL T. BOTELLA NO RETORNABLE 330.0,0.287600011,29202.20117
2024-02,APOSTOL T. BOTELLA NO RETORNABLE 330.0,0.0999,22338.03516
2024-03,APOSTOL T. BOTELLA NO RETORNABLE 330.0,0.136199996,19740.06641
2024-04,APOSTOL T. BOTELLA NO RETORNABLE 330.0,3.82220006,26839.84375
2024-05,APOSTOL T. BOTELLA NO RETORNABLE 330.0,4.910699844,26838.11133
2024-06,APOSTOL T. BOTELLA NO RETORNABLE 330.0,0.039099999,28787.70313
2024-07,APOSTOL T. BOTELLA NO RETORNABLE 330.0,0.0363,27244.62891
2025-03,APOSTOL T. BOTELLA NO RETORNABLE 330.0,0.0033,11818.18164
2025-07,APOSTOL T. BOTELLA NO RETORNABLE 330.0,0.0033,11818.18164
2024-01,ASAHI T. BOTELLA NO RETORNABLE 330.0,0.034899998,18728.77344
2024-02,ASAHI T. BOTELLA NO RETORNABLE 330.0,0.039900001,18729.31836
2024-09,ASAHI T. BOTELLA NO RETORNABLE 330.0,3.242300034,19466.07422
2024-10,ASAHI T. BOTELLA NO RETORNABLE 330.0,9.791600227,19242.66406
2024-11,ASAHI T. BOTELLA NO RETORNABLE 330.0,6.439793628,19541.13086
2024-12,ASAHI T. BOTELLA NO RETORNABLE 330.0,5.430479816,20262.47656
2025-01,ASAHI T. BOTELLA NO RETORNABLE 330.0,7.23248313,19663.7168
2025-02,ASAHI T. BOTELLA NO RETORNABLE 330.0,10.64789821,20348.01758
2025-03,ASAHI T. BOTELLA NO RETORNABLE 330.0,10.14298531,22601.32031
2025-04,ASAHI T. BOTELLA NO RETORNABLE 330.0,7.498518817,22036.30664
2025-05,ASAHI T. BOTELLA NO RETORNABLE 330.0,12.18708093,20535.3457
2025-06,ASAHI T. BOTELLA NO RETORNABLE 330.0,21.03386789,20774.99023
2025-07,ASAHI T. BOTELLA NO RETORNABLE 330.0,26.51255715,20827.57227
2025-08,ASAHI T. BOTELLA NO RETORNABLE 330.0,29.38414567,20561.16406
2024-01,ASPALL T. BOTELLA NO RETORNABLE 330.0,4.618199825,46727.21094
2024-02,ASPALL T. BOTELLA NO RETORNABLE 330.0,2.975199938,53669.33594
2024-03,ASPALL T. BOTELLA NO RETORNABLE 330.0,1.182299972,53204.42969
2024-04,ASPALL T. BOTELLA NO RETORNABLE 330.0,6.911900043,24928.94727
2024-05,ASPALL T. BOTELLA NO RETORNABLE 330.0,1.730000019,54466.49609
2024-06,ASPALL T. BOTELLA NO RETORNABLE 330.0,3.532500029,59963.08594
2024-07,ASPALL T. BOTELLA NO RETORNABLE 330.0,3.694499969,54571.01172
2024-08,ASPALL T. BOTELLA NO RETORNABLE 330.0,2.053900003,54476.79297
2024-09,ASPALL T. BOTELLA NO RETORNABLE 330.0,1.706400037,53005.86719
2024-10,ASPALL T. BOTELLA NO RETORNABLE 330.0,4.724199772,61699.52344
2024-11,ASPALL T. BOTELLA NO RETORNABLE 330.0,14.40574047,44220.86328
2024-12,ASPALL T. BOTELLA NO RETORNABLE 330.0,6.267536029,54015.14063
2025-01,ASPALL T. BOTELLA NO RETORNABLE 330.0,9.16887379,56718.24609
2025-02,ASPALL T. BOTELLA NO RETORNABLE 330.0,0.831601057,58983.39063
2025-03,ASPALL T. BOTELLA NO RETORNABLE 330.0,4.177907123,54706.79297
2025-04,ASPALL T. BOTELLA NO RETORNABLE 330.0,3.284493959,53049.82813
2025-05,ASPALL T. BOTELLA NO RETORNABLE 330.0,3.577745119,61558.96875
2025-06,ASPALL T. BOTELLA NO RETORNABLE 330.0,1.842717918,63936.00391
2025-07,ASPALL T. BOTELLA NO RETORNABLE 330.0,2.321267016,65409.85547
2025-08,ASPALL T. BOTELLA NO RETORNABLE 330.0,0.389397001,67340.73438
2024-01,ASPALL T. BOTELLA NO RETORNABLE 500.0,1.955800056,45390.19141
2024-02,ASPALL T. BOTELLA NO RETORNABLE 500.0,1.377200007,45109.28906
2024-03,ASPALL T. BOTELLA NO RETORNABLE 500.0,1.110000014,46939.12109
2024-04,ASPALL T. BOTELLA NO RETORNABLE 500.0,0.720700026,50304.27344
2024-05,ASPALL T. BOTELLA NO RETORNABLE 500.0,0.806400001,48901.11328
2024-06,ASPALL T. BOTELLA NO RETORNABLE 500.0,1.465000033,48524.92969
2024-07,ASPALL T. BOTELLA NO RETORNABLE 500.0,1.807899952,49096.46484
2024-08,ASPALL T. BOTELLA NO RETORNABLE 500.0,1.576400042,49476.30469
2024-09,ASPALL T. BOTELLA NO RETORNABLE 500.0,1.717100024,46181.71094
2024-10,ASPALL T. BOTELLA NO RETORNABLE 500.0,1.607200027,46512.625
2024-11,ASPALL T. BOTELLA NO RETORNABLE 500.0,1.189281011,49518.57422
2024-12,ASPALL T. BOTELLA NO RETORNABLE 500.0,2.0228909,52133.44922
2025-01,ASPALL T. BOTELLA NO RETORNABLE 500.0,1.819957016,54374.65234
2025-02,ASPALL T. BOTELLA NO RETORNABLE 500.0,0.798571984,54732.39844
2025-03,ASPALL T. BOTELLA NO RETORNABLE 500.0,1.072148001,55118.11328
2025-04,ASPALL T. BOTELLA NO RETORNABLE 500.0,1.017140988,55545.17578
2025-05,ASPALL T. BOTELLA NO RETORNABLE 500.0,1.203579002,49427.44922
2025-06,ASPALL T. BOTELLA NO RETORNABLE 500.0,0.794280974,49215.10938
2025-07,ASPALL T. BOTELLA NO RETORNABLE 500.0,0.516432012,57502.55469
2025-08,ASPALL T. BOTELLA NO RETORNABLE 500.0,0.628562021,56660.35938
2025-03,BALTIKA T. BOTELLA NO RETORNABLE 500.0,0.684864937,18992.69922
2025-04,BALTIKA T. BOTELLA NO RETORNABLE 500.0,3.314028973,18999.82031
2025-07,BALTIKA T. BOTELLA NO RETORNABLE 500.0,1.095809043,21800.25586
2025-08,BALTIKA T. BOTELLA NO RETORNABLE 500.0,10.45950133,21532.26172
2024-04,BALTIKA T. BOTELLA NO RETORNABLE null.0,2.085599899,21276.5918
2025-01,BALTIKA T. BOTELLA NO RETORNABLE null.0,1.502877035,21276.59766
2024-01,BENEDIKTINER T. BOTELLA NO RETORNABLE 500.0,0.1193,29244.99609
2024-02,BENEDIKTINER T. BOTELLA NO RETORNABLE 500.0,0.207100004,27665.38672
2024-03,BENEDIKTINER T. BOTELLA NO RETORNABLE 500.0,0.019300001,29680.71484
2024-04,BENEDIKTINER T. BOTELLA NO RETORNABLE 500.0,0.0107,29487.42383
2025-04,BENEDIKTINER T. BOTELLA NO RETORNABLE 500.0,1.325623934,36399.31641
2025-05,BENEDIKTINER T. BOTELLA NO RETORNABLE 500.0,0.684864969,36401.33984
2024-01,BENEDIKTINER T. LATA NO RETORNABLE 500.0,0.833000004,28137.92188
2024-02,BENEDIKTINER T. LATA NO RETORNABLE 500.0,0.756799996,28338.76953
2024-03,BENEDIKTINER T. LATA NO RETORNABLE 500.0,0.160899997,21346.0332
2024-04,BENEDIKTINER T. LATA NO RETORNABLE 500.0,0.131300002,21348.26172
2025-05,BENEDIKTINER T. LATA NO RETORNABLE 500.0,1.836393972,24000.87109
2025-06,BENEDIKTINER T. LATA NO RETORNABLE 500.0,5.284023854,23999.92383
2024-01,BITBURGER T. BARRIL NO RETORNABLE 5000.0,2.321500063,25397.2793
2024-02,BITBURGER T. BARRIL NO RETORNABLE 5000.0,2.235699892,25161.28906
2024-03,BITBURGER T. BARRIL NO RETORNABLE 5000.0,4.59280014,23889.47852
2024-04,BITBURGER T. BARRIL NO RETORNABLE 5000.0,5.328700066,23463.81055
2024-05,BITBURGER T. BARRIL NO RETORNABLE 5000.0,5.7427001,22674.52734
2024-06,BITBURGER T. BARRIL NO RETORNABLE 5000.0,7.871399879,24745.93359
2024-07,BITBURGER T. BARRIL NO RETORNABLE 5000.0,5.32859993,21133.20313
2024-08,BITBURGER T. BARRIL NO RETORNABLE 5000.0,1.378600001,25192.63477
2024-09,BITBURGER T. BARRIL NO RETORNABLE 5000.0,1.942899942,22774.30078
2024-10,BITBURGER T. BARRIL NO RETORNABLE 5000.0,5.671500206,25053.4668
2024-11,BITBURGER T. BARRIL NO RETORNABLE 5000.0,6.592830132,25318.09961
2024-12,BITBURGER T. BARRIL NO RETORNABLE 5000.0,13.20734444,26575.99805
2025-01,BITBURGER T. BARRIL NO RETORNABLE 5000.0,8.306904643,26331.85156
2025-02,BITBURGER T. BARRIL NO RETORNABLE 5000.0,3.121420112,26055.06055
2025-03,BITBURGER T. BARRIL NO RETORNABLE 5000.0,5.700030146,25742.95508
2025-04,BITBURGER T. BARRIL NO RETORNABLE 5000.0,6.214269834,26868.91211
2025-05,BITBURGER T. BARRIL NO RETORNABLE 5000.0,10.90701305,24210.98047
2025-06,BITBURGER T. BARRIL NO RETORNABLE 5000.0,10.03569995,21781.39453
2025-07,BITBURGER T. BARRIL NO RETORNABLE 5000.0,4.021450225,25441.12305
2025-08,BITBURGER T. BARRIL NO RETORNABLE 5000.0,3.01424495,27901.90625
2024-01,BITBURGER T. BOTELLA NO RETORNABLE 330.0,2.792000055,24517.42642
2024-02,BITBURGER T. BOTELLA NO RETORNABLE 330.0,1.48119998,24941.31641
2024-03,BITBURGER T. BOTELLA NO RETORNABLE 330.0,2.602499962,32869.79114
2024-04,BITBURGER T. BOTELLA NO RETORNABLE 330.0,2.813999951,35236.05336
2024-05,BITBURGER T. BOTELLA NO RETORNABLE 330.0,1.483899947,23481.4146
2024-06,BITBURGER T. BOTELLA NO RETORNABLE 330.0,2.223099992,22696.28691
2024-07,BITBURGER T. BOTELLA NO RETORNABLE 330.0,2.20979993,25133.42827
2024-08,BITBURGER T. BOTELLA NO RETORNABLE 330.0,2.990400076,29051.74512
2024-09,BITBURGER T. BOTELLA NO RETORNABLE 330.0,1.936499951,30544.61975
2024-10,BITBURGER T. BOTELLA NO RETORNABLE 330.0,6.499999881,36846.21949
2024-11,BITBURGER T. BOTELLA NO RETORNABLE 330.0,3.121313082,34270.65218
2024-12,BITBURGER T. BOTELLA NO RETORNABLE 330.0,6.121006045,31373.69145
2025-01,BITBURGER T. BOTELLA NO RETORNABLE 330.0,4.775058028,28609.72405
2025-02,BITBURGER T. BOTELLA NO RETORNABLE 330.0,2.023190094,26201.99414
2025-03,BITBURGER T. BOTELLA NO RETORNABLE 330.0,2.583665959,23919.16602
2025-04,BITBURGER T. BOTELLA NO RETORNABLE 330.0,6.694211855,29341.02539
2025-05,BITBURGER T. BOTELLA NO RETORNABLE 330.0,8.148251178,31462.80587
2025-06,BITBURGER T. BOTELLA NO RETORNABLE 330.0,43.38534318,51463.70263
2025-07,BITBURGER T. BOTELLA NO RETORNABLE 330.0,19.02724527,39318.75946
2025-08,BITBURGER T. BOTELLA NO RETORNABLE 330.0,45.95402459,51090.59219
2024-01,BITBURGER T. BOTELLA NO RETORNABLE 500.0,3.564599991,34074.84375
2024-02,BITBURGER T. BOTELLA NO RETORNABLE 500.0,2.476599932,32867.32422
2024-03,BITBURGER T. BOTELLA NO RETORNABLE 500.0,2.621799946,30741.53711
2024-04,BITBURGER T. BOTELLA NO RETORNABLE 500.0,1.826900005,29852.87695
2024-05,BITBURGER T. BOTELLA NO RETORNABLE 500.0,2.029799938,25795.15039
2024-06,BITBURGER T. BOTELLA NO RETORNABLE 500.0,2.66260004,22909.7793
2024-07,BITBURGER T. BOTELLA NO RETORNABLE 500.0,3.794800043,29163.1875
2024-08,BITBURGER T. BOTELLA NO RETORNABLE 500.0,3.633500099,34043.50781
2024-09,BITBURGER T. BOTELLA NO RETORNABLE 500.0,4.687300205,33252.9375
2024-10,BITBURGER T. BOTELLA NO RETORNABLE 500.0,6.086699963,31198.60352
2024-11,BITBURGER T. BOTELLA NO RETORNABLE 500.0,4.864914076,27740.57422
2024-12,BITBURGER T. BOTELLA NO RETORNABLE 500.0,8.585822542,30571.36328
2025-01,BITBURGER T. BOTELLA NO RETORNABLE 500.0,6.308761806,26147.27344
2025-02,BITBURGER T. BOTELLA NO RETORNABLE 500.0,6.286851224,21723.41211
2025-03,BITBURGER T. BOTELLA NO RETORNABLE 500.0,5.399006743,23004.82031
2025-04,BITBURGER T. BOTELLA NO RETORNABLE 500.0,5.996610029,24777.35742
2025-05,BITBURGER T. BOTELLA NO RETORNABLE 500.0,7.90499991,24061.7207
2025-06,BITBURGER T. BOTELLA NO RETORNABLE 500.0,7.60077104,32439.52734
2025-07,BITBURGER T. BOTELLA NO RETORNABLE 500.0,7.34651806,25862.83984
2025-08,BITBURGER T. BOTELLA NO RETORNABLE 500.0,7.887944824,24072.82813
2024-01,BITBURGER T. LATA NO RETORNABLE 500.0,13.43770027,24435.73438
2024-02,BITBURGER T. LATA NO RETORNABLE 500.0,10.37730026,23063.73047
2024-03,BITBURGER T. LATA NO RETORNABLE 500.0,16.66699982,20750.70117
2024-04,BITBURGER T. LATA NO RETORNABLE 500.0,15.28439999,20695.21289
2024-05,BITBURGER T. LATA NO RETORNABLE 500.0,15.2737999,21793.42969
2024-06,BITBURGER T. LATA NO RETORNABLE 500.0,28.52260017,19054.36523
2024-07,BITBURGER T. LATA NO RETORNABLE 500.0,24.99239922,19807.07813
2024-08,BITBURGER T. LATA NO RETORNABLE 500.0,21.97509956,21707.91797
2024-09,BITBURGER T. LATA NO RETORNABLE 500.0,21.42200089,21571.20313
2024-10,BITBURGER T. LATA NO RETORNABLE 500.0,24.34020042,21855.14063
2024-11,BITBURGER T. LATA NO RETORNABLE 500.0,15.48558915,22836.28711
2024-12,BITBURGER T. LATA NO RETORNABLE 500.0,27.29129449,24380.85156
2025-01,BITBURGER T. LATA NO RETORNABLE 500.0,28.50356693,24080.78125
2025-02,BITBURGER T. LATA NO RETORNABLE 500.0,21.05048811,22519.3125
2025-03,BITBURGER T. LATA NO RETORNABLE 500.0,23.17145832,23102.83594
2025-04,BITBURGER T. LATA NO RETORNABLE 500.0,22.45180469,23797.89453
2025-05,BITBURGER T. LATA NO RETORNABLE 500.0,46.97203836,22936.72656
2025-06,BITBURGER T. LATA NO RETORNABLE 500.0,30.45748307,23828.33008
2025-07,BITBURGER T. LATA NO RETORNABLE 500.0,24.61944756,24336.09766
2025-08,BITBURGER T. LATA NO RETORNABLE 500.0,19.68194417,24200.71289
2024-01,BRUDER T. BOTELLA NO RETORNABLE 330.0,78.20610046,35858.43359
2024-02,BRUDER T. BOTELLA NO RETORNABLE 330.0,87.96579742,34786.89844
2024-03,BRUDER T. BOTELLA NO RETORNABLE 330.0,74.02189636,36151.89453
2024-04,BRUDER T. BOTELLA NO RETORNABLE 330.0,87.60610199,36460.60547
2024-05,BRUDER T. BOTELLA NO RETORNABLE 330.0,108.8539963,37415.91797
2024-06,BRUDER T. BOTELLA NO RETORNABLE 330.0,92.13710022,35987.98438
2024-07,BRUDER T. BOTELLA NO RETORNABLE 330.0,105.6794968,34244.66406
2024-08,BRUDER T. BOTELLA NO RETORNABLE 330.0,55.85839844,34298.20313
2024-09,BRUDER T. BOTELLA NO RETORNABLE 330.0,41.4822998,36516.53516
2024-10,BRUDER T. BOTELLA NO RETORNABLE 330.0,50.56489944,36859.8125
2024-11,BRUDER T. BOTELLA NO RETORNABLE 330.0,20.29550551,27267.37305
2024-12,BRUDER T. BOTELLA NO RETORNABLE 330.0,49.07398145,33398.82422
2025-01,BRUDER T. BOTELLA NO RETORNABLE 330.0,65.77712989,28609.17773
2025-02,BRUDER T. BOTELLA NO RETORNABLE 330.0,55.43841486,33708.05469
2025-03,BRUDER T. BOTELLA NO RETORNABLE 330.0,51.50980764,36682.11719
2025-04,BRUDER T. BOTELLA NO RETORNABLE 330.0,52.12021496,37460.8125
2025-05,BRUDER T. BOTELLA NO RETORNABLE 330.0,54.21509683,33702.58594
2025-06,BRUDER T. BOTELLA NO RETORNABLE 330.0,46.31954647,36563.51172
2025-07,BRUDER T. BOTELLA NO RETORNABLE 330.0,62.78672872,36410.18359
2025-08,BRUDER T. BOTELLA NO RETORNABLE 330.0,18.28685894,32800.91797
2025-06,CENTRAL T. BOTELLA RETORNABLE 330.0,98.62723471,5945.821777
2025-07,CENTRAL T. BOTELLA RETORNABLE 330.0,494.7753788,5566.737793
2025-08,CENTRAL T. BOTELLA RETORNABLE 330.0,485.9981123,4986.946777
2024-01,CENTRAL T. LATA NO RETORNABLE 330.0,2685.618164,6034.817871
2024-02,CENTRAL T. LATA NO RETORNABLE 330.0,2525.511719,6840.717285
2024-03,CENTRAL T. LATA NO RETORNABLE 330.0,2447.450684,6127.902832
2024-04,CENTRAL T. LATA NO RETORNABLE 330.0,1664.485352,6095.960449
2024-05,CENTRAL T. LATA NO RETORNABLE 330.0,1339.140259,6006.756836
2024-06,CENTRAL T. LATA NO RETORNABLE 330.0,1743.545166,6036.918457
2024-07,CENTRAL T. LATA NO RETORNABLE 330.0,1943.931641,5953.806641
2024-08,CENTRAL T. LATA NO RETORNABLE 330.0,1734.386108,6063.278809
2024-09,CENTRAL T. LATA NO RETORNABLE 330.0,3057.656494,5633.65918
2024-10,CENTRAL T. LATA NO RETORNABLE 330.0,2823.358887,5694.196289
2024-11,CENTRAL T. LATA NO RETORNABLE 330.0,2030.654663,6032.533203
2024-12,CENTRAL T. LATA NO RETORNABLE 330.0,2523.800186,5946.767578
2025-01,CENTRAL T. LATA NO RETORNABLE 330.0,2609.22133,6464.703613
2025-02,CENTRAL T. LATA NO RETORNABLE 330.0,1670.097503,6175.088379
2025-03,CENTRAL T. LATA NO RETORNABLE 330.0,3438.349763,5596.345703
2025-04,CENTRAL T. LATA NO RETORNABLE 330.0,3459.921276,5673.056152
2025-05,CENTRAL T. LATA NO RETORNABLE 330.0,4016.521568,5458.819336
2025-06,CENTRAL T. LATA NO RETORNABLE 330.0,5112.13718,5453.36377
2025-07,CENTRAL T. LATA NO RETORNABLE 330.0,5219.443827,5655.530762
2025-08,CENTRAL T. LATA NO RETORNABLE 330.0,6226.570442,5740.095215
2024-01,CHELARTE T. BOTELLA NO RETORNABLE 330.0,30.41250038,33292.81641
2024-02,CHELARTE T. BOTELLA NO RETORNABLE 330.0,15.19250011,28450.18945
2024-03,CHELARTE T. BOTELLA NO RETORNABLE 330.0,15.60350037,27919.43359
2024-04,CHELARTE T. BOTELLA NO RETORNABLE 330.0,20.00379944,28455.35742
2024-05,CHELARTE T. BOTELLA NO RETORNABLE 330.0,22.19169998,23246.08594
2024-06,CHELARTE T. BOTELLA NO RETORNABLE 330.0,12.78680038,31617.91992
2024-07,CHELARTE T. BOTELLA NO RETORNABLE 330.0,2.185100079,18889.53906
2024-08,CHELARTE T. BOTELLA NO RETORNABLE 330.0,1.291300058,19645.45898
2024-09,CHELARTE T. BOTELLA NO RETORNABLE 330.0,0.971599996,21820.14453
2024-10,CHELARTE T. BOTELLA NO RETORNABLE 330.0,0.666100025,14411.81348
2024-11,CHELARTE T. BOTELLA NO RETORNABLE 330.0,0.64066903,8270.367188
2024-12,CHELARTE T. BOTELLA NO RETORNABLE 330.0,0.065999999,31267.97852
2025-01,CHELARTE T. BOTELLA NO RETORNABLE 330.0,0.005186,28428.24023
2025-02,CHELARTE T. BOTELLA NO RETORNABLE 330.0,0.011314001,16284.35059
2025-03,CHELARTE T. BOTELLA NO RETORNABLE 330.0,0.0033,24103.03125
2025-04,CHELARTE T. BOTELLA NO RETORNABLE 330.0,0.0033,11969.69727
2024-01,CHIMAY PERES T. BOTELLA NO RETORNABLE 330.0,0.713800013,53855.52344
2024-02,CHIMAY PERES T. BOTELLA NO RETORNABLE 330.0,0.3671,62780.03125
2024-03,CHIMAY PERES T. BOTELLA NO RETORNABLE 330.0,0.694700003,49946.28906
2024-04,CHIMAY PERES T. BOTELLA NO RETORNABLE 330.0,0.710099995,46702.39453
2024-05,CHIMAY PERES T. BOTELLA NO RETORNABLE 330.0,2.567199945,56129.1875
2024-06,CHIMAY PERES T. BOTELLA NO RETORNABLE 330.0,1.912999988,61817.25781
2024-07,CHIMAY PERES T. BOTELLA NO RETORNABLE 330.0,0.624899983,47290.5
2024-08,CHIMAY PERES T. BOTELLA NO RETORNABLE 330.0,1.775500059,63138.67188
2024-09,CHIMAY PERES T. BOTELLA NO RETORNABLE 330.0,0.647300005,46765.41797
2024-10,CHIMAY PERES T. BOTELLA NO RETORNABLE 330.0,0.797500014,46988.99609
2024-11,CHIMAY PERES T. BOTELLA NO RETORNABLE 330.0,3.131750133,64296.42578
2024-12,CHIMAY PERES T. BOTELLA NO RETORNABLE 330.0,0.967262993,46596.83594
2025-01,CHIMAY PERES T. BOTELLA NO RETORNABLE 330.0,0.436534998,47296.19922
2025-02,CHIMAY PERES T. BOTELLA NO RETORNABLE 330.0,0.034491,73238.13281
2025-03,CHIMAY PERES T. BOTELLA NO RETORNABLE 330.0,0.022158001,77001.03906
2025-04,CHIMAY PERES T. BOTELLA NO RETORNABLE 330.0,0.047143001,81564.32813
2025-05,CHIMAY PERES T. BOTELLA NO RETORNABLE 330.0,0.024514,84868.46875
2025-06,CHIMAY PERES T. BOTELLA NO RETORNABLE 330.0,0.706139958,44384.28906
2025-07,CHIMAY PERES T. BOTELLA NO RETORNABLE 330.0,2.888977063,67507.32031
2025-08,CHIMAY PERES T. BOTELLA NO RETORNABLE 330.0,0.529882999,46686.29688
2024-01,CHIMAY PERES T. BOTELLA NO RETORNABLE 750.0,0.108199999,82330.15625
2024-02,CHIMAY PERES T. BOTELLA NO RETORNABLE 750.0,0.100699998,71655.66406
2024-03,CHIMAY PERES T. BOTELLA NO RETORNABLE 750.0,0.072899997,73460.15625
2024-04,CHIMAY PERES T. BOTELLA NO RETORNABLE 750.0,0.026799999,80549.42969
2024-05,CHIMAY PERES T. BOTELLA NO RETORNABLE 750.0,0.0075,86798.66406
2024-06,CHIMAY PERES T. BOTELLA NO RETORNABLE 750.0,0.029999999,78119.33594
2024-07,CHIMAY PERES T. BOTELLA NO RETORNABLE 750.0,0.015,86798.66406
2024-08,CHIMAY PERES T. BOTELLA NO RETORNABLE 750.0,0.0075,69440
2024-09,CHIMAY PERES T. BOTELLA NO RETORNABLE 750.0,0.0075,69440
2024-10,CHIMAY PERES T. BOTELLA NO RETORNABLE 750.0,0.033199999,62333.16797
2024-11,CHIMAY PERES T. BOTELLA NO RETORNABLE 750.0,0.024642998,77528.76563
2024-12,CHIMAY PERES T. BOTELLA NO RETORNABLE 750.0,0.622507987,79247.88281
2025-01,CHIMAY PERES T. BOTELLA NO RETORNABLE 750.0,0.463919007,82742.09375
2025-02,CHIMAY PERES T. BOTELLA NO RETORNABLE 750.0,0.220714995,78738.99219
2025-03,CHIMAY PERES T. BOTELLA NO RETORNABLE 750.0,0.300002001,77926.79688
2025-04,CHIMAY PERES T. BOTELLA NO RETORNABLE 750.0,0.167142,87711.25
2025-05,CHIMAY PERES T. BOTELLA NO RETORNABLE 750.0,0.135001994,95197.59375
2025-06,CHIMAY PERES T. BOTELLA NO RETORNABLE 750.0,0.117856996,95050.71094
2025-07,CHIMAY PERES T. BOTELLA NO RETORNABLE 750.0,0.069643998,97507.34375
2025-08,CHIMAY PERES T. BOTELLA NO RETORNABLE 750.0,0.103926004,90196.94531
2024-01,COLA & POLA CTE BOTELLA NO RETORNABLE 1500.0,9501.785156,3690.653076
2024-02,COLA & POLA CTE BOTELLA NO RETORNABLE 1500.0,8141.641602,3718.380371
2024-03,COLA & POLA CTE BOTELLA NO RETORNABLE 1500.0,9429.427734,3804.325439
2024-04,COLA & POLA CTE BOTELLA NO RETORNABLE 1500.0,9367.613281,3848.988037
2024-05,COLA & POLA CTE BOTELLA NO RETORNABLE 1500.0,8543.209961,3760.408447
2024-06,COLA & POLA CTE BOTELLA NO RETORNABLE 1500.0,8246.427734,3827.783936
2024-07,COLA & POLA CTE BOTELLA NO RETORNABLE 1500.0,10667.29199,3858.40625
2024-08,COLA & POLA CTE BOTELLA NO RETORNABLE 1500.0,10259.98047,3873.488281
2024-09,COLA & POLA CTE BOTELLA NO RETORNABLE 1500.0,10186.11816,3791.068115
2024-10,COLA & POLA CTE BOTELLA NO RETORNABLE 1500.0,10609.98438,3787.411865
2024-11,COLA & POLA CTE BOTELLA NO RETORNABLE 1500.0,8683.38689,3857.254883
2024-12,COLA & POLA CTE BOTELLA NO RETORNABLE 1500.0,10337.51295,3841.716797
2025-01,COLA & POLA CTE BOTELLA NO RETORNABLE 1500.0,9571.978751,3920.034912
2025-02,COLA & POLA CTE BOTELLA NO RETORNABLE 1500.0,8542.509924,3937.19751
2025-03,COLA & POLA CTE BOTELLA NO RETORNABLE 1500.0,8213.534108,3920.712158
2025-04,COLA & POLA CTE BOTELLA NO RETORNABLE 1500.0,7493.430505,3984.450195
2025-05,COLA & POLA CTE BOTELLA NO RETORNABLE 1500.0,7722.630792,4056.328125
2025-06,COLA & POLA CTE BOTELLA NO RETORNABLE 1500.0,7659.591059,4067.036133
2025-07,COLA & POLA CTE BOTELLA NO RETORNABLE 1500.0,8190.901255,4040.75415
2025-08,COLA & POLA CTE BOTELLA NO RETORNABLE 1500.0,8966.506183,4072.795166
2024-10,COLA & POLA CTE BOTELLA NO RETORNABLE 330.0,5.249899864,9090.90918
2024-11,COLA & POLA CTE BOTELLA NO RETORNABLE 330.0,6.224650239,9090.90918
2024-12,COLA & POLA CTE BOTELLA NO RETORNABLE 330.0,5.934083355,9090.917969
2025-01,COLA & POLA CTE BOTELLA NO RETORNABLE 330.0,9.984485402,9090.90918
2025-02,COLA & POLA CTE BOTELLA NO RETORNABLE 330.0,28.86811642,8890.413086
2025-03,COLA & POLA CTE BOTELLA NO RETORNABLE 330.0,34.10987546,9032.361328
2025-04,COLA & POLA CTE BOTELLA NO RETORNABLE 330.0,55.37914693,8306.668945
2025-05,COLA & POLA CTE BOTELLA NO RETORNABLE 330.0,29.48018224,9176.598633
2025-06,COLA & POLA CTE BOTELLA NO RETORNABLE 330.0,8.504807284,8607.162109
2025-07,COLA & POLA CTE BOTELLA NO RETORNABLE 330.0,25.58317525,8863.430664
2025-08,COLA & POLA CTE BOTELLA NO RETORNABLE 330.0,9.311318709,10606.06055
2024-09,COLA & POLA CTE BOTELLA NO RETORNABLE 400.0,0.930599988,6205.040039
2024-11,COLA & POLA CTE BOTELLA NO RETORNABLE 400.0,0.024,4500
2024-12,COLA & POLA CTE BOTELLA NO RETORNABLE 400.0,0.048,4500
2025-01,COLA & POLA CTE BOTELLA NO RETORNABLE 400.0,0.027427001,4500.032715
2025-02,COLA & POLA CTE BOTELLA NO RETORNABLE 400.0,0.020572998,4499.956543
2025-04,COLA & POLA CTE BOTELLA NO RETORNABLE 400.0,0.048,4500
2025-05,COLA & POLA CTE BOTELLA NO RETORNABLE 400.0,0.024,4500
2024-01,COLA & POLA CTE BOTELLA RETORNABLE 330.0,9605.115234,7997.297363
2024-02,COLA & POLA CTE BOTELLA RETORNABLE 330.0,9126.15332,8099.508789
2024-03,COLA & POLA CTE BOTELLA RETORNABLE 330.0,10679.375,8163.297852
2024-04,COLA & POLA CTE BOTELLA RETORNABLE 330.0,10543.66309,8205.049805
2024-05,COLA & POLA CTE BOTELLA RETORNABLE 330.0,10413.7002,8405.766602
2024-06,COLA & POLA CTE BOTELLA RETORNABLE 330.0,9878.46875,8291.40332
2024-07,COLA & POLA CTE BOTELLA RETORNABLE 330.0,9963.780273,8279.491211
2024-08,COLA & POLA CTE BOTELLA RETORNABLE 330.0,10122.24023,8523.882813
2024-09,COLA & POLA CTE BOTELLA RETORNABLE 330.0,10781.14648,8366.745117
2024-10,COLA & POLA CTE BOTELLA RETORNABLE 330.0,10306.2207,8344.458008
2024-11,COLA & POLA CTE BOTELLA RETORNABLE 330.0,9608.333271,8594.271484
2024-12,COLA & POLA CTE BOTELLA RETORNABLE 330.0,11549.49392,8602.307617
2025-01,COLA & POLA CTE BOTELLA RETORNABLE 330.0,11498.40699,8630.536133
2025-02,COLA & POLA CTE BOTELLA RETORNABLE 330.0,9742.39621,8674.724609
2025-03,COLA & POLA CTE BOTELLA RETORNABLE 330.0,9808.606156,8811.824219
2025-04,COLA & POLA CTE BOTELLA RETORNABLE 330.0,10410.13905,8828.333984
2025-05,COLA & POLA CTE BOTELLA RETORNABLE 330.0,9890.398973,9034.682617
2025-06,COLA & POLA CTE BOTELLA RETORNABLE 330.0,9452.669205,9224.408203
2025-07,COLA & POLA CTE BOTELLA RETORNABLE 330.0,10069.15156,9061.700195
2025-08,COLA & POLA CTE BOTELLA RETORNABLE 330.0,10417.21389,9079.234375
2025-04,COLA & POLA CTE LATA NO RETORNABLE 269.0,183.1825996,5912.570313
2025-05,COLA & POLA CTE LATA NO RETORNABLE 269.0,538.934756,5821.165039
2025-06,COLA & POLA CTE LATA NO RETORNABLE 269.0,1057.946228,5173.205078
2025-07,COLA & POLA CTE LATA NO RETORNABLE 269.0,1365.712854,5868.247559
2025-08,COLA & POLA CTE LATA NO RETORNABLE 269.0,1506.097437,7261.690918
2024-01,COLA & POLA CTE LATA NO RETORNABLE 330.0,9219.716797,8261.861328
2024-02,COLA & POLA CTE LATA NO RETORNABLE 330.0,11868.56055,7520.294922
2024-03,COLA & POLA CTE LATA NO RETORNABLE 330.0,16201.16309,7198.791504
2024-04,COLA & POLA CTE LATA NO RETORNABLE 330.0,12194.43652,8143.008789
2024-05,COLA & POLA CTE LATA NO RETORNABLE 330.0,11870.82617,8057.416504
2024-06,COLA & POLA CTE LATA NO RETORNABLE 330.0,10980.13672,8220.898438
2024-07,COLA & POLA CTE LATA NO RETORNABLE 330.0,17001.26563,7346.744141
2024-08,COLA & POLA CTE LATA NO RETORNABLE 330.0,18229.20508,7271.101563
2024-09,COLA & POLA CTE LATA NO RETORNABLE 330.0,16477.04102,7305.067383
2024-10,COLA & POLA CTE LATA NO RETORNABLE 330.0,18559.57813,6577.47168
2024-11,COLA & POLA CTE LATA NO RETORNABLE 330.0,13074.06416,7610.349609
2024-12,COLA & POLA CTE LATA NO RETORNABLE 330.0,18493.73261,7151.447754
2025-01,COLA & POLA CTE LATA NO RETORNABLE 330.0,16766.93664,7734.669434
2025-02,COLA & POLA CTE LATA NO RETORNABLE 330.0,17075.83444,6720.392578
2025-03,COLA & POLA CTE LATA NO RETORNABLE 330.0,12708.73445,7788.254395
2025-04,COLA & POLA CTE LATA NO RETORNABLE 330.0,13454.60309,8010.672852
2025-05,COLA & POLA CTE LATA NO RETORNABLE 330.0,15596.58126,7431.844238
2025-06,COLA & POLA CTE LATA NO RETORNABLE 330.0,14186.72341,7896.65918
2025-07,COLA & POLA CTE LATA NO RETORNABLE 330.0,15723.94047,7913.36377
2025-08,COLA & POLA CTE LATA NO RETORNABLE 330.0,16533.32913,7651.509766
2024-06,COLA & POLA LIMA LIMON LATA NO RETORNABLE 330.0,0.808000028,9523.019531
2024-07,COLA & POLA LIMA LIMON LATA NO RETORNABLE 330.0,111.4144974,8534.452148
2024-08,COLA & POLA LIMA LIMON LATA NO RETORNABLE 330.0,588.5733032,7235.916016
2024-09,COLA & POLA LIMA LIMON LATA NO RETORNABLE 330.0,1004.966125,7716.215332
2024-10,COLA & POLA LIMA LIMON LATA NO RETORNABLE 330.0,769.4675293,8264.417969
2024-11,COLA & POLA LIMA LIMON LATA NO RETORNABLE 330.0,424.4557941,8713.087891
2024-12,COLA & POLA LIMA LIMON LATA NO RETORNABLE 330.0,573.2679983,4059.37915
2025-01,COLA & POLA LIMA LIMON LATA NO RETORNABLE 330.0,178.1373227,8993.605469
2025-02,COLA & POLA LIMA LIMON LATA NO RETORNABLE 330.0,74.40854969,8796.500977
2025-03,COLA & POLA LIMA LIMON LATA NO RETORNABLE 330.0,54.53394252,8504.258789
2025-04,COLA & POLA LIMA LIMON LATA NO RETORNABLE 330.0,35.12872171,8511.19043
2025-05,COLA & POLA LIMA LIMON LATA NO RETORNABLE 330.0,11.71486748,8685.973633
2025-06,COLA & POLA LIMA LIMON LATA NO RETORNABLE 330.0,16.57123848,8673.419922
2025-07,COLA & POLA LIMA LIMON LATA NO RETORNABLE 330.0,9.227992738,8619.799805
2025-08,COLA & POLA LIMA LIMON LATA NO RETORNABLE 330.0,13.85640898,9209.392578
2024-01,COLA & POLA LIMONADA DE COCO LATA NO RETORNABLE 330.0,2.140000105,9236.05957
2024-02,COLA & POLA LIMONADA DE COCO LATA NO RETORNABLE 330.0,0.882700026,8868.874023
2024-03,COLA & POLA LIMONADA DE COCO LATA NO RETORNABLE 330.0,2.369499922,7431.939941
2024-04,COLA & POLA LIMONADA DE COCO LATA NO RETORNABLE 330.0,1.061300039,8508.886719
2024-05,COLA & POLA LIMONADA DE COCO LATA NO RETORNABLE 330.0,0.675100029,8787.875
2024-06,COLA & POLA LIMONADA DE COCO LATA NO RETORNABLE 330.0,1.400300026,8274.242188
2024-07,COLA & POLA LIMONADA DE COCO LATA NO RETORNABLE 330.0,6.10010004,9870.322266
2024-08,COLA & POLA LIMONADA DE COCO LATA NO RETORNABLE 330.0,2.818900108,7872.070801
2024-09,COLA & POLA LIMONADA DE COCO LATA NO RETORNABLE 330.0,2.970499992,8163.324707
2024-10,COLA & POLA LIMONADA DE COCO LATA NO RETORNABLE 330.0,0.904299974,8575.791016
2024-11,COLA & POLA LIMONADA DE COCO LATA NO RETORNABLE 330.0,25.08553406,7612.107422
2024-12,COLA & POLA LIMONADA DE COCO LATA NO RETORNABLE 330.0,7.943264063,7779.237793
2025-01,COLA & POLA LIMONADA DE COCO LATA NO RETORNABLE 330.0,6.840878953,7807.094727
2025-02,COLA & POLA LIMONADA DE COCO LATA NO RETORNABLE 330.0,0.797664035,8996.348633
2025-03,COLA & POLA LIMONADA DE COCO LATA NO RETORNABLE 330.0,0.62918502,8679.916992
2025-04,COLA & POLA LIMONADA DE COCO LATA NO RETORNABLE 330.0,0.935288964,8989.948242
2025-05,COLA & POLA LIMONADA DE COCO LATA NO RETORNABLE 330.0,0.862982961,8951.381836
2025-06,COLA & POLA LIMONADA DE COCO LATA NO RETORNABLE 330.0,1.648060073,7651.862305
2025-07,COLA & POLA LIMONADA DE COCO LATA NO RETORNABLE 330.0,2.022380027,7881.780273
2025-08,COLA & POLA LIMONADA DE COCO LATA NO RETORNABLE 330.0,2.404522063,9025.541016
2024-01,COLA & POLA LULO LATA NO RETORNABLE 330.0,0.200499997,8441.316406
2024-02,COLA & POLA LULO LATA NO RETORNABLE 330.0,0.1928,8484.871094
2024-03,COLA & POLA LULO LATA NO RETORNABLE 330.0,0.085900001,8484.776367
2024-04,COLA & POLA LULO LATA NO RETORNABLE 330.0,0.121299997,8484.693359
2024-05,COLA & POLA LULO LATA NO RETORNABLE 330.0,0.057399999,8485.18457
2024-06,COLA & POLA LULO LATA NO RETORNABLE 330.0,0.044199999,8485.150391
2024-09,COLA & POLA LULO LATA NO RETORNABLE 330.0,0.0396,8181.818359
2024-10,COLA & POLA LULO LATA NO RETORNABLE 330.0,1.610999942,7122.160645
2024-11,COLA & POLA LULO LATA NO RETORNABLE 330.0,0.0066,7878.788086
2024-12,COLA & POLA LULO LATA NO RETORNABLE 330.0,0.22255701,6998.04541
2025-01,COLA & POLA LULO LATA NO RETORNABLE 330.0,0.238949009,8477.564453
2025-02,COLA & POLA LULO LATA NO RETORNABLE 330.0,0.24843799,7575.759277
2025-03,COLA & POLA LULO LATA NO RETORNABLE 330.0,0.336151021,8478.953125
2025-04,COLA & POLA LULO LATA NO RETORNABLE 330.0,0.056452004,9020.365234
2025-05,COLA & POLA LULO LATA NO RETORNABLE 330.0,0.054923998,9091.162109
2025-07,COLA & POLA LULO LATA NO RETORNABLE 330.0,0.074385003,6564.77832
2025-08,COLA & POLA LULO LATA NO RETORNABLE 330.0,0.217819001,7682.594238
2024-01,COLA & POLA ROJA BOTELLA RETORNABLE 330.0,26.56780052,6666.666504
2024-02,COLA & POLA ROJA BOTELLA RETORNABLE 330.0,30.99950027,6666.666504
2024-03,COLA & POLA ROJA BOTELLA RETORNABLE 330.0,86.60160065,6214.891113
2024-04,COLA & POLA ROJA BOTELLA RETORNABLE 330.0,49.09640121,6666.666504
2024-06,COLA & POLA ROJA BOTELLA RETORNABLE 330.0,18.12360001,6666.666504
2024-07,COLA & POLA ROJA BOTELLA RETORNABLE 330.0,27.7045002,6666.666504
2024-08,COLA & POLA ROJA BOTELLA RETORNABLE 330.0,25.47509956,6996.352051
2024-09,COLA & POLA ROJA BOTELLA RETORNABLE 330.0,29.59749985,6666.666504
2024-10,COLA & POLA ROJA BOTELLA RETORNABLE 330.0,37.63729858,6762.700195
2024-11,COLA & POLA ROJA BOTELLA RETORNABLE 330.0,74.8707373,6762.744141
2024-12,COLA & POLA ROJA BOTELLA RETORNABLE 330.0,95.57630033,6666.666504
2025-02,COLA & POLA ROJA BOTELLA RETORNABLE 330.0,16.13885139,6666.666504
2025-03,COLA & POLA ROJA BOTELLA RETORNABLE 330.0,25.90824663,6666.666504
2025-04,COLA & POLA ROJA BOTELLA RETORNABLE 330.0,17.09372733,7575.757324
2025-05,COLA & POLA ROJA BOTELLA RETORNABLE 330.0,9.252886147,7575.757324
2025-06,COLA & POLA ROJA BOTELLA RETORNABLE 330.0,10.44721295,7575.757324
2024-06,CZECHVAR T. BOTELLA NO RETORNABLE 300.0,3.369299889,27203.9668
2024-07,CZECHVAR T. BOTELLA NO RETORNABLE 300.0,8.979100227,26884.88086
2024-08,CZECHVAR T. BOTELLA NO RETORNABLE 300.0,6.111899853,29841.03711
2024-09,CZECHVAR T. BOTELLA NO RETORNABLE 300.0,7.410399914,29378.02539
2024-10,CZECHVAR T. BOTELLA NO RETORNABLE 300.0,6.581999779,29363.37305
2024-11,CZECHVAR T. BOTELLA NO RETORNABLE 300.0,5.609973254,29866.09961
2024-12,CZECHVAR T. BOTELLA NO RETORNABLE 300.0,12.60788838,27355.24219
2025-01,CZECHVAR T. BOTELLA NO RETORNABLE 300.0,10.95285895,29722.51367
2025-02,CZECHVAR T. BOTELLA NO RETORNABLE 300.0,14.96691901,35567.9375
2025-03,CZECHVAR T. BOTELLA NO RETORNABLE 300.0,13.49802624,30572.11719
2025-04,CZECHVAR T. BOTELLA NO RETORNABLE 300.0,32.21715245,36380.82422
2025-05,CZECHVAR T. BOTELLA NO RETORNABLE 300.0,12.14586681,33212.05859
2025-06,CZECHVAR T. BOTELLA NO RETORNABLE 300.0,23.96111282,38008.35156
2025-07,CZECHVAR T. BOTELLA NO RETORNABLE 300.0,16.99555059,37497.19531
2025-08,CZECHVAR T. BOTELLA NO RETORNABLE 300.0,8.951281337,34135.96875
2024-01,CZECHVAR T. BOTELLA NO RETORNABLE 330.0,21.44779968,25809.99609
2024-02,CZECHVAR T. BOTELLA NO RETORNABLE 330.0,24.30739975,33766.24609
2024-03,CZECHVAR T. BOTELLA NO RETORNABLE 330.0,30.96459961,30709.48633
2024-04,CZECHVAR T. BOTELLA NO RETORNABLE 330.0,20.74300003,28103.10352
2024-05,CZECHVAR T. BOTELLA NO RETORNABLE 330.0,14.29370022,24468.46094
2024-06,CZECHVAR T. BOTELLA NO RETORNABLE 330.0,20.88979912,26111.47852
2024-07,CZECHVAR T. BOTELLA NO RETORNABLE 330.0,17.56749916,28449.07617
2024-08,CZECHVAR T. BOTELLA NO RETORNABLE 330.0,14.45600033,28128.24023
2024-09,CZECHVAR T. BOTELLA NO RETORNABLE 330.0,18.36129951,27304.98242
2024-10,CZECHVAR T. BOTELLA NO RETORNABLE 330.0,28.0182991,31060.29688
2024-11,CZECHVAR T. BOTELLA NO RETORNABLE 330.0,18.75216781,31399.9707
2024-12,CZECHVAR T. BOTELLA NO RETORNABLE 330.0,55.88022049,35229.69922
2025-01,CZECHVAR T. BOTELLA NO RETORNABLE 330.0,22.78340546,36111.67969
2025-02,CZECHVAR T. BOTELLA NO RETORNABLE 330.0,23.72830226,34904.21484
2025-03,CZECHVAR T. BOTELLA NO RETORNABLE 330.0,21.7044868,33142.57031
2025-04,CZECHVAR T. BOTELLA NO RETORNABLE 330.0,13.79779507,27557.10156
2025-05,CZECHVAR T. BOTELLA NO RETORNABLE 330.0,13.41627889,22942.01563
2025-06,CZECHVAR T. BOTELLA NO RETORNABLE 330.0,24.17585742,32235.26953
2025-07,CZECHVAR T. BOTELLA NO RETORNABLE 330.0,21.12964397,22008.17773
2025-08,CZECHVAR T. BOTELLA NO RETORNABLE 330.0,18.23842601,28309.85742
2024-01,DELIRIUM T. BOTELLA NO RETORNABLE 330.0,17.03059959,67717.46875
2024-02,DELIRIUM T. BOTELLA NO RETORNABLE 330.0,15.23509979,75672.73438
2024-03,DELIRIUM T. BOTELLA NO RETORNABLE 330.0,17.13240051,72137.88281
2024-04,DELIRIUM T. BOTELLA NO RETORNABLE 330.0,10.65569973,80028.21875
2024-05,DELIRIUM T. BOTELLA NO RETORNABLE 330.0,5.457099915,74726.39844
2024-06,DELIRIUM T. BOTELLA NO RETORNABLE 330.0,10.19799995,70080.14063
2024-07,DELIRIUM T. BOTELLA NO RETORNABLE 330.0,16.62310028,78834.28125
2024-08,DELIRIUM T. BOTELLA NO RETORNABLE 330.0,9.974399567,67531.70313
2024-09,DELIRIUM T. BOTELLA NO RETORNABLE 330.0,9.13809967,65614.14844
2024-10,DELIRIUM T. BOTELLA NO RETORNABLE 330.0,12.55259991,64857.69531
2024-11,DELIRIUM T. BOTELLA NO RETORNABLE 330.0,14.82047934,71792.17188
2024-12,DELIRIUM T. BOTELLA NO RETORNABLE 330.0,11.18692874,77706.375
2025-01,DELIRIUM T. BOTELLA NO RETORNABLE 330.0,15.30413223,70492.88281
2025-02,DELIRIUM T. BOTELLA NO RETORNABLE 330.0,9.083291357,73424.125
2025-03,DELIRIUM T. BOTELLA NO RETORNABLE 330.0,14.69277785,85162.46094
2025-04,DELIRIUM T. BOTELLA NO RETORNABLE 330.0,12.11552287,84817.17969
2025-05,DELIRIUM T. BOTELLA NO RETORNABLE 330.0,14.9760246,85237.64844
2025-06,DELIRIUM T. BOTELLA NO RETORNABLE 330.0,35.97490804,87969.55469
2025-07,DELIRIUM T. BOTELLA NO RETORNABLE 330.0,9.958365275,81606.41406
2025-08,DELIRIUM T. BOTELLA NO RETORNABLE 330.0,13.73693915,83948.22656
2024-01,DELIRIUM T. BOTELLA NO RETORNABLE 750.0,0.521799982,79543.45313
2024-02,DELIRIUM T. BOTELLA NO RETORNABLE 750.0,0.207900003,78386.64844
2024-03,DELIRIUM T. BOTELLA NO RETORNABLE 750.0,0.369599998,77099.60156
2024-04,DELIRIUM T. BOTELLA NO RETORNABLE 750.0,0.220799997,78368.82813
2024-05,DELIRIUM T. BOTELLA NO RETORNABLE 750.0,0.712300003,79156.33594
2024-06,DELIRIUM T. BOTELLA NO RETORNABLE 750.0,0.778199971,78442.03125
2024-07,DELIRIUM T. BOTELLA NO RETORNABLE 750.0,1.678300023,71558.5
2024-08,DELIRIUM T. BOTELLA NO RETORNABLE 750.0,0.484299988,81847.85156
2024-09,DELIRIUM T. BOTELLA NO RETORNABLE 750.0,0.715300024,80178.80469
2024-10,DELIRIUM T. BOTELLA NO RETORNABLE 750.0,1.014299989,75471.54688
2024-11,DELIRIUM T. BOTELLA NO RETORNABLE 750.0,1.291782991,77100.11719
2024-12,DELIRIUM T. BOTELLA NO RETORNABLE 750.0,2.480051935,79727.00781
2025-01,DELIRIUM T. BOTELLA NO RETORNABLE 750.0,1.527273073,83207.52344
2025-02,DELIRIUM T. BOTELLA NO RETORNABLE 750.0,1.286365979,82290.5625
2025-03,DELIRIUM T. BOTELLA NO RETORNABLE 750.0,1.495593009,79119.03125
2025-04,DELIRIUM T. BOTELLA NO RETORNABLE 750.0,1.788326037,75987.15625
2025-05,DELIRIUM T. BOTELLA NO RETORNABLE 750.0,1.313890898,82346.59375
2025-06,DELIRIUM T. BOTELLA NO RETORNABLE 750.0,1.136556963,77562.98438
2025-07,DELIRIUM T. BOTELLA NO RETORNABLE 750.0,0.675848945,87476.63281
2025-08,DELIRIUM T. BOTELLA NO RETORNABLE 750.0,0.497983038,86018
2024-01,DUVEL T. BOTELLA NO RETORNABLE 330.0,20.02960014,57688.41797
2024-02,DUVEL T. BOTELLA NO RETORNABLE 330.0,10.21010017,54810.88281
2024-03,DUVEL T. BOTELLA NO RETORNABLE 330.0,30.39570045,59888.375
2024-04,DUVEL T. BOTELLA NO RETORNABLE 330.0,27.67300034,60276.89453
2024-05,DUVEL T. BOTELLA NO RETORNABLE 330.0,24.90469933,59714.35938
2024-06,DUVEL T. BOTELLA NO RETORNABLE 330.0,18.78820038,59491.23047
2024-07,DUVEL T. BOTELLA NO RETORNABLE 330.0,31.2935009,63253.82813
2024-08,DUVEL T. BOTELLA NO RETORNABLE 330.0,26.97459984,58550.29688
2024-09,DUVEL T. BOTELLA NO RETORNABLE 330.0,23.42550087,60721.94141
2024-10,DUVEL T. BOTELLA NO RETORNABLE 330.0,20.53079987,57697.75
2024-11,DUVEL T. BOTELLA NO RETORNABLE 330.0,27.63987289,63268.28516
2024-12,DUVEL T. BOTELLA NO RETORNABLE 330.0,37.28547509,58043.26953
2025-01,DUVEL T. BOTELLA NO RETORNABLE 330.0,29.77320009,58853.40625
2025-02,DUVEL T. BOTELLA NO RETORNABLE 330.0,20.13712199,61307.40234
2025-03,DUVEL T. BOTELLA NO RETORNABLE 330.0,43.7870976,67810.49219
2025-04,DUVEL T. BOTELLA NO RETORNABLE 330.0,16.28459564,60205.32422
2025-05,DUVEL T. BOTELLA NO RETORNABLE 330.0,25.6463112,62166.38281
2025-06,DUVEL T. BOTELLA NO RETORNABLE 330.0,46.51006416,53110.67969
2025-07,DUVEL T. BOTELLA NO RETORNABLE 330.0,36.2766015,55871.08594
2025-08,DUVEL T. BOTELLA NO RETORNABLE 330.0,62.36709152,61532.73828
2024-01,DUVEL T. BOTELLA NO RETORNABLE 750.0,1.252500057,46755.39063
2024-02,DUVEL T. BOTELLA NO RETORNABLE 750.0,0.330000013,46959.52344
2024-03,DUVEL T. BOTELLA NO RETORNABLE 750.0,2.048500061,45148.89844
2024-04,DUVEL T. BOTELLA NO RETORNABLE 750.0,2.202899933,46424.70703
2024-05,DUVEL T. BOTELLA NO RETORNABLE 750.0,2.154599905,47902.50781
2024-06,DUVEL T. BOTELLA NO RETORNABLE 750.0,2.726799965,46775.02344
2024-07,DUVEL T. BOTELLA NO RETORNABLE 750.0,3.192899942,47024.625
2024-08,DUVEL T. BOTELLA NO RETORNABLE 750.0,2.615400076,48170.41016
2024-09,DUVEL T. BOTELLA NO RETORNABLE 750.0,2.438600063,44987.01953
2024-10,DUVEL T. BOTELLA NO RETORNABLE 750.0,3.026799917,45367.93359
2024-11,DUVEL T. BOTELLA NO RETORNABLE 750.0,2.518836954,47227.55469
2024-12,DUVEL T. BOTELLA NO RETORNABLE 750.0,6.722216218,38177.65625
2025-01,DUVEL T. BOTELLA NO RETORNABLE 750.0,6.221643687,40428.73438
2025-02,DUVEL T. BOTELLA NO RETORNABLE 750.0,2.524295074,49357.05469
2025-03,DUVEL T. BOTELLA NO RETORNABLE 750.0,2.141798017,50427.95313
2025-04,DUVEL T. BOTELLA NO RETORNABLE 750.0,2.33892096,50254.28906
2025-05,DUVEL T. BOTELLA NO RETORNABLE 750.0,2.363584982,49942.76953
2025-06,DUVEL T. BOTELLA NO RETORNABLE 750.0,1.859993993,50518.10938
2025-07,DUVEL T. BOTELLA NO RETORNABLE 750.0,0.775720987,51872.32031
2025-08,DUVEL T. BOTELLA NO RETORNABLE 750.0,1.268553017,50702.44141
2024-01,EICHBAUM T. LATA NO RETORNABLE 500.0,1.838700056,26027.77344
2024-02,EICHBAUM T. LATA NO RETORNABLE 500.0,1.013599992,26862.39648
2024-03,EICHBAUM T. LATA NO RETORNABLE 500.0,2.688499928,26014.31055
2024-04,EICHBAUM T. LATA NO RETORNABLE 500.0,3.507200003,26172.23047
2024-05,EICHBAUM T. LATA NO RETORNABLE 500.0,3.539200068,24361.41211
2024-06,EICHBAUM T. LATA NO RETORNABLE 500.0,3.697799921,26248.15234
2024-07,EICHBAUM T. LATA NO RETORNABLE 500.0,2.116499901,24851.23828
2024-08,EICHBAUM T. LATA NO RETORNABLE 500.0,2.414999962,27130.41797
2024-09,EICHBAUM T. LATA NO RETORNABLE 500.0,2.638600111,28207.26367
2024-10,EICHBAUM T. LATA NO RETORNABLE 500.0,3.482199907,26036.79297
2024-11,EICHBAUM T. LATA NO RETORNABLE 500.0,2.425697092,24240.91211
2024-12,EICHBAUM T. LATA NO RETORNABLE 500.0,2.342150965,24257.48633
2025-01,EICHBAUM T. LATA NO RETORNABLE 500.0,0.867128992,23839.50391
2025-02,EICHBAUM T. LATA NO RETORNABLE 500.0,0.357142005,23749.22266
2025-03,EICHBAUM T. LATA NO RETORNABLE 500.0,1.160717017,23840.4082
2025-04,EICHBAUM T. LATA NO RETORNABLE 500.0,0.483569991,24009.07617
2025-05,EICHBAUM T. LATA NO RETORNABLE 500.0,0.667861007,23777.85547
2025-06,EICHBAUM T. LATA NO RETORNABLE 500.0,0.883569974,21117.45313
2025-07,EICHBAUM T. LATA NO RETORNABLE 500.0,0.589291009,23264.31641
2025-08,EICHBAUM T. LATA NO RETORNABLE 500.0,0.744274021,23569.5332
2024-01,ELVIS JUICE T. BOTELLA NO RETORNABLE 330.0,1.449399948,53569.40625
2024-02,ELVIS JUICE T. BOTELLA NO RETORNABLE 330.0,0.142399997,45464.14453
2024-03,ELVIS JUICE T. BOTELLA NO RETORNABLE 330.0,0.523299992,43678.32813
2024-04,ELVIS JUICE T. BOTELLA NO RETORNABLE 330.0,2.639899969,50030.90625
2024-05,ELVIS JUICE T. BOTELLA NO RETORNABLE 330.0,0.733500004,35200.89453
2024-06,ELVIS JUICE T. BOTELLA NO RETORNABLE 330.0,0.188600004,34548.65625
2024-07,ELVIS JUICE T. BOTELLA NO RETORNABLE 330.0,0.064599998,44872.54297
2024-08,ELVIS JUICE T. BOTELLA NO RETORNABLE 330.0,0.587400019,49166.94531
2024-09,ELVIS JUICE T. BOTELLA NO RETORNABLE 330.0,0.639400005,49795.77344
2024-10,ELVIS JUICE T. BOTELLA NO RETORNABLE 330.0,0.709200025,50423.28125
2024-11,ELVIS JUICE T. BOTELLA NO RETORNABLE 330.0,3.111970826,52626.13281
2024-12,ELVIS JUICE T. BOTELLA NO RETORNABLE 330.0,0.420049021,41034.54688
2025-01,ELVIS JUICE T. BOTELLA NO RETORNABLE 330.0,0.371476005,46195.50391
2025-02,ELVIS JUICE T. BOTELLA NO RETORNABLE 330.0,0.110315996,50791.23438
2025-03,ELVIS JUICE T. BOTELLA NO RETORNABLE 330.0,0.068829001,50908.91406
2025-04,ELVIS JUICE T. BOTELLA NO RETORNABLE 330.0,0.036300001,50909.08984
2024-01,ELVIS JUICE T. LATA NO RETORNABLE 330.0,1.490800023,42434.42188
2024-02,ELVIS JUICE T. LATA NO RETORNABLE 330.0,1.211599946,37892.3125
2024-03,ELVIS JUICE T. LATA NO RETORNABLE 330.0,0.926800013,37844.3125
2024-04,ELVIS JUICE T. LATA NO RETORNABLE 330.0,0.863699973,39114.60938
2024-05,ELVIS JUICE T. LATA NO RETORNABLE 330.0,0.701300025,39614.92578
2024-06,ELVIS JUICE T. LATA NO RETORNABLE 330.0,0.600300014,33307.29688
2024-07,ELVIS JUICE T. LATA NO RETORNABLE 330.0,0.876699984,39349.48047
2024-08,ELVIS JUICE T. LATA NO RETORNABLE 330.0,1.711599946,39523.60156
2024-09,ELVIS JUICE T. LATA NO RETORNABLE 330.0,2.238699913,34172.73438
2024-10,ELVIS JUICE T. LATA NO RETORNABLE 330.0,1.51730001,39461.38281
2024-11,ELVIS JUICE T. LATA NO RETORNABLE 330.0,1.715992975,38086.70313
2024-12,ELVIS JUICE T. LATA NO RETORNABLE 330.0,2.712176982,36181.6875
2025-01,ELVIS JUICE T. LATA NO RETORNABLE 330.0,2.398115013,35133.52344
2025-02,ELVIS JUICE T. LATA NO RETORNABLE 330.0,1.105497949,35789.50781
2025-03,ELVIS JUICE T. LATA NO RETORNABLE 330.0,1.517068091,33370.96094
2025-04,ELVIS JUICE T. LATA NO RETORNABLE 330.0,1.253052935,37476.80859
2025-05,ELVIS JUICE T. LATA NO RETORNABLE 330.0,1.326137928,35779.02344
2025-06,ELVIS JUICE T. LATA NO RETORNABLE 330.0,1.3247089,35800.03125
2025-07,ELVIS JUICE T. LATA NO RETORNABLE 330.0,1.017821971,42013.39844
2025-08,ELVIS JUICE T. LATA NO RETORNABLE 330.0,1.423217907,40852.39844
2024-02,ERDINGER CTE BOTELLA NO RETORNABLE 330.0,0.950800002,28787.88867
2024-08,ERDINGER CTE BOTELLA NO RETORNABLE 330.0,0.332800001,30871.4082
2024-10,ERDINGER CTE BOTELLA NO RETORNABLE 330.0,0.913800001,45454.54297
2024-11,ERDINGER CTE BOTELLA NO RETORNABLE 330.0,1.474757013,44131.09375
2024-12,ERDINGER CTE BOTELLA NO RETORNABLE 330.0,1.609919997,49472.41797
2025-01,ERDINGER CTE BOTELLA NO RETORNABLE 330.0,1.822329958,42254.92188
2025-02,ERDINGER CTE BOTELLA NO RETORNABLE 330.0,2.336677036,39393.93359
2025-03,ERDINGER CTE BOTELLA NO RETORNABLE 330.0,2.768013004,39808.47266
2025-04,ERDINGER CTE BOTELLA NO RETORNABLE 330.0,0.749460006,41021.53516
2025-05,ERDINGER CTE BOTELLA NO RETORNABLE 330.0,0.811144957,48484.82031
2025-07,ERDINGER CTE BOTELLA NO RETORNABLE 330.0,9.77891945,33916.98047
2025-08,ERDINGER CTE BOTELLA NO RETORNABLE 330.0,12.18522004,33392.89063
2024-01,ERDINGER CTE BOTELLA NO RETORNABLE 500.0,64.46299982,36616.14886
2024-02,ERDINGER CTE BOTELLA NO RETORNABLE 500.0,33.0948993,34013.91908
2024-03,ERDINGER CTE BOTELLA NO RETORNABLE 500.0,37.23989868,34406.18845
2024-04,ERDINGER CTE BOTELLA NO RETORNABLE 500.0,67.2743988,35098.81034
2024-05,ERDINGER CTE BOTELLA NO RETORNABLE 500.0,38.74119925,33043.96318
2024-06,ERDINGER CTE BOTELLA NO RETORNABLE 500.0,53.77709961,33884.56686
2024-07,ERDINGER CTE BOTELLA NO RETORNABLE 500.0,77.74970055,38157.12818
2024-08,ERDINGER CTE BOTELLA NO RETORNABLE 500.0,55.32039952,37880.4493
2024-09,ERDINGER CTE BOTELLA NO RETORNABLE 500.0,94.17830372,36314.5099
2024-10,ERDINGER CTE BOTELLA NO RETORNABLE 500.0,64.68599892,30993.48249
2024-11,ERDINGER CTE BOTELLA NO RETORNABLE 500.0,56.69699183,32572.97848
2024-12,ERDINGER CTE BOTELLA NO RETORNABLE 500.0,88.37839801,36782.87617
2025-01,ERDINGER CTE BOTELLA NO RETORNABLE 500.0,72.36648777,34710.29239
2025-02,ERDINGER CTE BOTELLA NO RETORNABLE 500.0,73.06637569,35479.22975
2025-03,ERDINGER CTE BOTELLA NO RETORNABLE 500.0,64.2521799,36512.91876
2025-04,ERDINGER CTE BOTELLA NO RETORNABLE 500.0,61.68765794,35272.18592
2025-05,ERDINGER CTE BOTELLA NO RETORNABLE 500.0,59.7118341,35776.08078
2025-06,ERDINGER CTE BOTELLA NO RETORNABLE 500.0,90.77885318,35395.06975
2025-07,ERDINGER CTE BOTELLA NO RETORNABLE 500.0,101.1658487,37402.57121
2025-08,ERDINGER CTE BOTELLA NO RETORNABLE 500.0,74.34826644,36532.28959
2024-01,ERDINGER CTE LATA NO RETORNABLE 500.0,22.34719944,27931.25712
2024-02,ERDINGER CTE LATA NO RETORNABLE 500.0,14.23700011,27499.30057
2024-03,ERDINGER CTE LATA NO RETORNABLE 500.0,19.64979982,27814.07525
2024-04,ERDINGER CTE LATA NO RETORNABLE 500.0,17.64049953,27607.53179
2024-05,ERDINGER CTE LATA NO RETORNABLE 500.0,15.42229983,26910.34452
2024-06,ERDINGER CTE LATA NO RETORNABLE 500.0,21.11819976,27307.28915
2024-07,ERDINGER CTE LATA NO RETORNABLE 500.0,21.47500016,27593.28111
2024-08,ERDINGER CTE LATA NO RETORNABLE 500.0,24.91049957,28216.2832
2024-09,ERDINGER CTE LATA NO RETORNABLE 500.0,29.12789917,23448.32813
2024-10,ERDINGER CTE LATA NO RETORNABLE 500.0,25.0666008,22115.60547
2024-11,ERDINGER CTE LATA NO RETORNABLE 500.0,23.67184615,27534.68555
2024-12,ERDINGER CTE LATA NO RETORNABLE 500.0,30.36598556,25871.0918
2025-01,ERDINGER CTE LATA NO RETORNABLE 500.0,24.77503158,27044.79297
2025-02,ERDINGER CTE LATA NO RETORNABLE 500.0,24.21461681,23160.50195
2025-03,ERDINGER CTE LATA NO RETORNABLE 500.0,29.86225544,24586.87695
2025-04,ERDINGER CTE LATA NO RETORNABLE 500.0,25.61912765,31013.74609
2025-05,ERDINGER CTE LATA NO RETORNABLE 500.0,22.50783396,29555.63477
2025-06,ERDINGER CTE LATA NO RETORNABLE 500.0,24.14139954,27311.6875
2025-07,ERDINGER CTE LATA NO RETORNABLE 500.0,21.0101154,29830.63672
2025-08,ERDINGER CTE LATA NO RETORNABLE 500.0,20.75684925,30091.32227
2024-02,ERDINGER DUNKEL BOTELLA NO RETORNABLE 330.0,6.32889986,72211.75781
2024-03,ERDINGER DUNKEL BOTELLA NO RETORNABLE 330.0,7.004000187,71021.25
2024-04,ERDINGER DUNKEL BOTELLA NO RETORNABLE 330.0,1.598399997,54545.07422
2024-06,ERDINGER DUNKEL BOTELLA NO RETORNABLE 330.0,0.966099977,54545.42969
2024-07,ERDINGER DUNKEL BOTELLA NO RETORNABLE 330.0,0.991999984,54545.5
2024-08,ERDINGER DUNKEL BOTELLA NO RETORNABLE 330.0,3.058199883,72107.35156
2024-10,ERDINGER DUNKEL BOTELLA NO RETORNABLE 330.0,1.370800018,45454.54297
2024-11,ERDINGER DUNKEL BOTELLA NO RETORNABLE 330.0,1.661349968,45454.54688
2024-12,ERDINGER DUNKEL BOTELLA NO RETORNABLE 330.0,1.800329929,45482.25781
2025-01,ERDINGER DUNKEL BOTELLA NO RETORNABLE 330.0,1.47822898,45454.55469
2025-02,ERDINGER DUNKEL BOTELLA NO RETORNABLE 330.0,0.004753,60602.60156
2025-05,ERDINGER DUNKEL BOTELLA NO RETORNABLE 330.0,0.811144957,48484.82031
2025-06,ERDINGER DUNKEL BOTELLA NO RETORNABLE 330.0,0.354505001,48484.82031
2025-07,ERDINGER DUNKEL BOTELLA NO RETORNABLE 330.0,0.354871009,48484.86719
2025-08,ERDINGER DUNKEL BOTELLA NO RETORNABLE 330.0,0.354871009,48484.86719
2024-01,ERDINGER DUNKEL BOTELLA NO RETORNABLE 500.0,8.025699615,38366.32031
2024-02,ERDINGER DUNKEL BOTELLA NO RETORNABLE 500.0,6.553599834,34393.53125
2024-03,ERDINGER DUNKEL BOTELLA NO RETORNABLE 500.0,6.35529995,31983.08203
2024-04,ERDINGER DUNKEL BOTELLA NO RETORNABLE 500.0,6.103899956,32293.24023
2024-05,ERDINGER DUNKEL BOTELLA NO RETORNABLE 500.0,12.41030025,35579.20313
2024-06,ERDINGER DUNKEL BOTELLA NO RETORNABLE 500.0,14.26620007,35457.0625
2024-07,ERDINGER DUNKEL BOTELLA NO RETORNABLE 500.0,35.60599899,43474.47656
2024-08,ERDINGER DUNKEL BOTELLA NO RETORNABLE 500.0,19.48699951,41221.16797
2024-09,ERDINGER DUNKEL BOTELLA NO RETORNABLE 500.0,32.71569824,34662.62109
2024-10,ERDINGER DUNKEL BOTELLA NO RETORNABLE 500.0,15.51430035,30332.9375
2024-11,ERDINGER DUNKEL BOTELLA NO RETORNABLE 500.0,5.375497792,29989.57422
2024-12,ERDINGER DUNKEL BOTELLA NO RETORNABLE 500.0,10.52970156,37738.28516
2025-01,ERDINGER DUNKEL BOTELLA NO RETORNABLE 500.0,41.42230911,42841.29297
2025-02,ERDINGER DUNKEL BOTELLA NO RETORNABLE 500.0,27.31487062,44404.59766
2025-03,ERDINGER DUNKEL BOTELLA NO RETORNABLE 500.0,24.93939318,41161.85156
2025-04,ERDINGER DUNKEL BOTELLA NO RETORNABLE 500.0,21.27120154,38847.85156
2025-05,ERDINGER DUNKEL BOTELLA NO RETORNABLE 500.0,19.34056496,38872.59766
2025-06,ERDINGER DUNKEL BOTELLA NO RETORNABLE 500.0,29.04313682,37375.71484
2025-07,ERDINGER DUNKEL BOTELLA NO RETORNABLE 500.0,40.47045537,41423.3125
2025-08,ERDINGER DUNKEL BOTELLA NO RETORNABLE 500.0,49.46005198,40628.15625
2024-01,ERDINGER DUNKEL LATA NO RETORNABLE 500.0,8.08220005,28381.32422
2024-02,ERDINGER DUNKEL LATA NO RETORNABLE 500.0,4.307199955,27078.32227
2024-03,ERDINGER DUNKEL LATA NO RETORNABLE 500.0,10.85659981,28186.15039
2024-04,ERDINGER DUNKEL LATA NO RETORNABLE 500.0,7.571800232,27537.23242
2024-05,ERDINGER DUNKEL LATA NO RETORNABLE 500.0,8.218700409,27181.07813
2024-06,ERDINGER DUNKEL LATA NO RETORNABLE 500.0,10.10610008,26193.90625
2024-07,ERDINGER DUNKEL LATA NO RETORNABLE 500.0,7.932499886,26820.80078
2024-08,ERDINGER DUNKEL LATA NO RETORNABLE 500.0,11.77099991,27083.875
2024-09,ERDINGER DUNKEL LATA NO RETORNABLE 500.0,9.69849968,23604.45508
2024-10,ERDINGER DUNKEL LATA NO RETORNABLE 500.0,13.13049984,23445.5918
2024-11,ERDINGER DUNKEL LATA NO RETORNABLE 500.0,7.222275629,24638.57227
2024-12,ERDINGER DUNKEL LATA NO RETORNABLE 500.0,10.9337709,25909.27344
2025-01,ERDINGER DUNKEL LATA NO RETORNABLE 500.0,14.21499419,27550.31445
2025-02,ERDINGER DUNKEL LATA NO RETORNABLE 500.0,5.639752979,28329.11133
2025-03,ERDINGER DUNKEL LATA NO RETORNABLE 500.0,12.38434569,29788.64844
2025-04,ERDINGER DUNKEL LATA NO RETORNABLE 500.0,5.889979875,29711.72461
2025-05,ERDINGER DUNKEL LATA NO RETORNABLE 500.0,11.15401369,30523.63477
2025-06,ERDINGER DUNKEL LATA NO RETORNABLE 500.0,14.60409459,27967.66602
2025-07,ERDINGER DUNKEL LATA NO RETORNABLE 500.0,11.81564496,30621.84766
2025-08,ERDINGER DUNKEL LATA NO RETORNABLE 500.0,7.342337815,31095.8125
2024-01,ESTRELLA DAMM T. LATA NO RETORNABLE 330.0,8.888199806,9688.77832
2024-02,ESTRELLA DAMM T. LATA NO RETORNABLE 330.0,3.045000076,10099.07617
2024-03,ESTRELLA DAMM T. LATA NO RETORNABLE 330.0,3.856600046,10248.50488
2024-04,ESTRELLA DAMM T. LATA NO RETORNABLE 330.0,9.113599777,8684.378906
2024-05,ESTRELLA DAMM T. LATA NO RETORNABLE 330.0,81.09259796,10627.7041
2024-06,ESTRELLA DAMM T. LATA NO RETORNABLE 330.0,80.73750305,10191.08887
2024-07,ESTRELLA DAMM T. LATA NO RETORNABLE 330.0,65.18299866,10818.19238
2024-08,ESTRELLA DAMM T. LATA NO RETORNABLE 330.0,38.9314003,11013.67676
2024-09,ESTRELLA DAMM T. LATA NO RETORNABLE 330.0,40.90370178,9777.069336
2024-10,ESTRELLA DAMM T. LATA NO RETORNABLE 330.0,66.23179626,10191.94727
2024-11,ESTRELLA DAMM T. LATA NO RETORNABLE 330.0,40.28486038,11175.16992
2024-12,ESTRELLA DAMM T. LATA NO RETORNABLE 330.0,54.45230975,11549.36426
2025-01,ESTRELLA DAMM T. LATA NO RETORNABLE 330.0,42.34198038,11743.58203
2025-02,ESTRELLA DAMM T. LATA NO RETORNABLE 330.0,24.40425166,11020.61328
2025-03,ESTRELLA DAMM T. LATA NO RETORNABLE 330.0,20.9196864,11549.5498
2025-04,ESTRELLA DAMM T. LATA NO RETORNABLE 330.0,36.26770348,11625.34375
2025-05,ESTRELLA DAMM T. LATA NO RETORNABLE 330.0,85.47734418,10571.03223
2025-06,ESTRELLA DAMM T. LATA NO RETORNABLE 330.0,73.96748842,11553.99512
2025-07,ESTRELLA DAMM T. LATA NO RETORNABLE 330.0,71.35805983,11037.8584
2025-08,ESTRELLA DAMM T. LATA NO RETORNABLE 330.0,61.91525301,11959.06152
2024-01,GROLSCH PREMIUM BOTELLA NO RETORNABLE 330.0,0.540099978,14857.875
2024-02,GROLSCH PREMIUM BOTELLA NO RETORNABLE 330.0,1.202299953,13641.16309
2024-05,GROLSCH PREMIUM BOTELLA NO RETORNABLE 330.0,0.957799971,10606.06055
2024-09,GROLSCH PREMIUM BOTELLA NO RETORNABLE 330.0,0.819599986,13636.36426
2024-10,GROLSCH PREMIUM BOTELLA NO RETORNABLE 330.0,2.901900053,14564.70313
2024-11,GROLSCH PREMIUM BOTELLA NO RETORNABLE 330.0,0.770011001,13636.36523
2024-12,GROLSCH PREMIUM BOTELLA NO RETORNABLE 330.0,2.28616494,14898.96875
2025-01,GROLSCH PREMIUM BOTELLA NO RETORNABLE 330.0,0.443882005,15151.51953
2025-02,GROLSCH PREMIUM BOTELLA NO RETORNABLE 330.0,0.339335009,15151.28906
2024-04,GROLSCH PREMIUM BOTELLA NO RETORNABLE 450.0,0.998399973,22222.21875
2024-12,GROLSCH PREMIUM BOTELLA NO RETORNABLE 450.0,1.419377959,22222.21875
2024-01,GULDEN DRAAK T. BOTELLA NO RETORNABLE 330.0,4.842100143,66234.35938
2024-02,GULDEN DRAAK T. BOTELLA NO RETORNABLE 330.0,6.710800171,67151.53125
2024-03,GULDEN DRAAK T. BOTELLA NO RETORNABLE 330.0,7.820099831,66211.45313
2024-04,GULDEN DRAAK T. BOTELLA NO RETORNABLE 330.0,6.254099846,76308.1875
2024-05,GULDEN DRAAK T. BOTELLA NO RETORNABLE 330.0,2.425199986,74564.25781
2024-06,GULDEN DRAAK T. BOTELLA NO RETORNABLE 330.0,3.640000105,74182.04688
2024-07,GULDEN DRAAK T. BOTELLA NO RETORNABLE 330.0,2.629800081,71585.82813
2024-08,GULDEN DRAAK T. BOTELLA NO RETORNABLE 330.0,5.440299988,74128.64063
2024-09,GULDEN DRAAK T. BOTELLA NO RETORNABLE 330.0,2.665100098,65949.65625
2024-10,GULDEN DRAAK T. BOTELLA NO RETORNABLE 330.0,5.758299828,70418
2024-11,GULDEN DRAAK T. BOTELLA NO RETORNABLE 330.0,1.288985992,67239.10156
2024-12,GULDEN DRAAK T. BOTELLA NO RETORNABLE 330.0,6.860591236,76334.84375
2025-01,GULDEN DRAAK T. BOTELLA NO RETORNABLE 330.0,8.072648761,78054.1875
2025-02,GULDEN DRAAK T. BOTELLA NO RETORNABLE 330.0,6.31801784,77878.40625
2025-03,GULDEN DRAAK T. BOTELLA NO RETORNABLE 330.0,3.377289837,77521.33594
2025-04,GULDEN DRAAK T. BOTELLA NO RETORNABLE 330.0,4.374644683,77451.38281
2025-05,GULDEN DRAAK T. BOTELLA NO RETORNABLE 330.0,4.565163038,77874.33594
2025-06,GULDEN DRAAK T. BOTELLA NO RETORNABLE 330.0,3.43460295,73486.67188
2025-07,GULDEN DRAAK T. BOTELLA NO RETORNABLE 330.0,1.497762058,52744.67969
2025-08,GULDEN DRAAK T. BOTELLA NO RETORNABLE 330.0,1.309281998,66160.44531
2024-01,HAZY JANE T. BOTELLA NO RETORNABLE 330.0,0.621999979,32302.50195
2024-02,HAZY JANE T. BOTELLA NO RETORNABLE 330.0,0.449299991,43283.39453
2024-03,HAZY JANE T. BOTELLA NO RETORNABLE 330.0,0.79430002,40635.86328
2024-04,HAZY JANE T. BOTELLA NO RETORNABLE 330.0,0.51910001,38279.18359
2024-05,HAZY JANE T. BOTELLA NO RETORNABLE 330.0,0.355399996,31526.11719
2024-06,HAZY JANE T. BOTELLA NO RETORNABLE 330.0,0.227699995,30299.44727
2024-07,HAZY JANE T. BOTELLA NO RETORNABLE 330.0,0.035399999,42338.13281
2024-08,HAZY JANE T. BOTELLA NO RETORNABLE 330.0,1.430699944,29469.08594
2024-09,HAZY JANE T. BOTELLA NO RETORNABLE 330.0,0.882799983,34067.64453
2024-10,HAZY JANE T. BOTELLA NO RETORNABLE 330.0,0.944599986,32965.37109
2024-11,HAZY JANE T. BOTELLA NO RETORNABLE 330.0,1.596892934,30792.30859
2024-12,HAZY JANE T. BOTELLA NO RETORNABLE 330.0,0.852354988,35183.53906
2025-01,HAZY JANE T. BOTELLA NO RETORNABLE 330.0,0.814608968,41100.56641
2025-02,HAZY JANE T. BOTELLA NO RETORNABLE 330.0,0.493588997,43593.03516
2025-03,HAZY JANE T. BOTELLA NO RETORNABLE 330.0,0.58551599,43061.99219
2025-04,HAZY JANE T. BOTELLA NO RETORNABLE 330.0,0.552983988,44184.02344
2025-05,HAZY JANE T. BOTELLA NO RETORNABLE 330.0,0.579859976,43152.21094
2025-06,HAZY JANE T. BOTELLA NO RETORNABLE 330.0,0.510556031,45582.34766
2025-07,HAZY JANE T. BOTELLA NO RETORNABLE 330.0,0.488875008,43043.69141
2025-08,HAZY JANE T. BOTELLA NO RETORNABLE 330.0,0.45114699,42573.13672
2024-01,HAZY JANE T. LATA NO RETORNABLE 330.0,1.640400052,36816.75391
2024-02,HAZY JANE T. LATA NO RETORNABLE 330.0,2.594399929,38018.00781
2024-03,HAZY JANE T. LATA NO RETORNABLE 330.0,2.436500072,38472.50391
2024-04,HAZY JANE T. LATA NO RETORNABLE 330.0,1.48269999,36681.00391
2024-05,HAZY JANE T. LATA NO RETORNABLE 330.0,1.514400005,35083.86328
2024-06,HAZY JANE T. LATA NO RETORNABLE 330.0,1.195700049,32663.98438
2024-07,HAZY JANE T. LATA NO RETORNABLE 330.0,2.369299889,37313.96094
2024-08,HAZY JANE T. LATA NO RETORNABLE 330.0,4.073900223,37417.25781
2024-09,HAZY JANE T. LATA NO RETORNABLE 330.0,5.217899799,32738.38672
2024-10,HAZY JANE T. LATA NO RETORNABLE 330.0,3.589600086,38066.26172
2024-11,HAZY JANE T. LATA NO RETORNABLE 330.0,4.193408883,37939.08594
2024-12,HAZY JANE T. LATA NO RETORNABLE 330.0,4.807878875,34645.49219
2025-01,HAZY JANE T. LATA NO RETORNABLE 330.0,5.504246278,36353.19531
2025-02,HAZY JANE T. LATA NO RETORNABLE 330.0,4.280597156,40789.1875
2025-03,HAZY JANE T. LATA NO RETORNABLE 330.0,4.039007919,36088.13672
2025-04,HAZY JANE T. LATA NO RETORNABLE 330.0,3.33205295,37010.57031
2025-05,HAZY JANE T. LATA NO RETORNABLE 330.0,3.400611171,40254.94922
2025-06,HAZY JANE T. LATA NO RETORNABLE 330.0,2.507561956,36738.59375
2025-07,HAZY JANE T. LATA NO RETORNABLE 330.0,1.970108964,41202.10938
2025-08,HAZY JANE T. LATA NO RETORNABLE 330.0,1.531096875,40236.58203
2024-01,HE150KEN CTE LATA NO RETORNABLE 269.0,2692.322021,11201.7041
2024-02,HE150KEN CTE LATA NO RETORNABLE 269.0,2391.38208,11295.73242
2024-03,HE150KEN CTE LATA NO RETORNABLE 269.0,2166.098145,11324.80566
2024-04,HE150KEN CTE LATA NO RETORNABLE 269.0,1402.584717,11037.25977
2024-05,HE150KEN CTE LATA NO RETORNABLE 269.0,984.9871826,11204.16211
2024-06,HE150KEN CTE LATA NO RETORNABLE 269.0,407.5486145,11476.82227
2024-07,HE150KEN CTE LATA NO RETORNABLE 269.0,363.3204041,11437.77637
2024-08,HE150KEN CTE LATA NO RETORNABLE 269.0,164.0988007,11512.65234
2024-09,HE150KEN CTE LATA NO RETORNABLE 269.0,80.38529968,11769.70703
2024-10,HE150KEN CTE LATA NO RETORNABLE 269.0,45.75910187,10259.01758
2024-11,HE150KEN CTE LATA NO RETORNABLE 269.0,31.19899272,10686.44629
2024-12,HE150KEN CTE LATA NO RETORNABLE 269.0,16.51439326,11152.41699
2025-01,HE150KEN CTE LATA NO RETORNABLE 269.0,0.167312003,11152.4248
2025-02,HE150KEN CTE LATA NO RETORNABLE 269.0,0.096358,11152.39844
2025-05,HE150KEN CTE LATA NO RETORNABLE 269.0,0.021051,11152.20898
2024-11,HEINEKEN CTE BARRIL NO RETORNABLE 5000.0,15.02532348,14859.7666
2024-01,HEINEKEN CTE BARRIL NO RETORNABLE null.0,0.600499988,13033.74609
2024-02,HEINEKEN CTE BARRIL NO RETORNABLE null.0,0.1175,12237.5166
2024-03,HEINEKEN CTE BARRIL NO RETORNABLE null.0,0.414700001,12812.70313
2024-04,HEINEKEN CTE BARRIL NO RETORNABLE null.0,0.379999995,12750.05664
2024-05,HEINEKEN CTE BARRIL NO RETORNABLE null.0,0.856599987,11501.41406
2024-06,HEINEKEN CTE BARRIL NO RETORNABLE null.0,0.567799985,11885.8584
2024-07,HEINEKEN CTE BARRIL NO RETORNABLE null.0,0.079999998,13637.5
2024-08,HEINEKEN CTE BARRIL NO RETORNABLE null.0,0.0166,11172.25195
2024-09,HEINEKEN CTE BARRIL NO RETORNABLE null.0,0.232999995,13039.64941
2024-10,HEINEKEN CTE BARRIL NO RETORNABLE null.0,0.079999998,6749.875
2024-12,HEINEKEN CTE BARRIL NO RETORNABLE null.0,0.514295998,11835.5918
2025-01,HEINEKEN CTE BARRIL NO RETORNABLE null.0,0.525704014,15749.875
2024-01,HEINEKEN CTE BOTELLA NO RETORNABLE 250.0,10570.99121,12584.33008
2024-02,HEINEKEN CTE BOTELLA NO RETORNABLE 250.0,9407.1875,12773.25098
2024-03,HEINEKEN CTE BOTELLA NO RETORNABLE 250.0,9400.81543,12987.42676
2024-04,HEINEKEN CTE BOTELLA NO RETORNABLE 250.0,8598.926758,12829.74316
2024-05,HEINEKEN CTE BOTELLA NO RETORNABLE 250.0,8117.961426,12737.89063
2024-06,HEINEKEN CTE BOTELLA NO RETORNABLE 250.0,7959.453613,12681.66895
2024-07,HEINEKEN CTE BOTELLA NO RETORNABLE 250.0,6904.314453,13044.75195
2024-08,HEINEKEN CTE BOTELLA NO RETORNABLE 250.0,6022.464844,13032.46875
2024-09,HEINEKEN CTE BOTELLA NO RETORNABLE 250.0,5882.581543,12878.2373
2024-10,HEINEKEN CTE BOTELLA NO RETORNABLE 250.0,5396.532715,13068.01074
2024-11,HEINEKEN CTE BOTELLA NO RETORNABLE 250.0,3950.047954,13573.98828
2024-12,HEINEKEN CTE BOTELLA NO RETORNABLE 250.0,5407.221473,13147.19727
2025-01,HEINEKEN CTE BOTELLA NO RETORNABLE 250.0,3592.307263,13355.40527
2025-02,HEINEKEN CTE BOTELLA NO RETORNABLE 250.0,3547.078256,13450.16699
2025-03,HEINEKEN CTE BOTELLA NO RETORNABLE 250.0,3533.364051,13366.74121
2025-04,HEINEKEN CTE BOTELLA NO RETORNABLE 250.0,2903.97504,13266.08691
2025-05,HEINEKEN CTE BOTELLA NO RETORNABLE 250.0,3616.063081,13514
2025-06,HEINEKEN CTE BOTELLA NO RETORNABLE 250.0,3401.961121,13508.72656
2025-07,HEINEKEN CTE BOTELLA NO RETORNABLE 250.0,3555.292055,13659.67871
2025-08,HEINEKEN CTE BOTELLA NO RETORNABLE 250.0,3905.133108,13556.53613
2024-01,HEINEKEN CTE BOTELLA NO RETORNABLE 330.0,1763.447754,12561.36328
2024-02,HEINEKEN CTE BOTELLA NO RETORNABLE 330.0,1414.442261,13101.47852
2024-03,HEINEKEN CTE BOTELLA NO RETORNABLE 330.0,1669.018677,13751.21484
2024-04,HEINEKEN CTE BOTELLA NO RETORNABLE 330.0,1526.494141,13761.25391
2024-05,HEINEKEN CTE BOTELLA NO RETORNABLE 330.0,1594.901855,13088.16309
2024-06,HEINEKEN CTE BOTELLA NO RETORNABLE 330.0,1814.455566,12982.51563
2024-07,HEINEKEN CTE BOTELLA NO RETORNABLE 330.0,1830.92749,13352.9834
2024-08,HEINEKEN CTE BOTELLA NO RETORNABLE 330.0,1496.605347,14327.72852
2024-09,HEINEKEN CTE BOTELLA NO RETORNABLE 330.0,1593.672241,13348.08398
2024-10,HEINEKEN CTE BOTELLA NO RETORNABLE 330.0,1617.266846,13334.91406
2024-11,HEINEKEN CTE BOTELLA NO RETORNABLE 330.0,1432.897328,13351.66211
2024-12,HEINEKEN CTE BOTELLA NO RETORNABLE 330.0,2053.005825,12732.87891
2025-01,HEINEKEN CTE BOTELLA NO RETORNABLE 330.0,1404.333649,13970.77637
2025-02,HEINEKEN CTE BOTELLA NO RETORNABLE 330.0,1178.828357,13852.51563
2025-03,HEINEKEN CTE BOTELLA NO RETORNABLE 330.0,1060.446955,13976.90625
2025-04,HEINEKEN CTE BOTELLA NO RETORNABLE 330.0,1039.209753,13956.16895
2025-05,HEINEKEN CTE BOTELLA NO RETORNABLE 330.0,1079.502607,14694.125
2025-06,HEINEKEN CTE BOTELLA NO RETORNABLE 330.0,1070.432752,14562.83691
2025-07,HEINEKEN CTE BOTELLA NO RETORNABLE 330.0,983.2090259,15270.56055
2025-08,HEINEKEN CTE BOTELLA NO RETORNABLE 330.0,1043.868776,15137.59863
2024-01,HEINEKEN CTE BOTELLA NO RETORNABLE 650.0,7.749000072,11501.19629
2025-05,HEINEKEN CTE BOTELLA NO RETORNABLE 650.0,8.10373282,9230.769531
2024-05,HEINEKEN CTE BOTELLA RETORNABLE 250.0,55.14730072,11958.45508
2024-06,HEINEKEN CTE BOTELLA RETORNABLE 250.0,446.4942932,12646.57422
2024-07,HEINEKEN CTE BOTELLA RETORNABLE 250.0,500.4595947,12399.96484
2024-08,HEINEKEN CTE BOTELLA RETORNABLE 250.0,724.3640137,12364.86914
2024-09,HEINEKEN CTE BOTELLA RETORNABLE 250.0,695.128418,12264.56543
2024-10,HEINEKEN CTE BOTELLA RETORNABLE 250.0,1228.816406,12467.94434
2024-11,HEINEKEN CTE BOTELLA RETORNABLE 250.0,1947.395109,12995.27832
2024-12,HEINEKEN CTE BOTELLA RETORNABLE 250.0,2477.391631,13034.16406
2025-01,HEINEKEN CTE BOTELLA RETORNABLE 250.0,4325.928009,13399.88672
2025-02,HEINEKEN CTE BOTELLA RETORNABLE 250.0,3684.901051,13484.9707
2025-03,HEINEKEN CTE BOTELLA RETORNABLE 250.0,4069.60822,13589.47363
2025-04,HEINEKEN CTE BOTELLA RETORNABLE 250.0,3778.560544,13815.01563
2025-05,HEINEKEN CTE BOTELLA RETORNABLE 250.0,3288.659568,13700.81641
2025-06,HEINEKEN CTE BOTELLA RETORNABLE 250.0,2855.946104,13749.57129
2025-07,HEINEKEN CTE BOTELLA RETORNABLE 250.0,2573.02279,14208.34277
2025-08,HEINEKEN CTE BOTELLA RETORNABLE 250.0,2760.990286,14362.82715
2024-01,HEINEKEN CTE BOTELLA RETORNABLE 330.0,36.86610031,15076.12695
2024-02,HEINEKEN CTE BOTELLA RETORNABLE 330.0,55.63840103,14302.08301
2024-03,HEINEKEN CTE BOTELLA RETORNABLE 330.0,41.1733017,14975.58496
2024-04,HEINEKEN CTE BOTELLA RETORNABLE 330.0,47.30879974,15290.45117
2024-05,HEINEKEN CTE BOTELLA RETORNABLE 330.0,73.61329651,11068.76758
2024-06,HEINEKEN CTE BOTELLA RETORNABLE 330.0,19.7621994,13527.12988
2024-07,HEINEKEN CTE BOTELLA RETORNABLE 330.0,40.03269958,11894.15234
2024-08,HEINEKEN CTE BOTELLA RETORNABLE 330.0,51.69509888,13217.09766
2024-09,HEINEKEN CTE BOTELLA RETORNABLE 330.0,33.11190033,12563.56348
2024-10,HEINEKEN CTE BOTELLA RETORNABLE 330.0,41.56480026,9273.864258
2024-11,HEINEKEN CTE BOTELLA RETORNABLE 330.0,66.50401177,10194.55371
2024-12,HEINEKEN CTE BOTELLA RETORNABLE 330.0,45.64133627,9052.492188
2025-01,HEINEKEN CTE BOTELLA RETORNABLE 330.0,0.059409,18181.85156
2025-02,HEINEKEN CTE BOTELLA RETORNABLE 330.0,0.095055003,18181.73633
2025-03,HEINEKEN CTE BOTELLA RETORNABLE 330.0,3.197147975,12121.21094
2025-04,HEINEKEN CTE BOTELLA RETORNABLE 330.0,4.297985328,12032.94824
2025-05,HEINEKEN CTE BOTELLA RETORNABLE 330.0,10.04385269,11848.03418
2025-06,HEINEKEN CTE BOTELLA RETORNABLE 330.0,0.161771997,12121.29688
2024-01,HEINEKEN CTE LATA NO RETORNABLE 250.0,0.369800001,10504.54297
2024-02,HEINEKEN CTE LATA NO RETORNABLE 250.0,9.076499939,10082.68262
2024-03,HEINEKEN CTE LATA NO RETORNABLE 250.0,0.076499999,11600.37988
2024-05,HEINEKEN CTE LATA NO RETORNABLE 250.0,5.948200226,12454.5957
2024-06,HEINEKEN CTE LATA NO RETORNABLE 250.0,2.819499969,10324.35938
2025-01,HEINEKEN CTE LATA NO RETORNABLE 250.0,0.434025,9600.098633
2025-02,HEINEKEN CTE LATA NO RETORNABLE 250.0,0.708940004,10068.14746
2025-06,HEINEKEN CTE LATA NO RETORNABLE 250.0,0.215838006,11659.66602
2025-07,HEINEKEN CTE LATA NO RETORNABLE 250.0,0.026208001,9599.944336
2024-01,HEINEKEN CTE LATA NO RETORNABLE 269.0,9742.951172,10714.79785
2024-02,HEINEKEN CTE LATA NO RETORNABLE 269.0,5676.049805,11090.69141
2024-03,HEINEKEN CTE LATA NO RETORNABLE 269.0,6032.38916,10843.83984
2024-04,HEINEKEN CTE LATA NO RETORNABLE 269.0,5416.053711,10894.98145
2024-05,HEINEKEN CTE LATA NO RETORNABLE 269.0,5133.212402,10634.73438
2024-06,HEINEKEN CTE LATA NO RETORNABLE 269.0,3424.289795,11086.83789
2024-07,HEINEKEN CTE LATA NO RETORNABLE 269.0,2917.771729,11393.86133
2024-08,HEINEKEN CTE LATA NO RETORNABLE 269.0,1556.553345,11591.65918
2024-09,HEINEKEN CTE LATA NO RETORNABLE 269.0,1111.453247,11956.21094
2024-10,HEINEKEN CTE LATA NO RETORNABLE 269.0,950.6885986,11894.54297
2024-11,HEINEKEN CTE LATA NO RETORNABLE 269.0,500.0225554,12159.58203
2024-12,HEINEKEN CTE LATA NO RETORNABLE 269.0,483.2978166,11887.33398
2025-01,HEINEKEN CTE LATA NO RETORNABLE 269.0,276.0421632,11894.18066
2025-02,HEINEKEN CTE LATA NO RETORNABLE 269.0,241.9187565,11978.37109
2025-03,HEINEKEN CTE LATA NO RETORNABLE 269.0,171.1329171,12695.78125
2025-04,HEINEKEN CTE LATA NO RETORNABLE 269.0,140.7851034,11287.45898
2025-05,HEINEKEN CTE LATA NO RETORNABLE 269.0,150.1337613,12171.66016
2025-06,HEINEKEN CTE LATA NO RETORNABLE 269.0,310.623282,13253.98242
2025-07,HEINEKEN CTE LATA NO RETORNABLE 269.0,496.2593402,13819.84766
2025-08,HEINEKEN CTE LATA NO RETORNABLE 269.0,768.9528805,12021.42383
2024-03,HEINEKEN CTE LATA NO RETORNABLE 310.0,328.1593933,12964.83301
2024-04,HEINEKEN CTE LATA NO RETORNABLE 310.0,1318.156616,11044.14453
2024-05,HEINEKEN CTE LATA NO RETORNABLE 310.0,2572.806152,10704.0957
2024-06,HEINEKEN CTE LATA NO RETORNABLE 310.0,4262.684082,10309.89844
2024-07,HEINEKEN CTE LATA NO RETORNABLE 310.0,5714.847656,10235.71582
2024-08,HEINEKEN CTE LATA NO RETORNABLE 310.0,5979.651855,10204.02539
2024-09,HEINEKEN CTE LATA NO RETORNABLE 310.0,6381.102051,10067.0625
2024-10,HEINEKEN CTE LATA NO RETORNABLE 310.0,6712.123535,10020.71777
2024-11,HEINEKEN CTE LATA NO RETORNABLE 310.0,8058.978021,9551.398438
2024-12,HEINEKEN CTE LATA NO RETORNABLE 310.0,14351.22516,8847.94043
2025-01,HEINEKEN CTE LATA NO RETORNABLE 310.0,12694.80427,9981.477539
2025-02,HEINEKEN CTE LATA NO RETORNABLE 310.0,8227.15618,10321.74023
2025-03,HEINEKEN CTE LATA NO RETORNABLE 310.0,8736.956878,10167.85449
2025-04,HEINEKEN CTE LATA NO RETORNABLE 310.0,7844.74166,10132.60156
2025-05,HEINEKEN CTE LATA NO RETORNABLE 310.0,7513.869203,10309.9209
2025-06,HEINEKEN CTE LATA NO RETORNABLE 310.0,7075.106502,10238.62793
2025-07,HEINEKEN CTE LATA NO RETORNABLE 310.0,7132.40415,10678.33008
2025-08,HEINEKEN CTE LATA NO RETORNABLE 310.0,6358.435531,10667.97461
2024-01,HEINEKEN CTE LATA NO RETORNABLE 330.0,2628.362305,9519.990234
2024-02,HEINEKEN CTE LATA NO RETORNABLE 330.0,1564.19165,10800.90918
2024-03,HEINEKEN CTE LATA NO RETORNABLE 330.0,1919.107178,10360.13477
2024-04,HEINEKEN CTE LATA NO RETORNABLE 330.0,1531.792969,10163.41895
2024-05,HEINEKEN CTE LATA NO RETORNABLE 330.0,750.201416,9725.618164
2024-06,HEINEKEN CTE LATA NO RETORNABLE 330.0,306.4595947,10245.14746
2024-07,HEINEKEN CTE LATA NO RETORNABLE 330.0,166.1325989,10377.28125
2024-08,HEINEKEN CTE LATA NO RETORNABLE 330.0,115.2368011,10991.5459
2024-09,HEINEKEN CTE LATA NO RETORNABLE 330.0,51.86709976,11075.49414
2024-10,HEINEKEN CTE LATA NO RETORNABLE 330.0,46.16009903,11658.94238
2024-11,HEINEKEN CTE LATA NO RETORNABLE 330.0,33.71256537,11146.58691
2024-12,HEINEKEN CTE LATA NO RETORNABLE 330.0,25.63063408,10925.24902
2025-01,HEINEKEN CTE LATA NO RETORNABLE 330.0,20.16511368,11007.90918
2025-02,HEINEKEN CTE LATA NO RETORNABLE 330.0,15.21086953,12404.57422
2025-03,HEINEKEN CTE LATA NO RETORNABLE 330.0,6.382891821,11145.40039
2025-04,HEINEKEN CTE LATA NO RETORNABLE 330.0,14.23335673,11195.47363
2025-05,HEINEKEN CTE LATA NO RETORNABLE 330.0,16.35079394,10820.67578
2025-06,HEINEKEN CTE LATA NO RETORNABLE 330.0,3.998038942,11769.71777
2025-07,HEINEKEN CTE LATA NO RETORNABLE 330.0,2.551676197,9669.858398
2025-08,HEINEKEN CTE LATA NO RETORNABLE 330.0,4.27930324,10339.7627
2024-01,HEINEKEN CTE LATA NO RETORNABLE 473.0,935.2064209,8923.075195
2024-02,HEINEKEN CTE LATA NO RETORNABLE 473.0,1096.572144,8904.967773
2024-03,HEINEKEN CTE LATA NO RETORNABLE 473.0,1172.073975,8958.888672
2024-04,HEINEKEN CTE LATA NO RETORNABLE 473.0,640.2954712,8814.198242
2024-05,HEINEKEN CTE LATA NO RETORNABLE 473.0,178.0953064,8847.998047
2024-06,HEINEKEN CTE LATA NO RETORNABLE 473.0,851.7315063,8924.043945
2024-07,HEINEKEN CTE LATA NO RETORNABLE 473.0,1615.844604,8780.056641
2024-08,HEINEKEN CTE LATA NO RETORNABLE 473.0,1451.196655,8984.722656
2024-09,HEINEKEN CTE LATA NO RETORNABLE 473.0,1884.705688,8900.495117
2024-10,HEINEKEN CTE LATA NO RETORNABLE 473.0,2191.418457,8277.175781
2024-11,HEINEKEN CTE LATA NO RETORNABLE 473.0,2415.039856,7750.12793
2024-12,HEINEKEN CTE LATA NO RETORNABLE 473.0,2833.637246,7924.219727
2025-01,HEINEKEN CTE LATA NO RETORNABLE 473.0,2704.137648,9000.993164
2025-02,HEINEKEN CTE LATA NO RETORNABLE 473.0,1725.076918,9058.924805
2025-03,HEINEKEN CTE LATA NO RETORNABLE 473.0,2316.644698,9261.49707
2025-04,HEINEKEN CTE LATA NO RETORNABLE 473.0,1995.248319,9228.160156
2025-05,HEINEKEN CTE LATA NO RETORNABLE 473.0,2487.134678,9068.883789
2025-06,HEINEKEN CTE LATA NO RETORNABLE 473.0,2784.989971,9145.032227
2025-07,HEINEKEN CTE LATA NO RETORNABLE 473.0,3186.373591,9188.657227
2025-08,HEINEKEN CTE LATA NO RETORNABLE 473.0,3696.916938,9243.124023
2024-01,HEINEKEN HEINEKEN 0.0 BOTELLA NO RETORNABLE 330.0,159.8937988,15104.23438
2024-02,HEINEKEN HEINEKEN 0.0 BOTELLA NO RETORNABLE 330.0,60.89120102,18178.22656
2024-03,HEINEKEN HEINEKEN 0.0 BOTELLA NO RETORNABLE 330.0,31.65620041,16282.07617
2024-04,HEINEKEN HEINEKEN 0.0 BOTELLA NO RETORNABLE 330.0,57.01269913,11406.8623
2024-05,HEINEKEN HEINEKEN 0.0 BOTELLA NO RETORNABLE 330.0,48.67470169,12243.47949
2024-06,HEINEKEN HEINEKEN 0.0 BOTELLA NO RETORNABLE 330.0,27.88369942,24100.41602
2024-07,HEINEKEN HEINEKEN 0.0 BOTELLA NO RETORNABLE 330.0,19.77770042,29687.4043
2024-08,HEINEKEN HEINEKEN 0.0 BOTELLA NO RETORNABLE 330.0,17.61490059,19644.41211
2024-09,HEINEKEN HEINEKEN 0.0 BOTELLA NO RETORNABLE 330.0,15.50080013,21395.92773
2024-10,HEINEKEN HEINEKEN 0.0 BOTELLA NO RETORNABLE 330.0,18.47590065,12995.75293
2024-11,HEINEKEN HEINEKEN 0.0 BOTELLA NO RETORNABLE 330.0,4.565290351,22046.00195
2024-12,HEINEKEN HEINEKEN 0.0 BOTELLA NO RETORNABLE 330.0,3.266871254,26863.6543
2025-01,HEINEKEN HEINEKEN 0.0 BOTELLA NO RETORNABLE 330.0,7.572282877,11583.85938
2025-02,HEINEKEN HEINEKEN 0.0 BOTELLA NO RETORNABLE 330.0,2.543116995,12121.21289
2025-03,HEINEKEN HEINEKEN 0.0 BOTELLA NO RETORNABLE 330.0,0.486653997,12121.21582
2025-04,HEINEKEN HEINEKEN 0.0 BOTELLA NO RETORNABLE 330.0,1.016968974,11445.91211
2025-05,HEINEKEN HEINEKEN 0.0 BOTELLA NO RETORNABLE 330.0,2.121007874,10606.06152
2025-06,HEINEKEN HEINEKEN 0.0 BOTELLA NO RETORNABLE 330.0,0.523585993,10678.75684
2025-07,HEINEKEN HEINEKEN 0.0 BOTELLA NO RETORNABLE 330.0,0.00528,18181.94922
2025-08,HEINEKEN HEINEKEN 0.0 BOTELLA NO RETORNABLE 330.0,4.136264208,12121.21191
2024-01,HEINEKEN HEINEKEN 0.0 LATA NO RETORNABLE 250.0,643.5905762,11246.34668
2024-02,HEINEKEN HEINEKEN 0.0 LATA NO RETORNABLE 250.0,310.8833008,11606.81152
2024-03,HEINEKEN HEINEKEN 0.0 LATA NO RETORNABLE 250.0,468.8944092,11730.69824
2024-04,HEINEKEN HEINEKEN 0.0 LATA NO RETORNABLE 250.0,300.2380066,11912.18164
2024-05,HEINEKEN HEINEKEN 0.0 LATA NO RETORNABLE 250.0,501.4289856,11933.9668
2024-06,HEINEKEN HEINEKEN 0.0 LATA NO RETORNABLE 250.0,420.5728149,12099.35938
2024-07,HEINEKEN HEINEKEN 0.0 LATA NO RETORNABLE 250.0,158.0345001,12151.5791
2024-08,HEINEKEN HEINEKEN 0.0 LATA NO RETORNABLE 250.0,133.3115997,12083.88379
2024-09,HEINEKEN HEINEKEN 0.0 LATA NO RETORNABLE 250.0,193.1725006,11721.91309
2024-10,HEINEKEN HEINEKEN 0.0 LATA NO RETORNABLE 250.0,242.9223938,11613.67773
2024-11,HEINEKEN HEINEKEN 0.0 LATA NO RETORNABLE 250.0,295.452538,11949.10352
2024-12,HEINEKEN HEINEKEN 0.0 LATA NO RETORNABLE 250.0,388.4989591,10899.18555
2025-01,HEINEKEN HEINEKEN 0.0 LATA NO RETORNABLE 250.0,383.5831951,11731.90332
2025-02,HEINEKEN HEINEKEN 0.0 LATA NO RETORNABLE 250.0,173.1918885,12803.47168
2025-03,HEINEKEN HEINEKEN 0.0 LATA NO RETORNABLE 250.0,183.6166723,12573.45605
2025-04,HEINEKEN HEINEKEN 0.0 LATA NO RETORNABLE 250.0,184.5967591,11413.10352
2025-05,HEINEKEN HEINEKEN 0.0 LATA NO RETORNABLE 250.0,244.0746181,10906.91699
2025-06,HEINEKEN HEINEKEN 0.0 LATA NO RETORNABLE 250.0,265.5237283,11297.7793
2025-07,HEINEKEN HEINEKEN 0.0 LATA NO RETORNABLE 250.0,187.6113323,12011.53711
2025-08,HEINEKEN HEINEKEN 0.0 LATA NO RETORNABLE 250.0,223.2473647,11020.82617
2024-01,HOFBRAU T. BOTELLA NO RETORNABLE 500.0,7.284399986,30869.81836
2024-02,HOFBRAU T. BOTELLA NO RETORNABLE 500.0,5.280099869,31282.51953
2024-03,HOFBRAU T. BOTELLA NO RETORNABLE 500.0,6.502200127,30339.12109
2024-04,HOFBRAU T. BOTELLA NO RETORNABLE 500.0,4.784800053,30587.52344
2024-05,HOFBRAU T. BOTELLA NO RETORNABLE 500.0,6.379499912,29805.0293
2024-06,HOFBRAU T. BOTELLA NO RETORNABLE 500.0,8.708000183,27852.26563
2024-07,HOFBRAU T. BOTELLA NO RETORNABLE 500.0,7.406400204,28332.39258
2024-08,HOFBRAU T. BOTELLA NO RETORNABLE 500.0,6.546000004,29908.39453
2024-09,HOFBRAU T. BOTELLA NO RETORNABLE 500.0,9.314299583,28336.46289
2024-10,HOFBRAU T. BOTELLA NO RETORNABLE 500.0,9.177900314,29625.89258
2024-11,HOFBRAU T. BOTELLA NO RETORNABLE 500.0,9.302116927,29647.59766
2024-12,HOFBRAU T. BOTELLA NO RETORNABLE 500.0,20.26209629,27540.05469
2025-01,HOFBRAU T. BOTELLA NO RETORNABLE 500.0,13.52546785,29681.08789
2025-02,HOFBRAU T. BOTELLA NO RETORNABLE 500.0,7.626626934,30776.10352
2025-03,HOFBRAU T. BOTELLA NO RETORNABLE 500.0,8.329423991,29691.9043
2025-04,HOFBRAU T. BOTELLA NO RETORNABLE 500.0,5.913931206,31715.7832
2025-05,HOFBRAU T. BOTELLA NO RETORNABLE 500.0,16.14569283,34502.89844
2025-06,HOFBRAU T. BOTELLA NO RETORNABLE 500.0,55.62072148,36182.12109
2025-07,HOFBRAU T. BOTELLA NO RETORNABLE 500.0,11.18255621,34182.78906
2025-08,HOFBRAU T. BOTELLA NO RETORNABLE 500.0,24.9347669,33154.36328
2024-01,HOLLANDIA T. BOTELLA NO RETORNABLE 330.0,2.184700012,19147.2207
2024-02,HOLLANDIA T. BOTELLA NO RETORNABLE 330.0,1.278499961,20574.71289
2024-03,HOLLANDIA T. BOTELLA NO RETORNABLE 330.0,2.861000061,13820.29102
2024-04,HOLLANDIA T. BOTELLA NO RETORNABLE 330.0,1.356899977,15604.34863
2024-05,HOLLANDIA T. BOTELLA NO RETORNABLE 330.0,0.766499996,18979.01172
2024-06,HOLLANDIA T. BOTELLA NO RETORNABLE 330.0,0.85710001,17093.06836
2024-07,HOLLANDIA T. BOTELLA NO RETORNABLE 330.0,0.778999984,16594.51563
2024-08,HOLLANDIA T. BOTELLA NO RETORNABLE 330.0,0.376199991,21011.95117
2024-09,HOLLANDIA T. BOTELLA NO RETORNABLE 330.0,0.444099993,13426.60645
2024-10,HOLLANDIA T. BOTELLA NO RETORNABLE 330.0,0.118799999,21320.20117
2024-11,HOLLANDIA T. BOTELLA NO RETORNABLE 330.0,0.709610989,12930.79785
2024-12,HOLLANDIA T. BOTELLA NO RETORNABLE 330.0,0.062702003,21780.51172
2025-01,HOLLANDIA T. BOTELLA NO RETORNABLE 330.0,0.158397994,22414.67383
2025-02,HOLLANDIA T. BOTELLA NO RETORNABLE 330.0,0.064586002,22414.37695
2025-03,HOLLANDIA T. BOTELLA NO RETORNABLE 330.0,0.064586,22727.37109
2025-04,HOLLANDIA T. BOTELLA NO RETORNABLE 330.0,0.096643001,24749.39648
2025-05,HOLLANDIA T. BOTELLA NO RETORNABLE 330.0,0.056571999,20808.15625
2025-06,HOLLANDIA T. BOTELLA NO RETORNABLE 330.0,0.768890027,18594.09766
2025-07,HOLLANDIA T. BOTELLA NO RETORNABLE 330.0,0.574673959,25552.09961
2025-08,HOLLANDIA T. BOTELLA NO RETORNABLE 330.0,0.911257966,21991.59375
2024-01,HOLLANDIA T. BOTELLA NO RETORNABLE 650.0,25.91460037,10335.86523
2024-02,HOLLANDIA T. BOTELLA NO RETORNABLE 650.0,9.489199638,14701.16016
2024-03,HOLLANDIA T. BOTELLA NO RETORNABLE 650.0,13.34420013,12448.54199
2024-04,HOLLANDIA T. BOTELLA NO RETORNABLE 650.0,8.04640007,12672.80469
2024-05,HOLLANDIA T. BOTELLA NO RETORNABLE 650.0,4.042900085,13006.0127
2024-06,HOLLANDIA T. BOTELLA NO RETORNABLE 650.0,2.461600065,14621.59961
2024-07,HOLLANDIA T. BOTELLA NO RETORNABLE 650.0,3.10800004,15498.05273
2024-08,HOLLANDIA T. BOTELLA NO RETORNABLE 650.0,2.165499926,15802.70898
2024-09,HOLLANDIA T. BOTELLA NO RETORNABLE 650.0,8.060899734,7599.110352
2024-10,HOLLANDIA T. BOTELLA NO RETORNABLE 650.0,1.130100012,9526.90918
2024-11,HOLLANDIA T. BOTELLA NO RETORNABLE 650.0,19.06561525,9700.189453
2024-12,HOLLANDIA T. BOTELLA NO RETORNABLE 650.0,415.3413829,7901.42041
2025-01,HOLLANDIA T. BOTELLA NO RETORNABLE 650.0,46.63283747,9881.023438
2025-02,HOLLANDIA T. BOTELLA NO RETORNABLE 650.0,9.118587183,16700.45117
2025-03,HOLLANDIA T. BOTELLA NO RETORNABLE 650.0,11.1549788,14401.2627
2025-04,HOLLANDIA T. BOTELLA NO RETORNABLE 650.0,19.82961951,11488.44434
2025-05,HOLLANDIA T. BOTELLA NO RETORNABLE 650.0,7.241985677,17799.93164
2025-06,HOLLANDIA T. BOTELLA NO RETORNABLE 650.0,23.08239539,8783.384766
2025-07,HOLLANDIA T. BOTELLA NO RETORNABLE 650.0,7.452774178,13773.22559
2025-08,HOLLANDIA T. BOTELLA NO RETORNABLE 650.0,5.689329008,13976.00488
2024-01,HOLLANDIA T. LATA NO RETORNABLE 330.0,3.523999929,15783.89648
2024-02,HOLLANDIA T. LATA NO RETORNABLE 330.0,2.463700056,16551.5
2024-03,HOLLANDIA T. LATA NO RETORNABLE 330.0,4.639200211,11735.32324
2024-04,HOLLANDIA T. LATA NO RETORNABLE 330.0,3.087100029,13030.05273
2024-05,HOLLANDIA T. LATA NO RETORNABLE 330.0,2.249599934,14729.12305
2024-06,HOLLANDIA T. LATA NO RETORNABLE 330.0,1.988999963,15064.46289
2024-07,HOLLANDIA T. LATA NO RETORNABLE 330.0,2.607000113,14647.50098
2024-08,HOLLANDIA T. LATA NO RETORNABLE 330.0,3.240600109,14984.66797
2024-09,HOLLANDIA T. LATA NO RETORNABLE 330.0,3.762000084,13514.3584
2024-10,HOLLANDIA T. LATA NO RETORNABLE 330.0,2.779999971,14830.24121
2024-11,HOLLANDIA T. LATA NO RETORNABLE 330.0,3.339121851,12372.04102
2024-12,HOLLANDIA T. LATA NO RETORNABLE 330.0,4.497474181,13491.44043
2025-01,HOLLANDIA T. LATA NO RETORNABLE 330.0,3.351661895,14342.02539
2025-02,HOLLANDIA T. LATA NO RETORNABLE 330.0,5.107351549,9377.828125
2025-03,HOLLANDIA T. LATA NO RETORNABLE 330.0,1.424706969,11179.48926
2025-04,HOLLANDIA T. LATA NO RETORNABLE 330.0,5.96307515,7759.536621
2025-05,HOLLANDIA T. LATA NO RETORNABLE 330.0,2.355295133,8209.575195
2025-06,HOLLANDIA T. LATA NO RETORNABLE 330.0,2.155830048,7752.196777
2025-07,HOLLANDIA T. LATA NO RETORNABLE 330.0,0.357349009,12163.62598
2025-08,HOLLANDIA T. LATA NO RETORNABLE 330.0,0.915502965,14916.95605
2024-01,HOLLANDIA T. LATA NO RETORNABLE 500.0,6.700900078,26146.37305
2024-02,HOLLANDIA T. LATA NO RETORNABLE 500.0,6.38049984,24170.68555
2024-03,HOLLANDIA T. LATA NO RETORNABLE 500.0,11.29749966,22368.875
2024-04,HOLLANDIA T. LATA NO RETORNABLE 500.0,5.673099995,23594.05078
2024-05,HOLLANDIA T. LATA NO RETORNABLE 500.0,6.579500198,23615.06641
2024-06,HOLLANDIA T. LATA NO RETORNABLE 500.0,3.24000001,25846.19727
2024-07,HOLLANDIA T. LATA NO RETORNABLE 500.0,1.745700002,26389.73047
2024-08,HOLLANDIA T. LATA NO RETORNABLE 500.0,3.629300117,26414.23633
2024-09,HOLLANDIA T. LATA NO RETORNABLE 500.0,1.062899947,24307.13867
2024-10,HOLLANDIA T. LATA NO RETORNABLE 500.0,0.682099998,27023.60547
2024-11,HOLLANDIA T. LATA NO RETORNABLE 500.0,1.970832076,27584.91992
2024-12,HOLLANDIA T. LATA NO RETORNABLE 500.0,0.437147982,26829.05273
2025-01,HOLLANDIA T. LATA NO RETORNABLE 500.0,0.293563986,26760.29883
2025-02,HOLLANDIA T. LATA NO RETORNABLE 500.0,0.044999998,25639.91602
2025-03,HOLLANDIA T. LATA NO RETORNABLE 500.0,0.146810006,25449.83203
2025-04,HOLLANDIA T. LATA NO RETORNABLE 500.0,0.247688005,27914.10156
2025-05,HOLLANDIA T. LATA NO RETORNABLE 500.0,0.132857993,27574.01367
2025-06,HOLLANDIA T. LATA NO RETORNABLE 500.0,0.180714002,25936.27539
2025-07,HOLLANDIA T. LATA NO RETORNABLE 500.0,0.149286002,25862.19531
2025-08,HOLLANDIA T. LATA NO RETORNABLE 500.0,0.210713011,36194.10156
2024-01,INNIS & GUNN T. BOTELLA NO RETORNABLE 330.0,11.10599995,49003.50781
2024-02,INNIS & GUNN T. BOTELLA NO RETORNABLE 330.0,4.018300056,48114.91797
2024-03,INNIS & GUNN T. BOTELLA NO RETORNABLE 330.0,5.247399807,48140.68359
2024-04,INNIS & GUNN T. BOTELLA NO RETORNABLE 330.0,22.76880074,52476.74219
2024-05,INNIS & GUNN T. BOTELLA NO RETORNABLE 330.0,54.19240189,52722.44922
2024-06,INNIS & GUNN T. BOTELLA NO RETORNABLE 330.0,63.50249863,52166.19141
2024-07,INNIS & GUNN T. BOTELLA NO RETORNABLE 330.0,14.78129959,47825.77344
2024-08,INNIS & GUNN T. BOTELLA NO RETORNABLE 330.0,24.04899979,45587.10547
2024-09,INNIS & GUNN T. BOTELLA NO RETORNABLE 330.0,15.23279953,47684.99219
2024-10,INNIS & GUNN T. BOTELLA NO RETORNABLE 330.0,11.61600018,44107.6875
2024-11,INNIS & GUNN T. BOTELLA NO RETORNABLE 330.0,9.63057468,46105.79688
2024-12,INNIS & GUNN T. BOTELLA NO RETORNABLE 330.0,19.46042801,51642.14063
2025-01,INNIS & GUNN T. BOTELLA NO RETORNABLE 330.0,27.03515128,52572.6875
2025-02,INNIS & GUNN T. BOTELLA NO RETORNABLE 330.0,17.80723243,51809.48828
2025-03,INNIS & GUNN T. BOTELLA NO RETORNABLE 330.0,31.3582078,51672.63672
2025-04,INNIS & GUNN T. BOTELLA NO RETORNABLE 330.0,14.64115631,52410.28125
2025-05,INNIS & GUNN T. BOTELLA NO RETORNABLE 330.0,16.32072026,51009.3125
2025-06,INNIS & GUNN T. BOTELLA NO RETORNABLE 330.0,33.46813601,50044.53906
2025-07,INNIS & GUNN T. BOTELLA NO RETORNABLE 330.0,15.72077172,52634.28125
2025-08,INNIS & GUNN T. BOTELLA NO RETORNABLE 330.0,35.31343895,52163.82813
2024-01,KARLSBRAU T. LATA NO RETORNABLE 500.0,0.110699996,6546.068359
2024-04,KARLSBRAU T. LATA NO RETORNABLE 500.0,0.1391,14117.16211
2024-05,KARLSBRAU T. LATA NO RETORNABLE 500.0,0.124399997,14117.10938
2024-09,KARLSBRAU T. LATA NO RETORNABLE 500.0,0.904999971,8333.259766
2024-10,KARLSBRAU T. LATA NO RETORNABLE 500.0,3.730099916,15275.53516
2024-11,KARLSBRAU T. LATA NO RETORNABLE 500.0,19.44142038,16935.01367
2024-12,KARLSBRAU T. LATA NO RETORNABLE 500.0,32.19046938,17144.58008
2025-01,KARLSBRAU T. LATA NO RETORNABLE 500.0,30.07433643,17060.12305
2025-02,KARLSBRAU T. LATA NO RETORNABLE 500.0,22.67285559,16309.77441
2025-03,KARLSBRAU T. LATA NO RETORNABLE 500.0,53.09584901,12953.89551
2025-04,KARLSBRAU T. LATA NO RETORNABLE 500.0,133.5870717,7248.340332
2025-05,KARLSBRAU T. LATA NO RETORNABLE 500.0,17.05939151,15070.93262
2025-06,KARLSBRAU T. LATA NO RETORNABLE 500.0,33.63853647,11417.9248
2025-07,KARLSBRAU T. LATA NO RETORNABLE 500.0,44.79151117,6980.9375
2025-08,KARLSBRAU T. LATA NO RETORNABLE 500.0,4.906328821,9326.854492
2025-05,KOSTRITZER T. LATA NO RETORNABLE 500.0,5.042747064,23891.13086
2025-06,KOSTRITZER T. LATA NO RETORNABLE 500.0,3.5227369,23999.55273
2025-07,KOSTRITZER T. LATA NO RETORNABLE 500.0,3.452118009,24476.41992
2024-01,KUNSTMANN T. BOTELLA NO RETORNABLE 330.0,0.684499979,26128.05273
2024-02,KUNSTMANN T. BOTELLA NO RETORNABLE 330.0,0.666599989,26750.31836
2024-03,KUNSTMANN T. BOTELLA NO RETORNABLE 330.0,0.158899993,23029.77539
2024-04,KUNSTMANN T. BOTELLA NO RETORNABLE 330.0,0.062700003,25896.04883
2024-05,KUNSTMANN T. BOTELLA NO RETORNABLE 330.0,0.116400003,27243.3125
2024-06,KUNSTMANN T. BOTELLA NO RETORNABLE 330.0,0.021199999,26425.73438
2025-07,KUNSTMANN T. BOTELLA NO RETORNABLE 330.0,0.024044001,25444.69336
2025-08,KUNSTMANN T. BOTELLA NO RETORNABLE 330.0,0.101355995,25444.0918
2024-01,LANDVIK T. LATA NO RETORNABLE 330.0,117.0131989,6083.891113
2024-02,LANDVIK T. LATA NO RETORNABLE 330.0,34.21419907,6083.933105
2024-03,LANDVIK T. LATA NO RETORNABLE 330.0,20.72470093,6083.911621
2024-04,LANDVIK T. LATA NO RETORNABLE 330.0,10.38220024,6083.75293
2024-05,LANDVIK T. LATA NO RETORNABLE 330.0,43.88759995,6083.916992
2024-06,LANDVIK T. LATA NO RETORNABLE 330.0,28.34429932,6083.891113
2024-07,LANDVIK T. LATA NO RETORNABLE 330.0,16.42230034,6083.773438
2024-08,LANDVIK T. LATA NO RETORNABLE 330.0,2.345900059,6084.008789
2024-09,LANDVIK T. LATA NO RETORNABLE 330.0,11.80539989,6083.961426
2024-10,LANDVIK T. LATA NO RETORNABLE 330.0,7.037799835,6084.008789
2024-11,LANDVIK T. LATA NO RETORNABLE 330.0,6.357133728,6083.891602
2024-12,LANDVIK T. LATA NO RETORNABLE 330.0,19.70699049,6083.832031
2025-01,LANDVIK T. LATA NO RETORNABLE 330.0,8.420606292,6083.773926
2025-02,LANDVIK T. LATA NO RETORNABLE 330.0,5.994702198,6083.890625
2025-03,LANDVIK T. LATA NO RETORNABLE 330.0,6.37157297,6083.734375
2025-05,LANDVIK T. LATA NO RETORNABLE 330.0,9.30150011,5995.296387
2025-06,LANDVIK T. LATA NO RETORNABLE 330.0,3.085860109,5995.912598
2025-07,LANDVIK T. LATA NO RETORNABLE 330.0,1.329094032,5993.905762
2024-01,LIEFMANS T. BOTELLA NO RETORNABLE 250.0,22.19589996,51801.75
2024-02,LIEFMANS T. BOTELLA NO RETORNABLE 250.0,14.61859989,58290.65625
2024-03,LIEFMANS T. BOTELLA NO RETORNABLE 250.0,16.66990089,55774.83203
2024-04,LIEFMANS T. BOTELLA NO RETORNABLE 250.0,27.91480064,68722.96094
2024-05,LIEFMANS T. BOTELLA NO RETORNABLE 250.0,17.65239906,54190.41016
2024-06,LIEFMANS T. BOTELLA NO RETORNABLE 250.0,23.50300026,56063.24219
2024-07,LIEFMANS T. BOTELLA NO RETORNABLE 250.0,25.93400002,60410.73828
2024-08,LIEFMANS T. BOTELLA NO RETORNABLE 250.0,21.53359985,62436.50391
2024-09,LIEFMANS T. BOTELLA NO RETORNABLE 250.0,22.11860085,61168.64453
2024-10,LIEFMANS T. BOTELLA NO RETORNABLE 250.0,21.09519958,55561.88672
2024-11,LIEFMANS T. BOTELLA NO RETORNABLE 250.0,17.05725557,55374.37109
2024-12,LIEFMANS T. BOTELLA NO RETORNABLE 250.0,39.1728731,58362.90625
2025-01,LIEFMANS T. BOTELLA NO RETORNABLE 250.0,26.2338673,56504.03516
2025-02,LIEFMANS T. BOTELLA NO RETORNABLE 250.0,22.74118033,65844.125
2025-03,LIEFMANS T. BOTELLA NO RETORNABLE 250.0,29.05171049,51052.07422
2025-04,LIEFMANS T. BOTELLA NO RETORNABLE 250.0,25.74835281,57552.66797
2025-05,LIEFMANS T. BOTELLA NO RETORNABLE 250.0,30.64034381,57378.59375
2025-06,LIEFMANS T. BOTELLA NO RETORNABLE 250.0,32.49990353,54225.97266
2025-07,LIEFMANS T. BOTELLA NO RETORNABLE 250.0,18.82070974,56018.45703
2025-08,LIEFMANS T. BOTELLA NO RETORNABLE 250.0,25.65846072,54092.04297
2024-01,LIEFMANS T. BOTELLA NO RETORNABLE 330.0,0.044799998,48604.04297
2024-02,LIEFMANS T. BOTELLA NO RETORNABLE 330.0,0.024,46749.80078
2024-03,LIEFMANS T. BOTELLA NO RETORNABLE 330.0,0.0118,48742.51172
2024-05,LIEFMANS T. BOTELLA NO RETORNABLE 330.0,0.0085,49962.875
2024-06,LIEFMANS T. BOTELLA NO RETORNABLE 330.0,0.008,48423.39063
2024-07,LIEFMANS T. BOTELLA NO RETORNABLE 330.0,0.0066,50589.39453
2024-09,LIEFMANS T. BOTELLA NO RETORNABLE 330.0,0.0033,38303.03125
2024-10,LIEFMANS T. BOTELLA NO RETORNABLE 330.0,0.0033,38303.03125
2024-11,LIEFMANS T. BOTELLA NO RETORNABLE 330.0,0.008014,53305.55859
2024-12,LIEFMANS T. BOTELLA NO RETORNABLE 330.0,0.019328999,43143.57422
2025-01,LIEFMANS T. BOTELLA NO RETORNABLE 330.0,0.012257,49127.60938
2025-02,LIEFMANS T. BOTELLA NO RETORNABLE 330.0,0.0066,47875.75781
2024-01,LINO BREWING T. BOTELLA NO RETORNABLE 330.0,0.789699972,36375.27344
2024-02,LINO BREWING T. BOTELLA NO RETORNABLE 330.0,2.835200071,34761.40625
2024-03,LINO BREWING T. BOTELLA NO RETORNABLE 330.0,5.341599941,34578.55469
2024-04,LINO BREWING T. BOTELLA NO RETORNABLE 330.0,0.506299973,40122.46484
2024-05,LINO BREWING T. BOTELLA NO RETORNABLE 330.0,0.485599995,39003.61328
2024-06,LINO BREWING T. BOTELLA NO RETORNABLE 330.0,0.571799994,38762.19531
2024-07,LINO BREWING T. BOTELLA NO RETORNABLE 330.0,0.488900006,40625.05859
2024-08,LINO BREWING T. BOTELLA NO RETORNABLE 330.0,0.303600013,40328.35547
2024-09,LINO BREWING T. BOTELLA NO RETORNABLE 330.0,0.378100008,38709.46094
2024-10,LINO BREWING T. BOTELLA NO RETORNABLE 330.0,0.452100009,39659.84766
2024-11,LINO BREWING T. BOTELLA NO RETORNABLE 330.0,0.503485019,39704.43359
2024-12,LINO BREWING T. BOTELLA NO RETORNABLE 330.0,0.822177005,35765.875
2025-01,LINO BREWING T. BOTELLA NO RETORNABLE 330.0,0.654331989,37582.1875
2025-02,LINO BREWING T. BOTELLA NO RETORNABLE 330.0,0.454927991,38484.35156
2025-03,LINO BREWING T. BOTELLA NO RETORNABLE 330.0,0.406374988,38744.28906
2025-04,LINO BREWING T. BOTELLA NO RETORNABLE 330.0,0.623698005,37986.30078
2025-05,LINO BREWING T. BOTELLA NO RETORNABLE 330.0,0.878275982,37810.83984
2025-06,LINO BREWING T. BOTELLA NO RETORNABLE 330.0,0.775025979,38912.51172
2025-07,LINO BREWING T. BOTELLA NO RETORNABLE 330.0,0.492173997,39294.15234
2025-08,LINO BREWING T. BOTELLA NO RETORNABLE 330.0,0.357335998,40415.11719
2024-10,LLAVE CTE LATA NO RETORNABLE 330.0,2.290800095,4254.544922
2024-11,LLAVE CTE LATA NO RETORNABLE 330.0,695.4072406,4787.745605
2024-12,LLAVE CTE LATA NO RETORNABLE 330.0,1698.795455,4745.856445
2025-01,LLAVE CTE LATA NO RETORNABLE 330.0,2103.745066,5007.248535
2025-02,LLAVE CTE LATA NO RETORNABLE 330.0,1189.742367,5006.984375
2025-03,LLAVE CTE LATA NO RETORNABLE 330.0,1310.17302,4945.846191
2025-04,LLAVE CTE LATA NO RETORNABLE 330.0,1304.530814,5392.217773
2025-05,LLAVE CTE LATA NO RETORNABLE 330.0,1220.998812,4809.744629
2025-06,LLAVE CTE LATA NO RETORNABLE 330.0,1242.093966,4899.290527
2025-07,LLAVE CTE LATA NO RETORNABLE 330.0,1267.46226,4879.019531
2025-08,LLAVE CTE LATA NO RETORNABLE 330.0,1289.265825,4953.023926
2024-01,MAREDSOUS T. BOTELLA NO RETORNABLE 330.0,3.763999939,49499.39844
2024-02,MAREDSOUS T. BOTELLA NO RETORNABLE 330.0,8.394000053,60486.10938
2024-03,MAREDSOUS T. BOTELLA NO RETORNABLE 330.0,11.9684,61984.88281
2024-04,MAREDSOUS T. BOTELLA NO RETORNABLE 330.0,10.5994997,61098.3125
2024-05,MAREDSOUS T. BOTELLA NO RETORNABLE 330.0,17.03800011,61533.05469
2024-06,MAREDSOUS T. BOTELLA NO RETORNABLE 330.0,13.08950043,60603.53906
2024-07,MAREDSOUS T. BOTELLA NO RETORNABLE 330.0,7.683599949,59128.0625
2024-08,MAREDSOUS T. BOTELLA NO RETORNABLE 330.0,13.80370045,61621.58203
2024-09,MAREDSOUS T. BOTELLA NO RETORNABLE 330.0,13.91989994,61125.71094
2024-10,MAREDSOUS T. BOTELLA NO RETORNABLE 330.0,9.589799881,58968.05469
2024-11,MAREDSOUS T. BOTELLA NO RETORNABLE 330.0,11.83554236,61361.73047
2024-12,MAREDSOUS T. BOTELLA NO RETORNABLE 330.0,15.54081318,57127.91406
2025-01,MAREDSOUS T. BOTELLA NO RETORNABLE 330.0,14.63725118,55081.21094
2025-02,MAREDSOUS T. BOTELLA NO RETORNABLE 330.0,11.81618949,60339.75
2025-03,MAREDSOUS T. BOTELLA NO RETORNABLE 330.0,12.7680277,60461.07813
2025-04,MAREDSOUS T. BOTELLA NO RETORNABLE 330.0,10.85641069,61999.70313
2025-05,MAREDSOUS T. BOTELLA NO RETORNABLE 330.0,14.24785585,62415.66797
2025-06,MAREDSOUS T. BOTELLA NO RETORNABLE 330.0,16.23489207,61505.30078
2025-07,MAREDSOUS T. BOTELLA NO RETORNABLE 330.0,5.580572651,61867.9375
2025-08,MAREDSOUS T. BOTELLA NO RETORNABLE 330.0,23.08367327,60950.32031
2024-05,MILLER GENUINE DRAFT BOTELLA NO RETORNABLE 355.0,0.109499998,11220.69629
2024-06,MILLER GENUINE DRAFT BOTELLA NO RETORNABLE 355.0,8.617199898,10223.95117
2024-07,MILLER GENUINE DRAFT BOTELLA NO RETORNABLE 355.0,8.170100212,11195.58301
2024-08,MILLER GENUINE DRAFT BOTELLA NO RETORNABLE 355.0,3.760999918,11148.03125
2024-09,MILLER GENUINE DRAFT BOTELLA NO RETORNABLE 355.0,3.684900045,11220.92969
2024-10,MILLER GENUINE DRAFT BOTELLA NO RETORNABLE 355.0,3.204099894,11153.52637
2024-11,MILLER GENUINE DRAFT BOTELLA NO RETORNABLE 355.0,2.890707872,11220.6582
2024-12,MILLER GENUINE DRAFT BOTELLA NO RETORNABLE 355.0,3.535879053,11220.7373
2025-01,MILLER GENUINE DRAFT BOTELLA NO RETORNABLE 355.0,6.922387063,11221.0498
2025-02,MILLER GENUINE DRAFT BOTELLA NO RETORNABLE 355.0,2.729449953,11220.6582
2025-03,MILLER GENUINE DRAFT BOTELLA NO RETORNABLE 355.0,3.742729843,11220.65625
2025-04,MILLER GENUINE DRAFT BOTELLA NO RETORNABLE 355.0,3.131093825,11220.65625
2025-05,MILLER GENUINE DRAFT BOTELLA NO RETORNABLE 355.0,3.862419016,11200.03418
2025-06,MILLER GENUINE DRAFT BOTELLA NO RETORNABLE 355.0,3.96178675,11220.6582
2025-07,MILLER GENUINE DRAFT BOTELLA NO RETORNABLE 355.0,1.707549951,11215.71875
2024-01,MILLER LITE BOTELLA NO RETORNABLE 250.0,1073.299438,5960.13916
2024-02,MILLER LITE BOTELLA NO RETORNABLE 250.0,1308.88501,5244.112793
2024-03,MILLER LITE BOTELLA NO RETORNABLE 250.0,517.5375977,5897.415039
2024-04,MILLER LITE BOTELLA NO RETORNABLE 250.0,425.48349,6274.5625
2024-05,MILLER LITE BOTELLA NO RETORNABLE 250.0,522.5200806,7201.332031
2024-06,MILLER LITE BOTELLA NO RETORNABLE 250.0,764.0599976,7218.868164
2024-07,MILLER LITE BOTELLA NO RETORNABLE 250.0,576.0377808,6105.11084
2024-08,MILLER LITE BOTELLA NO RETORNABLE 250.0,106.6131973,6374.245117
2024-09,MILLER LITE BOTELLA NO RETORNABLE 250.0,689.2468262,4726.706543
2024-10,MILLER LITE BOTELLA NO RETORNABLE 250.0,317.9273071,8477.285156
2024-11,MILLER LITE BOTELLA NO RETORNABLE 250.0,470.5440612,7455.879883
2024-12,MILLER LITE BOTELLA NO RETORNABLE 250.0,1330.899195,5590.42334
2025-01,MILLER LITE BOTELLA NO RETORNABLE 250.0,459.0119617,7458.822266
2025-02,MILLER LITE BOTELLA NO RETORNABLE 250.0,331.6052722,7861.671387
2025-03,MILLER LITE BOTELLA NO RETORNABLE 250.0,424.9339385,7823.602539
2025-04,MILLER LITE BOTELLA NO RETORNABLE 250.0,684.607222,6362.357422
2025-05,MILLER LITE BOTELLA NO RETORNABLE 250.0,446.2443304,8674.009766
2025-06,MILLER LITE BOTELLA NO RETORNABLE 250.0,1199.220063,6327.330566
2025-07,MILLER LITE BOTELLA NO RETORNABLE 250.0,987.2805595,6695.871094
2025-08,MILLER LITE BOTELLA NO RETORNABLE 250.0,1347.834916,6347.886719
2024-01,MILLER LITE BOTELLA NO RETORNABLE 300.0,16139.05859,9411.070313
2024-02,MILLER LITE BOTELLA NO RETORNABLE 300.0,16285.19043,9422.201172
2024-03,MILLER LITE BOTELLA NO RETORNABLE 300.0,12111.92969,9511.261719
2024-04,MILLER LITE BOTELLA NO RETORNABLE 300.0,11078.00879,9610.742188
2024-05,MILLER LITE BOTELLA NO RETORNABLE 300.0,9597.916992,9576.640625
2024-06,MILLER LITE BOTELLA NO RETORNABLE 300.0,9320.154297,9597.582031
2024-07,MILLER LITE BOTELLA NO RETORNABLE 300.0,9765.951172,9854.030273
2024-08,MILLER LITE BOTELLA NO RETORNABLE 300.0,9872.888672,9688.988281
2024-09,MILLER LITE BOTELLA NO RETORNABLE 300.0,9741.725586,9461.410156
2024-10,MILLER LITE BOTELLA NO RETORNABLE 300.0,9698.883789,9851.993164
2024-11,MILLER LITE BOTELLA NO RETORNABLE 300.0,9976.343469,9898.526367
2024-12,MILLER LITE BOTELLA NO RETORNABLE 300.0,12740.45562,9560.62793
2025-01,MILLER LITE BOTELLA NO RETORNABLE 300.0,14245.6618,9206.496094
2025-02,MILLER LITE BOTELLA NO RETORNABLE 300.0,8338.026404,9640.196289
2025-03,MILLER LITE BOTELLA NO RETORNABLE 300.0,7079.922,9696.155273
2025-04,MILLER LITE BOTELLA NO RETORNABLE 300.0,6050.022964,9329.708984
2025-05,MILLER LITE BOTELLA NO RETORNABLE 300.0,4649.472969,9605.882813
2025-06,MILLER LITE BOTELLA NO RETORNABLE 300.0,5489.873726,9542.40918
2025-07,MILLER LITE BOTELLA NO RETORNABLE 300.0,5425.561537,9811.242188
2025-08,MILLER LITE BOTELLA NO RETORNABLE 300.0,5521.633291,9867.918945
2024-01,MILLER LITE BOTELLA RETORNABLE 330.0,3.2026999,14454.33887
2024-02,MILLER LITE BOTELLA RETORNABLE 330.0,7.158299923,12392.72168
2024-03,MILLER LITE BOTELLA RETORNABLE 330.0,6.858399868,10639.12988
2024-04,MILLER LITE BOTELLA RETORNABLE 330.0,7.929800034,14266.75684
2024-05,MILLER LITE BOTELLA RETORNABLE 330.0,9.838199615,10969.32129
2024-06,MILLER LITE BOTELLA RETORNABLE 330.0,6.250999928,11911.67188
2024-07,MILLER LITE BOTELLA RETORNABLE 330.0,3.446700096,7715.576172
2024-08,MILLER LITE BOTELLA RETORNABLE 330.0,2.247400045,7272.981934
2024-09,MILLER LITE BOTELLA RETORNABLE 330.0,2.509900093,7878.788086
2024-10,MILLER LITE BOTELLA RETORNABLE 330.0,2.385900021,7740.463379
2024-11,MILLER LITE BOTELLA RETORNABLE 330.0,1.326677949,7878.787109
2024-12,MILLER LITE BOTELLA RETORNABLE 330.0,0.741024007,7878.773926
2025-01,MILLER LITE BOTELLA RETORNABLE 330.0,27.88866454,6890.483398
2025-02,MILLER LITE BOTELLA RETORNABLE 330.0,1829.397631,7316.373047
2025-03,MILLER LITE BOTELLA RETORNABLE 330.0,3549.887317,7582.789063
2025-04,MILLER LITE BOTELLA RETORNABLE 330.0,3356.964441,7699.246094
2025-05,MILLER LITE BOTELLA RETORNABLE 330.0,4067.586434,7695.901367
2025-06,MILLER LITE BOTELLA RETORNABLE 330.0,4105.291745,7577.108887
2025-07,MILLER LITE BOTELLA RETORNABLE 330.0,4524.851102,7633.755371
2025-08,MILLER LITE BOTELLA RETORNABLE 330.0,4072.761622,7663.319824
2024-01,MILLER LITE LATA NO RETORNABLE 269.0,306.1630859,9952.037109
2024-02,MILLER LITE LATA NO RETORNABLE 269.0,544.0239258,9401.816406
2024-03,MILLER LITE LATA NO RETORNABLE 269.0,833.6461792,10074.88965
2024-04,MILLER LITE LATA NO RETORNABLE 269.0,1151.71106,9869.310547
2024-05,MILLER LITE LATA NO RETORNABLE 269.0,2010.693237,10040.83398
2024-06,MILLER LITE LATA NO RETORNABLE 269.0,1476.483887,10073.14355
2024-07,MILLER LITE LATA NO RETORNABLE 269.0,716.7705078,10591.02344
2024-08,MILLER LITE LATA NO RETORNABLE 269.0,227.7378998,9543.944336
2024-09,MILLER LITE LATA NO RETORNABLE 269.0,204.2727966,10183.65234
2024-10,MILLER LITE LATA NO RETORNABLE 269.0,47.56290054,10605.02344
2024-11,MILLER LITE LATA NO RETORNABLE 269.0,37.64366941,9639.521484
2024-12,MILLER LITE LATA NO RETORNABLE 269.0,44.81529765,8378.165039
2025-01,MILLER LITE LATA NO RETORNABLE 269.0,20.14545518,10977.90137
2025-02,MILLER LITE LATA NO RETORNABLE 269.0,46.33396273,9933.288086
2025-03,MILLER LITE LATA NO RETORNABLE 269.0,23.79749398,10423.24121
2025-04,MILLER LITE LATA NO RETORNABLE 269.0,16.53239588,10282.81934
2025-05,MILLER LITE LATA NO RETORNABLE 269.0,21.08251981,9225.223633
2025-06,MILLER LITE LATA NO RETORNABLE 269.0,5.511852857,9837.391602
2025-07,MILLER LITE LATA NO RETORNABLE 269.0,122.1331304,9604.62207
2025-08,MILLER LITE LATA NO RETORNABLE 269.0,544.8412942,10129.31152
2024-06,MILLER LITE LATA NO RETORNABLE 310.0,207.2563019,9738.96582
2024-07,MILLER LITE LATA NO RETORNABLE 310.0,934.0856934,8944.583984
2024-08,MILLER LITE LATA NO RETORNABLE 310.0,2852.618164,9341.939453
2024-09,MILLER LITE LATA NO RETORNABLE 310.0,1999.87146,9287.789063
2024-10,MILLER LITE LATA NO RETORNABLE 310.0,1426.211304,8114.605957
2024-11,MILLER LITE LATA NO RETORNABLE 310.0,1644.850868,9244.672852
2024-12,MILLER LITE LATA NO RETORNABLE 310.0,2559.023269,8534.573242
2025-01,MILLER LITE LATA NO RETORNABLE 310.0,2878.314816,8872.769531
2025-02,MILLER LITE LATA NO RETORNABLE 310.0,1657.592332,9270.902344
2025-03,MILLER LITE LATA NO RETORNABLE 310.0,1855.126076,9329.254883
2025-04,MILLER LITE LATA NO RETORNABLE 310.0,1631.240883,8976.660156
2025-05,MILLER LITE LATA NO RETORNABLE 310.0,1784.945165,9387.375977
2025-06,MILLER LITE LATA NO RETORNABLE 310.0,1759.552114,9216.512695
2025-07,MILLER LITE LATA NO RETORNABLE 310.0,1365.537015,9206.788086
2025-08,MILLER LITE LATA NO RETORNABLE 310.0,1312.112978,9391.106445
2024-01,MILLER LITE LATA NO RETORNABLE 330.0,1294.224976,7981.55957
2024-02,MILLER LITE LATA NO RETORNABLE 330.0,1049.516235,8599.300781
2024-03,MILLER LITE LATA NO RETORNABLE 330.0,967.5388794,7648.647461
2024-04,MILLER LITE LATA NO RETORNABLE 330.0,1165.640259,8298.394531
2024-05,MILLER LITE LATA NO RETORNABLE 330.0,1444.833374,8479.374023
2024-06,MILLER LITE LATA NO RETORNABLE 330.0,435.4222107,7914.564453
2024-07,MILLER LITE LATA NO RETORNABLE 330.0,269.0911865,9181.214844
2024-08,MILLER LITE LATA NO RETORNABLE 330.0,97.5141983,8964.894531
2024-09,MILLER LITE LATA NO RETORNABLE 330.0,54.74430084,9208.930664
2024-10,MILLER LITE LATA NO RETORNABLE 330.0,36.25880051,10093.08691
2024-11,MILLER LITE LATA NO RETORNABLE 330.0,31.69066048,9515.046875
2024-12,MILLER LITE LATA NO RETORNABLE 330.0,40.91085292,9339.314453
2025-01,MILLER LITE LATA NO RETORNABLE 330.0,156.2513792,8878.303711
2025-02,MILLER LITE LATA NO RETORNABLE 330.0,6.804247749,9211.9375
2025-03,MILLER LITE LATA NO RETORNABLE 330.0,13.1967621,9161.491211
2025-04,MILLER LITE LATA NO RETORNABLE 330.0,32.35097904,8793.313477
2025-05,MILLER LITE LATA NO RETORNABLE 330.0,4.243398117,10747.51855
2025-06,MILLER LITE LATA NO RETORNABLE 330.0,1.857245971,9643.783203
2025-07,MILLER LITE LATA NO RETORNABLE 330.0,12.84308517,9285.040039
2025-08,MILLER LITE LATA NO RETORNABLE 330.0,5.175575903,9673.707031
2024-01,MONARCA T. BOTELLA NO RETORNABLE 330.0,10.62559986,8382.511719
2024-02,MONARCA T. BOTELLA NO RETORNABLE 330.0,16.71010017,8541.645508
2024-03,MONARCA T. BOTELLA NO RETORNABLE 330.0,38.95080185,5682.225098
2024-04,MONARCA T. BOTELLA NO RETORNABLE 330.0,13.12049961,6220.379395
2024-05,MONARCA T. BOTELLA NO RETORNABLE 330.0,1.608999968,6278.135742
2024-06,MONARCA T. BOTELLA NO RETORNABLE 330.0,0.146699995,9174.182617
2024-07,MONARCA T. BOTELLA NO RETORNABLE 330.0,0.046300001,10106.10449
2024-08,MONARCA T. BOTELLA NO RETORNABLE 330.0,0.0071,10572.08398
2024-10,MONARCA T. BOTELLA NO RETORNABLE 330.0,0.0034,8315.507813
2024-12,MONARCA T. BOTELLA NO RETORNABLE 330.0,0.000481,10157.48633
2025-01,MONARCA T. BOTELLA NO RETORNABLE 330.0,0.002885,10157.45215
2024-01,MONARCA T. LATA NO RETORNABLE 330.0,49.17520142,6524.42041
2024-02,MONARCA T. LATA NO RETORNABLE 330.0,130.9264069,4178.707031
2024-03,MONARCA T. LATA NO RETORNABLE 330.0,9.128600121,7104.222656
2024-04,MONARCA T. LATA NO RETORNABLE 330.0,11.60680008,7190.114258
2024-05,MONARCA T. LATA NO RETORNABLE 330.0,9.934499741,7169.265137
2024-06,MONARCA T. LATA NO RETORNABLE 330.0,10.75669956,7207.489258
2024-07,MONARCA T. LATA NO RETORNABLE 330.0,50.60309982,3888.222412
2024-08,MONARCA T. LATA NO RETORNABLE 330.0,0.197300002,6456.942871
2025-02,MONARCA T. LATA NO RETORNABLE 330.0,0.237285999,7575.748535
2024-01,OTRAS MARCAS CTE BOTELLA NO RETORNABLE 330.0,0.875,48350.76563
2024-02,OTRAS MARCAS CTE BOTELLA NO RETORNABLE 330.0,0.751900017,44289.14453
2024-03,OTRAS MARCAS CTE BOTELLA NO RETORNABLE 330.0,0.758000016,41633.89063
2024-04,OTRAS MARCAS CTE BOTELLA NO RETORNABLE 330.0,0.500699997,46935.84375
2024-05,OTRAS MARCAS CTE BOTELLA NO RETORNABLE 330.0,0.526600003,48044.18359
2024-06,OTRAS MARCAS CTE BOTELLA NO RETORNABLE 330.0,0.480399996,46772.51172
2024-07,OTRAS MARCAS CTE BOTELLA NO RETORNABLE 330.0,0.521899998,47353.75
2024-08,OTRAS MARCAS CTE BOTELLA NO RETORNABLE 330.0,0.378600001,47946.67188
2024-09,OTRAS MARCAS CTE BOTELLA NO RETORNABLE 330.0,0.470999986,40327.62109
2024-10,OTRAS MARCAS CTE BOTELLA NO RETORNABLE 330.0,0.630299985,42444.05859
2024-11,OTRAS MARCAS CTE BOTELLA NO RETORNABLE 330.0,0.323396999,46676.125
2024-12,OTRAS MARCAS CTE BOTELLA NO RETORNABLE 330.0,0.537439006,47429.80078
2025-01,OTRAS MARCAS CTE BOTELLA NO RETORNABLE 330.0,0.787271981,49327.88281
2025-02,OTRAS MARCAS CTE BOTELLA NO RETORNABLE 330.0,0.298416001,52216.98047
2025-03,OTRAS MARCAS CTE BOTELLA NO RETORNABLE 330.0,0.396473018,52565.30469
2025-04,OTRAS MARCAS CTE BOTELLA NO RETORNABLE 330.0,0.396941985,53691.6875
2025-05,OTRAS MARCAS CTE BOTELLA NO RETORNABLE 330.0,0.379501989,54062.22656
2025-06,OTRAS MARCAS CTE BOTELLA NO RETORNABLE 330.0,0.444556014,52763.57031
2025-07,OTRAS MARCAS CTE BOTELLA NO RETORNABLE 330.0,0.519043979,46555.08203
2025-08,OTRAS MARCAS CTE BOTELLA NO RETORNABLE 330.0,0.189039995,54419.75391
2024-01,OTRAS MARCAS CTE LATA NO RETORNABLE 330.0,5.138199806,19303.67383
2024-02,OTRAS MARCAS CTE LATA NO RETORNABLE 330.0,7.297800064,16235.18359
2024-03,OTRAS MARCAS CTE LATA NO RETORNABLE 330.0,7.517199993,16500.92188
2024-04,OTRAS MARCAS CTE LATA NO RETORNABLE 330.0,5.128600121,17930.8457
2024-05,OTRAS MARCAS CTE LATA NO RETORNABLE 330.0,4.549900055,17607.33203
2024-06,OTRAS MARCAS CTE LATA NO RETORNABLE 330.0,4.8052001,17772.70703
2024-07,OTRAS MARCAS CTE LATA NO RETORNABLE 330.0,4.451200008,18122.19531
2024-08,OTRAS MARCAS CTE LATA NO RETORNABLE 330.0,3.704200029,18057.08594
2024-09,OTRAS MARCAS CTE LATA NO RETORNABLE 330.0,3.963700056,14819.53223
2024-10,OTRAS MARCAS CTE LATA NO RETORNABLE 330.0,4.445099831,16588.79492
2024-11,OTRAS MARCAS CTE LATA NO RETORNABLE 330.0,3.261460957,17457.46484
2024-12,OTRAS MARCAS CTE LATA NO RETORNABLE 330.0,4.300690937,18090.46875
2025-01,OTRAS MARCAS CTE LATA NO RETORNABLE 330.0,2.960778881,18280.62891
2025-02,OTRAS MARCAS CTE LATA NO RETORNABLE 330.0,2.191366066,19942.22266
2025-03,OTRAS MARCAS CTE LATA NO RETORNABLE 330.0,2.566246144,19886.66797
2025-04,OTRAS MARCAS CTE LATA NO RETORNABLE 330.0,2.433637916,19946.6875
2025-05,OTRAS MARCAS CTE LATA NO RETORNABLE 330.0,2.359968977,19690.5957
2025-06,OTRAS MARCAS CTE LATA NO RETORNABLE 330.0,2.456758037,19756.45313
2025-07,OTRAS MARCAS CTE LATA NO RETORNABLE 330.0,2.620459876,19110.0293
2025-08,OTRAS MARCAS CTE LATA NO RETORNABLE 330.0,2.680356852,19866.42188
2024-01,OTRAS MARCAS ESPECIAL BOTELLA NO RETORNABLE 330.0,22.82060051,39047.14063
2024-02,OTRAS MARCAS ESPECIAL BOTELLA NO RETORNABLE 330.0,19.7371006,39984.61719
2024-03,OTRAS MARCAS ESPECIAL BOTELLA NO RETORNABLE 330.0,81.68190002,55713.28906
2024-04,OTRAS MARCAS ESPECIAL BOTELLA NO RETORNABLE 330.0,104.3072968,52557.16016
2024-05,OTRAS MARCAS ESPECIAL BOTELLA NO RETORNABLE 330.0,96.97899628,55581.86328
2024-06,OTRAS MARCAS ESPECIAL BOTELLA NO RETORNABLE 330.0,80.47989655,55337.90234
2024-07,OTRAS MARCAS ESPECIAL BOTELLA NO RETORNABLE 330.0,69.79219818,53930.66406
2024-08,OTRAS MARCAS ESPECIAL BOTELLA NO RETORNABLE 330.0,79.85410309,54575.78516
2024-09,OTRAS MARCAS ESPECIAL BOTELLA NO RETORNABLE 330.0,74.01450348,43761.98047
2024-10,OTRAS MARCAS ESPECIAL BOTELLA NO RETORNABLE 330.0,42.59329987,42248.13281
2024-11,OTRAS MARCAS ESPECIAL BOTELLA NO RETORNABLE 330.0,53.95765003,36089.69922
2024-12,OTRAS MARCAS ESPECIAL BOTELLA NO RETORNABLE 330.0,60.44369447,42885.96094
2025-01,OTRAS MARCAS ESPECIAL BOTELLA NO RETORNABLE 330.0,50.7905048,34321.08594
2025-02,OTRAS MARCAS ESPECIAL BOTELLA NO RETORNABLE 330.0,54.49658126,40101.38672
2025-03,OTRAS MARCAS ESPECIAL BOTELLA NO RETORNABLE 330.0,44.28786122,34789.67188
2025-04,OTRAS MARCAS ESPECIAL BOTELLA NO RETORNABLE 330.0,36.37112922,36252.91016
2025-05,OTRAS MARCAS ESPECIAL BOTELLA NO RETORNABLE 330.0,38.51084932,38374.70703
2025-06,OTRAS MARCAS ESPECIAL BOTELLA NO RETORNABLE 330.0,44.90690895,27970.34375
2025-07,OTRAS MARCAS ESPECIAL BOTELLA NO RETORNABLE 330.0,40.39490989,24115.94141
2025-08,OTRAS MARCAS ESPECIAL BOTELLA NO RETORNABLE 330.0,16.96959164,27477.64648
2024-01,OTRAS MARCAS ESPECIAL LATA NO RETORNABLE 330.0,9.944299698,24308.9707
2024-02,OTRAS MARCAS ESPECIAL LATA NO RETORNABLE 330.0,0.097000003,30303.09961
2024-03,OTRAS MARCAS ESPECIAL LATA NO RETORNABLE 330.0,4.548399925,24380.74805
2024-04,OTRAS MARCAS ESPECIAL LATA NO RETORNABLE 330.0,13.09589958,24258.76367
2024-05,OTRAS MARCAS ESPECIAL LATA NO RETORNABLE 330.0,11.6335001,24268.79883
2024-06,OTRAS MARCAS ESPECIAL LATA NO RETORNABLE 330.0,16.44140053,23641.11719
2024-07,OTRAS MARCAS ESPECIAL LATA NO RETORNABLE 330.0,7.636700153,21602.69531
2024-08,OTRAS MARCAS ESPECIAL LATA NO RETORNABLE 330.0,5.682600021,23300.12891
2024-09,OTRAS MARCAS ESPECIAL LATA NO RETORNABLE 330.0,4.914400101,23498.48438
2024-10,OTRAS MARCAS ESPECIAL LATA NO RETORNABLE 330.0,9.974599838,23101.12891
2024-11,OTRAS MARCAS ESPECIAL LATA NO RETORNABLE 330.0,8.02312639,22945.72852
2024-12,OTRAS MARCAS ESPECIAL LATA NO RETORNABLE 330.0,10.98962253,23566.6875
2025-01,OTRAS MARCAS ESPECIAL LATA NO RETORNABLE 330.0,4.830151117,26270.79297
2025-02,OTRAS MARCAS ESPECIAL LATA NO RETORNABLE 330.0,2.870512925,26492.42383
2025-03,OTRAS MARCAS ESPECIAL LATA NO RETORNABLE 330.0,4.950504237,26466.73828
2025-04,OTRAS MARCAS ESPECIAL LATA NO RETORNABLE 330.0,3.652152036,26433.95703
2025-05,OTRAS MARCAS ESPECIAL LATA NO RETORNABLE 330.0,2.473244034,25647.05469
2025-06,OTRAS MARCAS ESPECIAL LATA NO RETORNABLE 330.0,0.772667972,27673.79492
2025-07,OTRAS MARCAS ESPECIAL LATA NO RETORNABLE 330.0,0.770333996,27200.34766
2025-08,OTRAS MARCAS ESPECIAL LATA NO RETORNABLE 330.0,4.449270075,26601.67578
2024-01,OTRAS MARCAS ESPECIAL LATA NO RETORNABLE 500.0,19.11989975,18829.58398
2024-02,OTRAS MARCAS ESPECIAL LATA NO RETORNABLE 500.0,10.23429966,23009.30273
2024-03,OTRAS MARCAS ESPECIAL LATA NO RETORNABLE 500.0,5.938199997,21837.26563
2024-04,OTRAS MARCAS ESPECIAL LATA NO RETORNABLE 500.0,2.290800095,19228.42969
2024-05,OTRAS MARCAS ESPECIAL LATA NO RETORNABLE 500.0,8.486200333,22586.44727
2024-06,OTRAS MARCAS ESPECIAL LATA NO RETORNABLE 500.0,19.08209991,21456.91602
2024-07,OTRAS MARCAS ESPECIAL LATA NO RETORNABLE 500.0,20.22890091,20404.86719
2024-08,OTRAS MARCAS ESPECIAL LATA NO RETORNABLE 500.0,18.8871994,23242.28711
2024-09,OTRAS MARCAS ESPECIAL LATA NO RETORNABLE 500.0,27.04450035,24948.51758
2024-10,OTRAS MARCAS ESPECIAL LATA NO RETORNABLE 500.0,16.92670059,23717.11914
2024-11,OTRAS MARCAS ESPECIAL LATA NO RETORNABLE 500.0,16.26892737,23045.54883
2024-12,OTRAS MARCAS ESPECIAL LATA NO RETORNABLE 500.0,26.06673224,22728.44922
2025-01,OTRAS MARCAS ESPECIAL LATA NO RETORNABLE 500.0,23.17235539,23188.85547
2025-02,OTRAS MARCAS ESPECIAL LATA NO RETORNABLE 500.0,18.50202309,21363.18164
2025-03,OTRAS MARCAS ESPECIAL LATA NO RETORNABLE 500.0,34.18592194,20937.10742
2025-04,OTRAS MARCAS ESPECIAL LATA NO RETORNABLE 500.0,23.41546752,21978.94531
2025-05,OTRAS MARCAS ESPECIAL LATA NO RETORNABLE 500.0,13.73618146,21765.28906
2025-06,OTRAS MARCAS ESPECIAL LATA NO RETORNABLE 500.0,12.40595951,24867.17773
2025-07,OTRAS MARCAS ESPECIAL LATA NO RETORNABLE 500.0,98.16866835,33405.10547
2025-08,OTRAS MARCAS ESPECIAL LATA NO RETORNABLE 500.0,32.34681271,29996.38477
2024-01,OTRAS MARCAS T. BOTELLA NO RETORNABLE 250.0,0.301099986,32293.27539
2024-02,OTRAS MARCAS T. BOTELLA NO RETORNABLE 250.0,0.337700009,27317.61914
2024-03,OTRAS MARCAS T. BOTELLA NO RETORNABLE 250.0,0.515100002,27085.75977
2024-04,OTRAS MARCAS T. BOTELLA NO RETORNABLE 250.0,0.550199986,30931.3125
2024-05,OTRAS MARCAS T. BOTELLA NO RETORNABLE 250.0,0.2148,26464.0332
2024-06,OTRAS MARCAS T. BOTELLA NO RETORNABLE 250.0,0.387199998,25405.17188
2024-07,OTRAS MARCAS T. BOTELLA NO RETORNABLE 250.0,1.924200058,26105.96094
2024-08,OTRAS MARCAS T. BOTELLA NO RETORNABLE 250.0,1.51760006,27681.53125
2024-09,OTRAS MARCAS T. BOTELLA NO RETORNABLE 250.0,1.012099981,27477.28906
2024-10,OTRAS MARCAS T. BOTELLA NO RETORNABLE 250.0,1.017500043,24333.28125
2024-11,OTRAS MARCAS T. BOTELLA NO RETORNABLE 250.0,1.365716013,24676.83594
2024-12,OTRAS MARCAS T. BOTELLA NO RETORNABLE 250.0,19.29656392,14257.38184
2025-01,OTRAS MARCAS T. BOTELLA NO RETORNABLE 250.0,4.553419031,18794.70117
2025-02,OTRAS MARCAS T. BOTELLA NO RETORNABLE 250.0,0.876430958,30572.19141
2025-03,OTRAS MARCAS T. BOTELLA NO RETORNABLE 250.0,1.042861997,29954.27734
2025-04,OTRAS MARCAS T. BOTELLA NO RETORNABLE 250.0,1.078566027,29812.98242
2025-05,OTRAS MARCAS T. BOTELLA NO RETORNABLE 250.0,1.750367016,29712.04297
2025-06,OTRAS MARCAS T. BOTELLA NO RETORNABLE 250.0,1.861068092,21824.36133
2025-07,OTRAS MARCAS T. BOTELLA NO RETORNABLE 250.0,1.281789988,20282.25781
2025-08,OTRAS MARCAS T. BOTELLA NO RETORNABLE 250.0,1.08677401,29478.92773
2024-01,OTRAS MARCAS T. BOTELLA NO RETORNABLE 330.0,95.23439789,30122.54883
2024-02,OTRAS MARCAS T. BOTELLA NO RETORNABLE 330.0,132.535202,25514.79297
2024-03,OTRAS MARCAS T. BOTELLA NO RETORNABLE 330.0,86.6414032,33502.24219
2024-04,OTRAS MARCAS T. BOTELLA NO RETORNABLE 330.0,99.13379669,37048.05078
2024-05,OTRAS MARCAS T. BOTELLA NO RETORNABLE 330.0,94.57060242,39912.60938
2024-06,OTRAS MARCAS T. BOTELLA NO RETORNABLE 330.0,100.6687012,36256.09375
2024-07,OTRAS MARCAS T. BOTELLA NO RETORNABLE 330.0,122.4218979,26632.46094
2024-08,OTRAS MARCAS T. BOTELLA NO RETORNABLE 330.0,99.84259796,36365.83594
2024-09,OTRAS MARCAS T. BOTELLA NO RETORNABLE 330.0,101.5149994,35372.40234
2024-10,OTRAS MARCAS T. BOTELLA NO RETORNABLE 330.0,100.9921036,37895.94922
2024-11,OTRAS MARCAS T. BOTELLA NO RETORNABLE 330.0,106.2252314,43854.18359
2024-12,OTRAS MARCAS T. BOTELLA NO RETORNABLE 330.0,162.1090217,40407.76172
2025-01,OTRAS MARCAS T. BOTELLA NO RETORNABLE 330.0,68.85647287,41840.09375
2025-02,OTRAS MARCAS T. BOTELLA NO RETORNABLE 330.0,135.8923401,40714.64453
2025-03,OTRAS MARCAS T. BOTELLA NO RETORNABLE 330.0,98.68652196,46492.28516
2025-04,OTRAS MARCAS T. BOTELLA NO RETORNABLE 330.0,113.634988,42073.83594
2025-05,OTRAS MARCAS T. BOTELLA NO RETORNABLE 330.0,114.3973053,39188
2025-06,OTRAS MARCAS T. BOTELLA NO RETORNABLE 330.0,147.4635474,49962.9375
2025-07,OTRAS MARCAS T. BOTELLA NO RETORNABLE 330.0,132.7577918,40190.47266
2025-08,OTRAS MARCAS T. BOTELLA NO RETORNABLE 330.0,132.6940188,41879.03125
2025-05,OTRAS MARCAS T. BOTELLA NO RETORNABLE 355.0,0.002536,66162.88281
2025-06,OTRAS MARCAS T. BOTELLA NO RETORNABLE 355.0,1.205448003,63522.24219
2025-07,OTRAS MARCAS T. BOTELLA NO RETORNABLE 355.0,1.557957015,63435.67188
2025-08,OTRAS MARCAS T. BOTELLA NO RETORNABLE 355.0,1.621349034,63542.51172
2024-01,OTRAS MARCAS T. BOTELLA NO RETORNABLE 500.0,0.716799974,57361.66406
2024-02,OTRAS MARCAS T. BOTELLA NO RETORNABLE 500.0,0.77609998,54248.25391
2024-03,OTRAS MARCAS T. BOTELLA NO RETORNABLE 500.0,2.183500051,33544.28516
2024-04,OTRAS MARCAS T. BOTELLA NO RETORNABLE 500.0,13.4939003,39520.02734
2024-05,OTRAS MARCAS T. BOTELLA NO RETORNABLE 500.0,5.135900021,36602.73047
2024-06,OTRAS MARCAS T. BOTELLA NO RETORNABLE 500.0,10.81900024,38031.61719
2024-07,OTRAS MARCAS T. BOTELLA NO RETORNABLE 500.0,3.027199984,35339.15625
2024-08,OTRAS MARCAS T. BOTELLA NO RETORNABLE 500.0,8.699399948,38631.64453
2024-09,OTRAS MARCAS T. BOTELLA NO RETORNABLE 500.0,8.978300095,38748.59375
2024-10,OTRAS MARCAS T. BOTELLA NO RETORNABLE 500.0,6.326200008,37904.21094
2024-11,OTRAS MARCAS T. BOTELLA NO RETORNABLE 500.0,11.64752025,38479.10547
2024-12,OTRAS MARCAS T. BOTELLA NO RETORNABLE 500.0,8.591088416,39201.39844
2025-01,OTRAS MARCAS T. BOTELLA NO RETORNABLE 500.0,10.25796147,40787.30859
2025-02,OTRAS MARCAS T. BOTELLA NO RETORNABLE 500.0,2.388448967,35304.36328
2025-03,OTRAS MARCAS T. BOTELLA NO RETORNABLE 500.0,36.76459576,43560.96094
2025-04,OTRAS MARCAS T. BOTELLA NO RETORNABLE 500.0,19.28778865,41670.93359
2025-05,OTRAS MARCAS T. BOTELLA NO RETORNABLE 500.0,15.95755913,43185.31641
2025-06,OTRAS MARCAS T. BOTELLA NO RETORNABLE 500.0,15.23299085,42531.58203
2025-07,OTRAS MARCAS T. BOTELLA NO RETORNABLE 500.0,29.94925838,42895.46484
2025-08,OTRAS MARCAS T. BOTELLA NO RETORNABLE 500.0,94.9037024,44122.61328
2024-12,OTRAS MARCAS T. BOTELLA NO RETORNABLE 750.0,0.711459039,73334.10938
2024-01,OTRAS MARCAS T. BOTELLA RETORNABLE 330.0,8.712100029,16739.34375
2024-02,OTRAS MARCAS T. BOTELLA RETORNABLE 330.0,8.28219986,19255.84766
2024-03,OTRAS MARCAS T. BOTELLA RETORNABLE 330.0,8.58220005,16811.73047
2024-04,OTRAS MARCAS T. BOTELLA RETORNABLE 330.0,8.750300407,19057.92188
2024-05,OTRAS MARCAS T. BOTELLA RETORNABLE 330.0,7.65019989,18602.49023
2024-06,OTRAS MARCAS T. BOTELLA RETORNABLE 330.0,9.771699905,18085.02539
2024-07,OTRAS MARCAS T. BOTELLA RETORNABLE 330.0,15.28579998,15896.99023
2024-08,OTRAS MARCAS T. BOTELLA RETORNABLE 330.0,12.57940006,17461.30859
2024-09,OTRAS MARCAS T. BOTELLA RETORNABLE 330.0,13.61569977,16899.12109
2024-10,OTRAS MARCAS T. BOTELLA RETORNABLE 330.0,11.19869995,18197.10547
2024-11,OTRAS MARCAS T. BOTELLA RETORNABLE 330.0,21.23722595,30984.99219
2024-12,OTRAS MARCAS T. BOTELLA RETORNABLE 330.0,32.6357311,26247.98438
2025-01,OTRAS MARCAS T. BOTELLA RETORNABLE 330.0,24.42304787,20413.49805
2025-02,OTRAS MARCAS T. BOTELLA RETORNABLE 330.0,17.75269086,17672.52539
2025-03,OTRAS MARCAS T. BOTELLA RETORNABLE 330.0,17.96816712,16358.66797
2025-04,OTRAS MARCAS T. BOTELLA RETORNABLE 330.0,16.12610471,19186.51563
2025-05,OTRAS MARCAS T. BOTELLA RETORNABLE 330.0,15.71248085,17896.7168
2025-06,OTRAS MARCAS T. BOTELLA RETORNABLE 330.0,11.5428608,17511.63281
2025-07,OTRAS MARCAS T. BOTELLA RETORNABLE 330.0,9.326697711,17370.04297
2025-08,OTRAS MARCAS T. BOTELLA RETORNABLE 330.0,7.916315518,17822.08398
2024-01,OTRAS MARCAS T. LATA NO RETORNABLE 330.0,16.54939979,10395.99618
2024-02,OTRAS MARCAS T. LATA NO RETORNABLE 330.0,21.52250051,9411.573846
2024-03,OTRAS MARCAS T. LATA NO RETORNABLE 330.0,33.96259928,11688.96477
2024-04,OTRAS MARCAS T. LATA NO RETORNABLE 330.0,39.80480051,11307.64975
2024-05,OTRAS MARCAS T. LATA NO RETORNABLE 330.0,41.86919975,11435.47779
2024-06,OTRAS MARCAS T. LATA NO RETORNABLE 330.0,52.40309811,10366.7152
2024-07,OTRAS MARCAS T. LATA NO RETORNABLE 330.0,185.5188978,5813.088846
2024-08,OTRAS MARCAS T. LATA NO RETORNABLE 330.0,45.2978003,7319.169827
2024-09,OTRAS MARCAS T. LATA NO RETORNABLE 330.0,8.497800112,26763.97486
2024-10,OTRAS MARCAS T. LATA NO RETORNABLE 330.0,13.88579965,26375.55221
2024-11,OTRAS MARCAS T. LATA NO RETORNABLE 330.0,20.81874055,20652.41022
2024-12,OTRAS MARCAS T. LATA NO RETORNABLE 330.0,195.9450632,12255.60165
2025-01,OTRAS MARCAS T. LATA NO RETORNABLE 330.0,31.09429142,16759.05757
2025-02,OTRAS MARCAS T. LATA NO RETORNABLE 330.0,15.54578389,19067.22987
2025-03,OTRAS MARCAS T. LATA NO RETORNABLE 330.0,11.53922496,27776.59861
2025-04,OTRAS MARCAS T. LATA NO RETORNABLE 330.0,11.79037964,27814.18155
2025-05,OTRAS MARCAS T. LATA NO RETORNABLE 330.0,13.66255412,26650.67503
2025-06,OTRAS MARCAS T. LATA NO RETORNABLE 330.0,14.72953397,28094.57318
2025-07,OTRAS MARCAS T. LATA NO RETORNABLE 330.0,14.544468,26286.95253
2025-08,OTRAS MARCAS T. LATA NO RETORNABLE 330.0,12.81888174,28981.51006
2024-01,OTRAS MARCAS T. LATA NO RETORNABLE 355.0,0.506600022,39999.17188
2024-02,OTRAS MARCAS T. LATA NO RETORNABLE 355.0,0.648100019,36663.08203
2024-03,OTRAS MARCAS T. LATA NO RETORNABLE 355.0,0.569999993,37592.37109
2024-04,OTRAS MARCAS T. LATA NO RETORNABLE 355.0,0.627900004,38705.64453
2024-05,OTRAS MARCAS T. LATA NO RETORNABLE 355.0,0.437400013,38424.40625
2024-06,OTRAS MARCAS T. LATA NO RETORNABLE 355.0,0.479200006,38526.66406
2024-07,OTRAS MARCAS T. LATA NO RETORNABLE 355.0,0.730300009,37956.73438
2024-08,OTRAS MARCAS T. LATA NO RETORNABLE 355.0,0.415399998,38498.94922
2024-09,OTRAS MARCAS T. LATA NO RETORNABLE 355.0,0.324099988,36775.87109
2024-10,OTRAS MARCAS T. LATA NO RETORNABLE 355.0,0.312400013,38676.72266
2024-11,OTRAS MARCAS T. LATA NO RETORNABLE 355.0,0.210971004,39898.21094
2024-12,OTRAS MARCAS T. LATA NO RETORNABLE 355.0,0.419920988,40869.74219
2025-01,OTRAS MARCAS T. LATA NO RETORNABLE 355.0,0.390997984,40894.10156
2025-02,OTRAS MARCAS T. LATA NO RETORNABLE 355.0,0.339278984,34642.64453
2025-03,OTRAS MARCAS T. LATA NO RETORNABLE 355.0,0.388979981,33653.64063
2025-04,OTRAS MARCAS T. LATA NO RETORNABLE 355.0,0.385426983,39085.26953
2025-05,OTRAS MARCAS T. LATA NO RETORNABLE 355.0,0.442739031,39907.24219
2025-06,OTRAS MARCAS T. LATA NO RETORNABLE 355.0,0.435633993,38755.375
2025-07,OTRAS MARCAS T. LATA NO RETORNABLE 355.0,0.449838019,39231.36328
2025-08,OTRAS MARCAS T. LATA NO RETORNABLE 355.0,0.343836014,38430.76563
2024-01,OTRAS MARCAS T. LATA NO RETORNABLE 500.0,3.286200047,30425.35742
2024-02,OTRAS MARCAS T. LATA NO RETORNABLE 500.0,6.375299931,31108.26367
2024-03,OTRAS MARCAS T. LATA NO RETORNABLE 500.0,15.93540001,30267.91211
2024-04,OTRAS MARCAS T. LATA NO RETORNABLE 500.0,16.97360039,37710.09766
2024-05,OTRAS MARCAS T. LATA NO RETORNABLE 500.0,11.49730015,35063.24609
2024-06,OTRAS MARCAS T. LATA NO RETORNABLE 500.0,14.15799999,32148.70313
2024-07,OTRAS MARCAS T. LATA NO RETORNABLE 500.0,9.965800285,28442.71875
2024-08,OTRAS MARCAS T. LATA NO RETORNABLE 500.0,20.9958992,33081.31641
2024-09,OTRAS MARCAS T. LATA NO RETORNABLE 500.0,10.5163002,29650.22266
2024-10,OTRAS MARCAS T. LATA NO RETORNABLE 500.0,15.61359993,30112.56645
2024-11,OTRAS MARCAS T. LATA NO RETORNABLE 500.0,21.72270558,26612.54535
2024-12,OTRAS MARCAS T. LATA NO RETORNABLE 500.0,47.15691988,27855.73906
2025-01,OTRAS MARCAS T. LATA NO RETORNABLE 500.0,32.1350376,21043.95017
2025-02,OTRAS MARCAS T. LATA NO RETORNABLE 500.0,10.88947091,30543.91511
2025-03,OTRAS MARCAS T. LATA NO RETORNABLE 500.0,389.3680151,3800.623524
2025-04,OTRAS MARCAS T. LATA NO RETORNABLE 500.0,25.26611508,32486.72688
2025-05,OTRAS MARCAS T. LATA NO RETORNABLE 500.0,50.39484964,19802.21736
2025-06,OTRAS MARCAS T. LATA NO RETORNABLE 500.0,45.8485999,34731.36318
2025-07,OTRAS MARCAS T. LATA NO RETORNABLE 500.0,18.01308188,34073.12109
2025-08,OTRAS MARCAS T. LATA NO RETORNABLE 500.0,54.91847258,27838.30664
2024-01,OTRAS MARCAS T. LATA NO RETORNABLE null.0,10.50199986,29796.51172
2024-02,OTRAS MARCAS T. LATA NO RETORNABLE null.0,33.17979813,19705.42969
2024-03,OTRAS MARCAS T. LATA NO RETORNABLE null.0,31.1529007,20664.73633
2024-04,OTRAS MARCAS T. LATA NO RETORNABLE null.0,38.3594017,12911.36621
2024-05,OTRAS MARCAS T. LATA NO RETORNABLE null.0,48.00299835,11429.33984
2024-06,OTRAS MARCAS T. LATA NO RETORNABLE null.0,17.46339989,19907.14258
2024-07,OTRAS MARCAS T. LATA NO RETORNABLE null.0,22.82740021,19328.99023
2024-08,OTRAS MARCAS T. LATA NO RETORNABLE null.0,36.31129837,24574.625
2024-09,OTRAS MARCAS T. LATA NO RETORNABLE null.0,16.85079956,31312.86719
2024-10,OTRAS MARCAS T. LATA NO RETORNABLE null.0,15.66170025,29097.75391
2024-11,OTRAS MARCAS T. LATA NO RETORNABLE null.0,5.025157946,23305.37891
2024-12,OTRAS MARCAS T. LATA NO RETORNABLE null.0,19.15790871,34290.58203
2025-01,OTRAS MARCAS T. LATA NO RETORNABLE null.0,13.83401274,30240.08203
2025-02,OTRAS MARCAS T. LATA NO RETORNABLE null.0,11.14169729,32098.35547
2025-03,OTRAS MARCAS T. LATA NO RETORNABLE null.0,21.15217163,33107.97266
2025-04,OTRAS MARCAS T. LATA NO RETORNABLE null.0,10.40220504,29866.64258
2025-05,OTRAS MARCAS T. LATA NO RETORNABLE null.0,12.51197077,29183.80859
2025-06,OTRAS MARCAS T. LATA NO RETORNABLE null.0,57.14590526,30766.04688
2025-07,OTRAS MARCAS T. LATA NO RETORNABLE null.0,20.52758159,27500.55273
2025-08,OTRAS MARCAS T. LATA NO RETORNABLE null.0,30.06784639,31335.74609
2024-01,PAULANER HEFE-WEIBBIER T. BOTELLA NO RETORNABLE 500.0,5.166500092,32537.99805
2024-02,PAULANER HEFE-WEIBBIER T. BOTELLA NO RETORNABLE 500.0,2.025000095,31724.57227
2024-03,PAULANER HEFE-WEIBBIER T. BOTELLA NO RETORNABLE 500.0,1.996399999,31881.27344
2024-04,PAULANER HEFE-WEIBBIER T. BOTELLA NO RETORNABLE 500.0,4.812399864,33498.53125
2024-05,PAULANER HEFE-WEIBBIER T. BOTELLA NO RETORNABLE 500.0,5.097200036,32705.47089
2024-06,PAULANER HEFE-WEIBBIER T. BOTELLA NO RETORNABLE 500.0,31.00350046,30749.11116
2024-07,PAULANER HEFE-WEIBBIER T. BOTELLA NO RETORNABLE 500.0,28.26599932,31696.5204
2024-08,PAULANER HEFE-WEIBBIER T. BOTELLA NO RETORNABLE 500.0,17.00640011,32538.22887
2024-09,PAULANER HEFE-WEIBBIER T. BOTELLA NO RETORNABLE 500.0,31.33919907,32227.9734
2024-10,PAULANER HEFE-WEIBBIER T. BOTELLA NO RETORNABLE 500.0,41.3526001,32058.67888
2024-11,PAULANER HEFE-WEIBBIER T. BOTELLA NO RETORNABLE 500.0,40.41028328,29703.91947
2024-12,PAULANER HEFE-WEIBBIER T. BOTELLA NO RETORNABLE 500.0,205.6463952,18595.46138
2025-01,PAULANER HEFE-WEIBBIER T. BOTELLA NO RETORNABLE 500.0,84.62640947,29215.1953
2025-02,PAULANER HEFE-WEIBBIER T. BOTELLA NO RETORNABLE 500.0,38.79279006,33943.63741
2025-03,PAULANER HEFE-WEIBBIER T. BOTELLA NO RETORNABLE 500.0,48.58138394,29372.1546
2025-04,PAULANER HEFE-WEIBBIER T. BOTELLA NO RETORNABLE 500.0,47.91058317,29606.70537
2025-05,PAULANER HEFE-WEIBBIER T. BOTELLA NO RETORNABLE 500.0,54.45574721,27312.83429
2025-06,PAULANER HEFE-WEIBBIER T. BOTELLA NO RETORNABLE 500.0,52.91398415,27817.41545
2025-07,PAULANER HEFE-WEIBBIER T. BOTELLA NO RETORNABLE 500.0,44.17179123,32521.60983
2025-08,PAULANER HEFE-WEIBBIER T. BOTELLA NO RETORNABLE 500.0,44.79393091,33478.41749
2024-01,PAULANER MUNCHEM-WEISSBIER T. BOTELLA NO RETORNABLE 500.0,24.5428009,35831.17969
2024-02,PAULANER MUNCHEM-WEISSBIER T. BOTELLA NO RETORNABLE 500.0,14.64480019,37279.32813
2024-03,PAULANER MUNCHEM-WEISSBIER T. BOTELLA NO RETORNABLE 500.0,27.44610023,35862.94531
2024-04,PAULANER MUNCHEM-WEISSBIER T. BOTELLA NO RETORNABLE 500.0,29.45619965,36164.04688
2024-05,PAULANER MUNCHEM-WEISSBIER T. BOTELLA NO RETORNABLE 500.0,36.979599,37833.16797
2024-06,PAULANER MUNCHEM-WEISSBIER T. BOTELLA NO RETORNABLE 500.0,56.06650162,35754.82031
2024-07,PAULANER MUNCHEM-WEISSBIER T. BOTELLA NO RETORNABLE 500.0,39.98720169,36165.59375
2024-08,PAULANER MUNCHEM-WEISSBIER T. BOTELLA NO RETORNABLE 500.0,55.74710083,34602.48828
2024-09,PAULANER MUNCHEM-WEISSBIER T. BOTELLA NO RETORNABLE 500.0,85.51779938,28831.30859
2024-10,PAULANER MUNCHEM-WEISSBIER T. BOTELLA NO RETORNABLE 500.0,58.25529861,30790.12695
2024-11,PAULANER MUNCHEM-WEISSBIER T. BOTELLA NO RETORNABLE 500.0,53.51534099,31346.03516
2024-12,PAULANER MUNCHEM-WEISSBIER T. BOTELLA NO RETORNABLE 500.0,86.63479245,33412.45703
2025-01,PAULANER MUNCHEM-WEISSBIER T. BOTELLA NO RETORNABLE 500.0,63.5966495,33751.6875
2025-02,PAULANER MUNCHEM-WEISSBIER T. BOTELLA NO RETORNABLE 500.0,47.49793897,31779.4707
2025-03,PAULANER MUNCHEM-WEISSBIER T. BOTELLA NO RETORNABLE 500.0,46.29165316,34562.48828
2025-04,PAULANER MUNCHEM-WEISSBIER T. BOTELLA NO RETORNABLE 500.0,70.52209692,34364.70703
2025-05,PAULANER MUNCHEM-WEISSBIER T. BOTELLA NO RETORNABLE 500.0,93.4763393,29998.64844
2025-06,PAULANER MUNCHEM-WEISSBIER T. BOTELLA NO RETORNABLE 500.0,62.30455586,33596.99609
2025-07,PAULANER MUNCHEM-WEISSBIER T. BOTELLA NO RETORNABLE 500.0,42.38983224,35499.10156
2025-08,PAULANER MUNCHEM-WEISSBIER T. BOTELLA NO RETORNABLE 500.0,60.70908562,35751.16406
2024-01,PAULANER MUNCHEM-WEISSBIER T. LATA NO RETORNABLE 500.0,31.66329956,29179.48064
2024-02,PAULANER MUNCHEM-WEISSBIER T. LATA NO RETORNABLE 500.0,25.66489935,30985.84603
2024-03,PAULANER MUNCHEM-WEISSBIER T. LATA NO RETORNABLE 500.0,26.95629954,30435.4811
2024-04,PAULANER MUNCHEM-WEISSBIER T. LATA NO RETORNABLE 500.0,27.64219952,31300.95568
2024-05,PAULANER MUNCHEM-WEISSBIER T. LATA NO RETORNABLE 500.0,22.4331007,30265.45505
2024-06,PAULANER MUNCHEM-WEISSBIER T. LATA NO RETORNABLE 500.0,18.5114994,26637.65971
2024-07,PAULANER MUNCHEM-WEISSBIER T. LATA NO RETORNABLE 500.0,9.479400158,29284.61825
2024-08,PAULANER MUNCHEM-WEISSBIER T. LATA NO RETORNABLE 500.0,3.178600073,31027.04477
2024-09,PAULANER MUNCHEM-WEISSBIER T. LATA NO RETORNABLE 500.0,4.814200044,27593.78638
2024-10,PAULANER MUNCHEM-WEISSBIER T. LATA NO RETORNABLE 500.0,5.827700138,27749.90124
2024-11,PAULANER MUNCHEM-WEISSBIER T. LATA NO RETORNABLE 500.0,3.664974027,25722.62209
2024-12,PAULANER MUNCHEM-WEISSBIER T. LATA NO RETORNABLE 500.0,23.61304395,14210.27865
2025-01,PAULANER MUNCHEM-WEISSBIER T. LATA NO RETORNABLE 500.0,10.02894931,24378.14097
2025-02,PAULANER MUNCHEM-WEISSBIER T. LATA NO RETORNABLE 500.0,20.87578156,41104.98272
2025-03,PAULANER MUNCHEM-WEISSBIER T. LATA NO RETORNABLE 500.0,26.39113081,42108.49179
2025-04,PAULANER MUNCHEM-WEISSBIER T. LATA NO RETORNABLE 500.0,83.81110189,42806.73084
2025-05,PAULANER MUNCHEM-WEISSBIER T. LATA NO RETORNABLE 500.0,92.15220918,42749.22767
2025-06,PAULANER MUNCHEM-WEISSBIER T. LATA NO RETORNABLE 500.0,13.33100958,42274.79448
2025-07,PAULANER MUNCHEM-WEISSBIER T. LATA NO RETORNABLE 500.0,0.143572002,28896.65613
2025-08,PAULANER MUNCHEM-WEISSBIER T. LATA NO RETORNABLE 500.0,0.950684026,28307.50466
2024-01,PERONI CTE BOTELLA NO RETORNABLE 330.0,11.16180038,16572.4375
2024-03,PERONI CTE BOTELLA NO RETORNABLE 330.0,0.607599974,15151.50977
2024-04,PERONI CTE BOTELLA NO RETORNABLE 330.0,2.366499901,16216.57227
2024-09,PERONI CTE BOTELLA NO RETORNABLE 330.0,19.17300034,19420.32617
2024-10,PERONI CTE BOTELLA NO RETORNABLE 330.0,35.48120117,18860.85938
2024-11,PERONI CTE BOTELLA NO RETORNABLE 330.0,26.4193085,18518.38477
2024-12,PERONI CTE BOTELLA NO RETORNABLE 330.0,35.73057485,18722.38672
2025-01,PERONI CTE BOTELLA NO RETORNABLE 330.0,39.5174807,19474.31836
2025-02,PERONI CTE BOTELLA NO RETORNABLE 330.0,22.90983115,20116.17969
2025-03,PERONI CTE BOTELLA NO RETORNABLE 330.0,36.04291703,19475.5957
2025-04,PERONI CTE BOTELLA NO RETORNABLE 330.0,41.87511123,19832.95508
2025-05,PERONI CTE BOTELLA NO RETORNABLE 330.0,28.70607418,19585.73633
2025-06,PERONI CTE BOTELLA NO RETORNABLE 330.0,83.86241489,22078.9082
2025-07,PERONI CTE BOTELLA NO RETORNABLE 330.0,70.32078222,23855.91211
2025-08,PERONI CTE BOTELLA NO RETORNABLE 330.0,64.20604332,24520.35352
2024-01,PERONI CTE LATA NO RETORNABLE 330.0,25.21680069,9832.419922
2024-02,PERONI CTE LATA NO RETORNABLE 330.0,44.51409912,9258.660156
2024-03,PERONI CTE LATA NO RETORNABLE 330.0,35.48479843,10972.59277
2024-04,PERONI CTE LATA NO RETORNABLE 330.0,2.834500074,14482.31445
2024-05,PERONI CTE LATA NO RETORNABLE 330.0,1.309499979,10450.37012
2024-06,PERONI CTE LATA NO RETORNABLE 330.0,0.719500005,16972.46875
2024-07,PERONI CTE LATA NO RETORNABLE 330.0,2.455600023,16121.78516
2024-08,PERONI CTE LATA NO RETORNABLE 330.0,3.483599901,15254.16113
2024-09,PERONI CTE LATA NO RETORNABLE 330.0,2.196399927,10666.76074
2024-10,PERONI CTE LATA NO RETORNABLE 330.0,5.007400036,11359.21387
2024-11,PERONI CTE LATA NO RETORNABLE 330.0,7.813270406,17249.47852
2024-12,PERONI CTE LATA NO RETORNABLE 330.0,8.58839969,16803.72656
2025-01,PERONI CTE LATA NO RETORNABLE 330.0,8.104082825,19669.35352
2025-02,PERONI CTE LATA NO RETORNABLE 330.0,7.012401993,19522.15234
2025-03,PERONI CTE LATA NO RETORNABLE 330.0,8.897405768,17419.65625
2025-04,PERONI CTE LATA NO RETORNABLE 330.0,6.569279849,19005.25977
2025-05,PERONI CTE LATA NO RETORNABLE 330.0,3.469927872,19574.5625
2025-06,PERONI CTE LATA NO RETORNABLE 330.0,1.930493089,18577.82227
2025-07,PERONI CTE LATA NO RETORNABLE 330.0,0.944763077,16498.28711
2025-08,PERONI CTE LATA NO RETORNABLE 330.0,0.210418012,19306.33203
2024-01,PL CTE BOTELLA RETORNABLE 330.0,1.167400002,36363.21484
2024-04,PL CTE BOTELLA RETORNABLE 330.0,0.722599983,36363.64063
2024-05,PL CTE BOTELLA RETORNABLE 330.0,0.398999989,36363.67188
2024-06,PL CTE BOTELLA RETORNABLE 330.0,0.576099992,36363.625
2024-07,PL CTE BOTELLA RETORNABLE 330.0,1.883200049,36363.64453
2024-08,PL CTE BOTELLA RETORNABLE 330.0,1.243000031,36363.65234
2024-09,PL CTE BOTELLA RETORNABLE 330.0,1.032500029,36363.63672
2024-10,PL CTE BOTELLA RETORNABLE 330.0,1.466899991,36363.63281
2024-11,PL CTE BOTELLA RETORNABLE 330.0,1.101312022,36363.65234
2024-12,PL CTE BOTELLA RETORNABLE 330.0,1.161291026,36363.63672
2025-01,PL CTE BOTELLA RETORNABLE 330.0,0.669018,36363.63672
2025-02,PL CTE BOTELLA RETORNABLE 330.0,0.966889016,42424.23828
2025-03,PL CTE BOTELLA RETORNABLE 330.0,0.442931981,42424.22266
2025-04,PL CTE BOTELLA RETORNABLE 330.0,1.627881941,42424.23438
2025-05,PL CTE BOTELLA RETORNABLE 330.0,0.12569901,42424.17578
2025-06,PL CTE BOTELLA RETORNABLE 330.0,0.713317979,42424.24609
2025-07,PL CTE BOTELLA RETORNABLE 330.0,1.329394051,42424.23828
2025-08,PL CTE BOTELLA RETORNABLE 330.0,0.293312021,42424.29688
2024-01,PL T. LATA NO RETORNABLE 330.0,5018.460655,6630.801194
2024-02,PL T. LATA NO RETORNABLE 330.0,2951.33139,6521.697748
2024-03,PL T. LATA NO RETORNABLE 330.0,2310.560844,7433.344571
2024-04,PL T. LATA NO RETORNABLE 330.0,2283.959814,7524.47655
2024-05,PL T. LATA NO RETORNABLE 330.0,1880.03095,7466.795507
2024-06,PL T. LATA NO RETORNABLE 330.0,1898.996454,7552.228646
2024-07,PL T. LATA NO RETORNABLE 330.0,2087.591086,7549.494613
2024-08,PL T. LATA NO RETORNABLE 330.0,1796.917185,7556.412584
2024-09,PL T. LATA NO RETORNABLE 330.0,1677.9607,7548.361312
2024-10,PL T. LATA NO RETORNABLE 330.0,1570.599972,7545.042337
2024-11,PL T. LATA NO RETORNABLE 330.0,1566.725846,7542.427194
2024-12,PL T. LATA NO RETORNABLE 330.0,2328.656273,7021.773106
2025-01,PL T. LATA NO RETORNABLE 330.0,3595.663167,6537.893637
2025-02,PL T. LATA NO RETORNABLE 330.0,1781.679447,6375.272907
2025-03,PL T. LATA NO RETORNABLE 330.0,1854.969516,6815.69269
2025-04,PL T. LATA NO RETORNABLE 330.0,2069.521534,6818.185059
2025-05,PL T. LATA NO RETORNABLE 330.0,1752.084982,6818.137473
2025-06,PL T. LATA NO RETORNABLE 330.0,1855.601711,6818.199707
2025-07,PL T. LATA NO RETORNABLE 330.0,1586.799895,6818.146123
2025-08,PL T. LATA NO RETORNABLE 330.0,1583.537842,6818.181641
2024-01,POLA DEL PUB CTE LATA NO RETORNABLE 330.0,7.571400166,29379.5293
2024-02,POLA DEL PUB CTE LATA NO RETORNABLE 330.0,7.794400215,28506.36719
2024-03,POLA DEL PUB CTE LATA NO RETORNABLE 330.0,9.171199799,27007.9375
2024-04,POLA DEL PUB CTE LATA NO RETORNABLE 330.0,7.990200043,27145.48047
2024-05,POLA DEL PUB CTE LATA NO RETORNABLE 330.0,8.25660038,27827.36133
2024-06,POLA DEL PUB CTE LATA NO RETORNABLE 330.0,9.182999611,27590.74023
2024-07,POLA DEL PUB CTE LATA NO RETORNABLE 330.0,10.44029999,27672.13086
2024-08,POLA DEL PUB CTE LATA NO RETORNABLE 330.0,7.848499775,28289.17188
2024-09,POLA DEL PUB CTE LATA NO RETORNABLE 330.0,7.85379982,27406.25
2024-10,POLA DEL PUB CTE LATA NO RETORNABLE 330.0,9.001799583,26071.87891
2024-11,POLA DEL PUB CTE LATA NO RETORNABLE 330.0,8.511446023,27246.38086
2024-12,POLA DEL PUB CTE LATA NO RETORNABLE 330.0,10.03241486,27295.5957
2025-01,POLA DEL PUB CTE LATA NO RETORNABLE 330.0,8.589627926,28141.42383
2025-02,POLA DEL PUB CTE LATA NO RETORNABLE 330.0,6.367651348,29200.28906
2025-03,POLA DEL PUB CTE LATA NO RETORNABLE 330.0,8.15974273,30036.51563
2025-04,POLA DEL PUB CTE LATA NO RETORNABLE 330.0,7.655277238,30005.54688
2025-05,POLA DEL PUB CTE LATA NO RETORNABLE 330.0,8.740177039,30357.92969
2025-06,POLA DEL PUB CTE LATA NO RETORNABLE 330.0,8.722825772,30382.17969
2025-07,POLA DEL PUB CTE LATA NO RETORNABLE 330.0,8.89549015,29786.69141
2025-08,POLA DEL PUB CTE LATA NO RETORNABLE 330.0,8.362340107,29746.44141
2024-01,POLA DEL PUB CTE LATA NO RETORNABLE 473.0,9.762200356,31172.28711
2024-02,POLA DEL PUB CTE LATA NO RETORNABLE 473.0,9.057999611,30240.42969
2024-03,POLA DEL PUB CTE LATA NO RETORNABLE 473.0,10.16119957,30666.19922
2024-04,POLA DEL PUB CTE LATA NO RETORNABLE 473.0,8.952699661,31477.17773
2024-05,POLA DEL PUB CTE LATA NO RETORNABLE 473.0,10.40649986,29009.63477
2024-06,POLA DEL PUB CTE LATA NO RETORNABLE 473.0,12.53849983,28265.36719
2024-07,POLA DEL PUB CTE LATA NO RETORNABLE 473.0,13.11699963,27634.04492
2024-08,POLA DEL PUB CTE LATA NO RETORNABLE 473.0,11.64529991,27576.43359
2024-09,POLA DEL PUB CTE LATA NO RETORNABLE 473.0,11.37160015,26426.70898
2024-10,POLA DEL PUB CTE LATA NO RETORNABLE 473.0,12.83870029,24150.1875
2024-11,POLA DEL PUB CTE LATA NO RETORNABLE 473.0,11.1052919,26046.4707
2024-12,POLA DEL PUB CTE LATA NO RETORNABLE 473.0,12.97654349,26907.73242
2025-01,POLA DEL PUB CTE LATA NO RETORNABLE 473.0,12.60454002,27095.39258
2025-02,POLA DEL PUB CTE LATA NO RETORNABLE 473.0,9.242421082,27012.51953
2025-03,POLA DEL PUB CTE LATA NO RETORNABLE 473.0,11.75209124,27893.50195
2025-04,POLA DEL PUB CTE LATA NO RETORNABLE 473.0,10.29312209,28007.17969
2025-05,POLA DEL PUB CTE LATA NO RETORNABLE 473.0,11.22503499,27864.22852
2025-06,POLA DEL PUB CTE LATA NO RETORNABLE 473.0,10.5985419,28515.83008
2025-07,POLA DEL PUB CTE LATA NO RETORNABLE 473.0,12.738628,28883.2832
2025-08,POLA DEL PUB CTE LATA NO RETORNABLE 473.0,10.22205516,28394.78516
2024-01,POLAR CTE BOTELLA NO RETORNABLE null.0,0.217199996,45044.95313
2024-02,POLAR CTE BOTELLA NO RETORNABLE null.0,0.0072,45043.43359
2024-03,POLAR CTE BOTELLA NO RETORNABLE null.0,0.105800003,45045.23047
2024-06,POLAR CTE BOTELLA NO RETORNABLE null.0,0.038899999,18018.22266
2024-07,POLAR CTE BOTELLA NO RETORNABLE null.0,0.094899997,18017.92969
2024-08,POLAR CTE BOTELLA NO RETORNABLE null.0,0.089100003,18017.99805
2025-02,POLAR CTE BOTELLA NO RETORNABLE null.0,7.442290011,31338.14453
2025-03,POLAR CTE BOTELLA NO RETORNABLE null.0,23.27242569,31338.14453
2025-04,POLAR CTE BOTELLA NO RETORNABLE null.0,6.694928818,31338.14648
2025-05,POLAR CTE BOTELLA NO RETORNABLE null.0,6.411723793,31338.19336
2025-06,POLAR CTE BOTELLA NO RETORNABLE null.0,1.544984036,31338.14258
2025-07,POLAR CTE BOTELLA NO RETORNABLE null.0,9.122407988,31338.14453
2025-08,POLAR CTE BOTELLA NO RETORNABLE null.0,2.913753169,28042.5332
2025-04,POLAR CTE LATA NO RETORNABLE 355.0,1.84012606,22535.21289
2025-05,POLAR CTE LATA NO RETORNABLE 355.0,2.66923217,22535.21094
2025-06,POLAR CTE LATA NO RETORNABLE 355.0,0.920350975,22535.2168
2025-07,POLAR CTE LATA NO RETORNABLE 355.0,1.791805989,22485.78125
2025-08,POLAR CTE LATA NO RETORNABLE 355.0,0.987531017,22535.21875
2024-01,PUNK IPA T. BOTELLA NO RETORNABLE 330.0,1.964699984,46186.41016
2024-02,PUNK IPA T. BOTELLA NO RETORNABLE 330.0,0.467200011,39254.55078
2024-03,PUNK IPA T. BOTELLA NO RETORNABLE 330.0,0.720799983,37390.03906
2024-04,PUNK IPA T. BOTELLA NO RETORNABLE 330.0,3.691699982,56401.05859
2024-05,PUNK IPA T. BOTELLA NO RETORNABLE 330.0,0.589299977,32136.78711
2024-06,PUNK IPA T. BOTELLA NO RETORNABLE 330.0,0.981299996,26893.68164
2024-07,PUNK IPA T. BOTELLA NO RETORNABLE 330.0,0.039099999,38614.12891
2024-08,PUNK IPA T. BOTELLA NO RETORNABLE 330.0,1.070600033,33925.83594
2024-09,PUNK IPA T. BOTELLA NO RETORNABLE 330.0,0.741999984,37246.45703
2024-10,PUNK IPA T. BOTELLA NO RETORNABLE 330.0,0.788699985,36831.19531
2024-11,PUNK IPA T. BOTELLA NO RETORNABLE 330.0,2.988243077,31522.57617
2024-12,PUNK IPA T. BOTELLA NO RETORNABLE 330.0,1.338874066,34865.01172
2025-01,PUNK IPA T. BOTELLA NO RETORNABLE 330.0,1.302057006,39718.67188
2025-02,PUNK IPA T. BOTELLA NO RETORNABLE 330.0,1.909670913,34563.80078
2025-03,PUNK IPA T. BOTELLA NO RETORNABLE 330.0,1.577362961,34370.60547
2025-04,PUNK IPA T. BOTELLA NO RETORNABLE 330.0,1.864146088,36270.19922
2025-05,PUNK IPA T. BOTELLA NO RETORNABLE 330.0,0.95134802,40326.75391
2025-06,PUNK IPA T. BOTELLA NO RETORNABLE 330.0,0.626525024,42952.76563
2025-07,PUNK IPA T. BOTELLA NO RETORNABLE 330.0,5.027882017,28983.80859
2025-08,PUNK IPA T. BOTELLA NO RETORNABLE 330.0,6.65949559,29536.64844
2024-01,PUNK IPA T. LATA NO RETORNABLE 330.0,2.013499975,35250.42969
2024-02,PUNK IPA T. LATA NO RETORNABLE 330.0,2.534699917,36672.30469
2024-03,PUNK IPA T. LATA NO RETORNABLE 330.0,2.275700092,34576.03125
2024-04,PUNK IPA T. LATA NO RETORNABLE 330.0,1.884799957,35547.0625
2024-05,PUNK IPA T. LATA NO RETORNABLE 330.0,1.269500017,35930.12891
2024-06,PUNK IPA T. LATA NO RETORNABLE 330.0,0.878700018,32123.68945
2024-07,PUNK IPA T. LATA NO RETORNABLE 330.0,2.075700045,34143.51172
2024-08,PUNK IPA T. LATA NO RETORNABLE 330.0,4.342400074,33328.24219
2024-09,PUNK IPA T. LATA NO RETORNABLE 330.0,4.499300003,31827.43359
2024-10,PUNK IPA T. LATA NO RETORNABLE 330.0,4.076000214,36175.82031
2024-11,PUNK IPA T. LATA NO RETORNABLE 330.0,3.458387154,35507.97656
2024-12,PUNK IPA T. LATA NO RETORNABLE 330.0,5.178897029,33937.53516
2025-01,PUNK IPA T. LATA NO RETORNABLE 330.0,5.371317713,34637.98828
2025-02,PUNK IPA T. LATA NO RETORNABLE 330.0,3.351258887,32475.19922
2025-03,PUNK IPA T. LATA NO RETORNABLE 330.0,5.812442984,33818.87109
2025-04,PUNK IPA T. LATA NO RETORNABLE 330.0,4.953772384,36488.88281
2025-05,PUNK IPA T. LATA NO RETORNABLE 330.0,5.314311758,37376.63672
2025-06,PUNK IPA T. LATA NO RETORNABLE 330.0,5.730481597,37410.13672
2025-07,PUNK IPA T. LATA NO RETORNABLE 330.0,3.43506284,40592.73047
2025-08,PUNK IPA T. LATA NO RETORNABLE 330.0,2.1393719,41658.34375
2025-03,SCHOFFERHOFER T. BOTELLA NO RETORNABLE 330.0,2.542913943,33377.50781
2025-04,SCHOFFERHOFER T. BOTELLA NO RETORNABLE 330.0,3.237038992,33124.28125
2025-05,SCHOFFERHOFER T. BOTELLA NO RETORNABLE 330.0,1.916536006,33145.98828
2025-06,SCHOFFERHOFER T. BOTELLA NO RETORNABLE 330.0,2.027064024,38788.54297
2025-07,SCHOFFERHOFER T. BOTELLA NO RETORNABLE 330.0,3.594998042,59498.95313
2025-08,SCHOFFERHOFER T. BOTELLA NO RETORNABLE 330.0,1.433739,40561.11328
2024-01,SCHOFFERHOFER T. BOTELLA NO RETORNABLE 500.0,8.375699997,33805.80469
2024-02,SCHOFFERHOFER T. BOTELLA NO RETORNABLE 500.0,3.798399925,31320.43359
2024-03,SCHOFFERHOFER T. BOTELLA NO RETORNABLE 500.0,2.467999935,31653.95313
2024-04,SCHOFFERHOFER T. BOTELLA NO RETORNABLE 500.0,1.97179997,31432.61328
2024-05,SCHOFFERHOFER T. BOTELLA NO RETORNABLE 500.0,6.556200027,30928.1875
2024-06,SCHOFFERHOFER T. BOTELLA NO RETORNABLE 500.0,8.11439991,30912.39453
2024-07,SCHOFFERHOFER T. BOTELLA NO RETORNABLE 500.0,2.201299906,30067.24414
2024-08,SCHOFFERHOFER T. BOTELLA NO RETORNABLE 500.0,1.961400032,28210.39258
2024-09,SCHOFFERHOFER T. BOTELLA NO RETORNABLE 500.0,5.389699936,26616.68164
2024-10,SCHOFFERHOFER T. BOTELLA NO RETORNABLE 500.0,3.994800091,28643.47266
2024-11,SCHOFFERHOFER T. BOTELLA NO RETORNABLE 500.0,2.810698822,31272.86328
2024-12,SCHOFFERHOFER T. BOTELLA NO RETORNABLE 500.0,3.3057482,32740.02539
2025-01,SCHOFFERHOFER T. BOTELLA NO RETORNABLE 500.0,5.674370794,33645.0625
2025-02,SCHOFFERHOFER T. BOTELLA NO RETORNABLE 500.0,7.091261754,31789.05078
2025-03,SCHOFFERHOFER T. BOTELLA NO RETORNABLE 500.0,2.440014139,31932.0957
2025-04,SCHOFFERHOFER T. BOTELLA NO RETORNABLE 500.0,3.816728993,32243.76953
2025-05,SCHOFFERHOFER T. BOTELLA NO RETORNABLE 500.0,5.335588176,33487.17969
2025-06,SCHOFFERHOFER T. BOTELLA NO RETORNABLE 500.0,6.007885726,33782.99609
2025-07,SCHOFFERHOFER T. BOTELLA NO RETORNABLE 500.0,10.44759826,38624.60156
2025-08,SCHOFFERHOFER T. BOTELLA NO RETORNABLE 500.0,4.141947978,34081.84766
2024-01,SCHOFFERHOFER T. LATA NO RETORNABLE 500.0,0.733500004,26374.17383
2024-02,SCHOFFERHOFER T. LATA NO RETORNABLE 500.0,0.092100002,28399.8457
2024-03,SCHOFFERHOFER T. LATA NO RETORNABLE 500.0,0.062100001,28125.56055
2024-04,SCHOFFERHOFER T. LATA NO RETORNABLE 500.0,0.283100009,25659.56641
2024-05,SCHOFFERHOFER T. LATA NO RETORNABLE 500.0,2.390100002,26214.75977
2024-06,SCHOFFERHOFER T. LATA NO RETORNABLE 500.0,3.022599936,23347.02734
2024-07,SCHOFFERHOFER T. LATA NO RETORNABLE 500.0,1.968899965,26163.67383
2024-08,SCHOFFERHOFER T. LATA NO RETORNABLE 500.0,2.457299948,27075.22461
2024-09,SCHOFFERHOFER T. LATA NO RETORNABLE 500.0,4.834899902,25187.60938
2024-10,SCHOFFERHOFER T. LATA NO RETORNABLE 500.0,3.924299955,20738.00586
2024-11,SCHOFFERHOFER T. LATA NO RETORNABLE 500.0,2.067124997,24106.98438
2024-12,SCHOFFERHOFER T. LATA NO RETORNABLE 500.0,3.687930178,28980.1582
2025-01,SCHOFFERHOFER T. LATA NO RETORNABLE 500.0,2.729232085,28159.19922
2025-02,SCHOFFERHOFER T. LATA NO RETORNABLE 500.0,2.334285103,27554.20703
2025-03,SCHOFFERHOFER T. LATA NO RETORNABLE 500.0,2.905730013,26765.04688
2025-04,SCHOFFERHOFER T. LATA NO RETORNABLE 500.0,2.233567988,27364.10547
2025-05,SCHOFFERHOFER T. LATA NO RETORNABLE 500.0,1.033577006,28270.52539
2025-06,SCHOFFERHOFER T. LATA NO RETORNABLE 500.0,0.642854994,28120.01953
2025-07,SCHOFFERHOFER T. LATA NO RETORNABLE 500.0,0.979700034,22686.54102
2025-08,SCHOFFERHOFER T. LATA NO RETORNABLE 500.0,0.382134011,23108.86133
2024-01,SOL CTE BOTELLA NO RETORNABLE 250.0,663.8018799,11321.63184
2024-02,SOL CTE BOTELLA NO RETORNABLE 250.0,460.3263855,11430.78809
2024-03,SOL CTE BOTELLA NO RETORNABLE 250.0,522.6776123,11493.58984
2024-04,SOL CTE BOTELLA NO RETORNABLE 250.0,393.2426147,10950.88477
2024-05,SOL CTE BOTELLA NO RETORNABLE 250.0,298.1072998,11605.11816
2024-06,SOL CTE BOTELLA NO RETORNABLE 250.0,304.171814,11715.21289
2024-07,SOL CTE BOTELLA NO RETORNABLE 250.0,310.4653015,11830.29102
2024-08,SOL CTE BOTELLA NO RETORNABLE 250.0,298.0256042,11576.41504
2024-09,SOL CTE BOTELLA NO RETORNABLE 250.0,372.8677979,11416.94141
2024-10,SOL CTE BOTELLA NO RETORNABLE 250.0,556.9550781,12334.08008
2024-11,SOL CTE BOTELLA NO RETORNABLE 250.0,440.4306885,12312.84082
2024-12,SOL CTE BOTELLA NO RETORNABLE 250.0,544.9878563,11762.24902
2025-01,SOL CTE BOTELLA NO RETORNABLE 250.0,495.8316425,12796.79395
2025-02,SOL CTE BOTELLA NO RETORNABLE 250.0,331.9103084,12546.2627
2025-03,SOL CTE BOTELLA NO RETORNABLE 250.0,459.722237,12618.37695
2025-04,SOL CTE BOTELLA NO RETORNABLE 250.0,489.4748389,11996.86426
2025-05,SOL CTE BOTELLA NO RETORNABLE 250.0,340.7384139,11851.50977
2025-06,SOL CTE BOTELLA NO RETORNABLE 250.0,473.6112539,9105.736328
2025-07,SOL CTE BOTELLA NO RETORNABLE 250.0,512.8089202,10475.4209
2025-08,SOL CTE BOTELLA NO RETORNABLE 250.0,611.8561665,11654.06445
2024-01,SOL CTE BOTELLA NO RETORNABLE 330.0,549.2279053,11971.85938
2024-02,SOL CTE BOTELLA NO RETORNABLE 330.0,469.1361084,12392.31738
2024-03,SOL CTE BOTELLA NO RETORNABLE 330.0,417.7730103,12458.96777
2024-04,SOL CTE BOTELLA NO RETORNABLE 330.0,417.0436096,12582.73047
2024-05,SOL CTE BOTELLA NO RETORNABLE 330.0,330.2033081,12881.31348
2024-06,SOL CTE BOTELLA NO RETORNABLE 330.0,362.5466919,13546.20215
2024-07,SOL CTE BOTELLA NO RETORNABLE 330.0,391.0098877,12754.59668
2024-08,SOL CTE BOTELLA NO RETORNABLE 330.0,325.3418884,12745.68164
2024-09,SOL CTE BOTELLA NO RETORNABLE 330.0,285.3526001,13859.27637
2024-10,SOL CTE BOTELLA NO RETORNABLE 330.0,324.8175049,13742.93359
2024-11,SOL CTE BOTELLA NO RETORNABLE 330.0,268.0607992,13277.75195
2024-12,SOL CTE BOTELLA NO RETORNABLE 330.0,357.8920995,12436.21484
2025-01,SOL CTE BOTELLA NO RETORNABLE 330.0,306.0152763,12482.16797
2025-02,SOL CTE BOTELLA NO RETORNABLE 330.0,242.1583977,13284.04297
2025-03,SOL CTE BOTELLA NO RETORNABLE 330.0,295.959415,13729.09863
2025-04,SOL CTE BOTELLA NO RETORNABLE 330.0,258.8841655,14073.92188
2025-05,SOL CTE BOTELLA NO RETORNABLE 330.0,237.5499095,13699.14258
2025-06,SOL CTE BOTELLA NO RETORNABLE 330.0,274.92251,14221.40137
2025-07,SOL CTE BOTELLA NO RETORNABLE 330.0,303.7811388,13809.52832
2025-08,SOL CTE BOTELLA NO RETORNABLE 330.0,215.637688,13764.27148
2024-01,SOL CTE BOTELLA NO RETORNABLE 355.0,5.054699898,11781.67188
2024-02,SOL CTE BOTELLA NO RETORNABLE 355.0,3.065700054,12280.05664
2024-03,SOL CTE BOTELLA NO RETORNABLE 355.0,1.884799957,11523.73145
2024-04,SOL CTE BOTELLA NO RETORNABLE 355.0,0.416999996,11519.04688
2024-05,SOL CTE BOTELLA NO RETORNABLE 355.0,2.086600065,11514.375
2024-06,SOL CTE BOTELLA NO RETORNABLE 355.0,1.077499986,10482.38184
2024-07,SOL CTE BOTELLA NO RETORNABLE 355.0,7.821000099,10130.6748
2024-08,SOL CTE BOTELLA NO RETORNABLE 355.0,0.413500011,11365.82422
2024-09,SOL CTE BOTELLA NO RETORNABLE 355.0,1.370700002,11461.59863
2024-10,SOL CTE BOTELLA NO RETORNABLE 355.0,0.54400003,10931.00195
2024-11,SOL CTE BOTELLA NO RETORNABLE 355.0,0.386916992,11429.38867
2024-12,SOL CTE BOTELLA NO RETORNABLE 355.0,1.576115042,12532.19434
2025-01,SOL CTE BOTELLA NO RETORNABLE 355.0,0.01065,12394.36621
2025-02,SOL CTE BOTELLA NO RETORNABLE 355.0,0.89045096,11519.42578
2025-03,SOL CTE BOTELLA NO RETORNABLE 355.0,1.415136064,11650.96094
2025-04,SOL CTE BOTELLA NO RETORNABLE 355.0,0.063900001,12472.61328
2025-05,SOL CTE BOTELLA NO RETORNABLE 355.0,0.638859984,11500.39063
2025-06,SOL CTE BOTELLA NO RETORNABLE 355.0,0.601096004,15016.87012
2025-07,SOL CTE BOTELLA NO RETORNABLE 355.0,10.27782453,15633.77051
2025-08,SOL CTE BOTELLA NO RETORNABLE 355.0,4.858773866,15580.92578
2024-01,SOL CTE LATA NO RETORNABLE 269.0,2001.172607,9417.376953
2024-02,SOL CTE LATA NO RETORNABLE 269.0,1456.504883,9512.966797
2024-03,SOL CTE LATA NO RETORNABLE 269.0,1423.530029,9608.477539
2024-04,SOL CTE LATA NO RETORNABLE 269.0,1214.203369,9476.623047
2024-05,SOL CTE LATA NO RETORNABLE 269.0,1099.224243,9379.988281
2024-06,SOL CTE LATA NO RETORNABLE 269.0,998.1604004,9592.035156
2024-07,SOL CTE LATA NO RETORNABLE 269.0,945.7749023,9889.06543
2024-08,SOL CTE LATA NO RETORNABLE 269.0,598.7503052,9099.431641
2024-09,SOL CTE LATA NO RETORNABLE 269.0,378.6997986,8753.691406
2024-10,SOL CTE LATA NO RETORNABLE 269.0,197.0847015,9252.132813
2024-11,SOL CTE LATA NO RETORNABLE 269.0,131.7874337,9929.216797
2024-12,SOL CTE LATA NO RETORNABLE 269.0,128.6252934,10069.09766
2025-01,SOL CTE LATA NO RETORNABLE 269.0,78.82964543,9832.916992
2025-02,SOL CTE LATA NO RETORNABLE 269.0,55.05184767,10098.40039
2025-03,SOL CTE LATA NO RETORNABLE 269.0,25.1522643,9474.25
2025-04,SOL CTE LATA NO RETORNABLE 269.0,31.79464447,9501.235352
2025-05,SOL CTE LATA NO RETORNABLE 269.0,36.10566638,9770.280273
2025-06,SOL CTE LATA NO RETORNABLE 269.0,5.24333977,10771.22168
2025-07,SOL CTE LATA NO RETORNABLE 269.0,27.93368138,9801.800781
2025-08,SOL CTE LATA NO RETORNABLE 269.0,14.97639357,9629.6875
2024-03,SOL CTE LATA NO RETORNABLE 310.0,10.34920025,9677.419922
2024-04,SOL CTE LATA NO RETORNABLE 310.0,143.9299011,10021.39941
2024-05,SOL CTE LATA NO RETORNABLE 310.0,161.0809021,9658.959961
2024-06,SOL CTE LATA NO RETORNABLE 310.0,187.7328033,9508.304688
2024-07,SOL CTE LATA NO RETORNABLE 310.0,173.7559967,9280.128906
2024-08,SOL CTE LATA NO RETORNABLE 310.0,374.1271057,9075.633789
2024-09,SOL CTE LATA NO RETORNABLE 310.0,609.1381226,9232.642578
2024-10,SOL CTE LATA NO RETORNABLE 310.0,795.6682739,8863.321289
2024-11,SOL CTE LATA NO RETORNABLE 310.0,867.3762862,8245.205078
2024-12,SOL CTE LATA NO RETORNABLE 310.0,1548.65256,7271.669922
2025-01,SOL CTE LATA NO RETORNABLE 310.0,1792.045697,7549.196777
2025-02,SOL CTE LATA NO RETORNABLE 310.0,651.3522363,9076.623047
2025-03,SOL CTE LATA NO RETORNABLE 310.0,705.9910746,9256.696289
2025-04,SOL CTE LATA NO RETORNABLE 310.0,656.7765037,9408.178711
2025-05,SOL CTE LATA NO RETORNABLE 310.0,622.5437733,9531.655273
2025-06,SOL CTE LATA NO RETORNABLE 310.0,704.4900445,9639.149414
2025-07,SOL CTE LATA NO RETORNABLE 310.0,787.5430402,9372.579102
2025-08,SOL CTE LATA NO RETORNABLE 310.0,748.2344401,9746.499023
2024-01,STEAM BREW T. LATA NO RETORNABLE 500.0,27.92709923,27936.625
2024-02,STEAM BREW T. LATA NO RETORNABLE 500.0,19.05509949,28623.08008
2024-03,STEAM BREW T. LATA NO RETORNABLE 500.0,26.49720001,26897.83594
2024-04,STEAM BREW T. LATA NO RETORNABLE 500.0,21.2276001,26184.56836
2024-05,STEAM BREW T. LATA NO RETORNABLE 500.0,18.64959908,27857.83203
2024-06,STEAM BREW T. LATA NO RETORNABLE 500.0,33.9679985,24643.64258
2024-07,STEAM BREW T. LATA NO RETORNABLE 500.0,34.05509949,29095.28125
2024-08,STEAM BREW T. LATA NO RETORNABLE 500.0,34.90140152,30081.68359
2024-09,STEAM BREW T. LATA NO RETORNABLE 500.0,30.4545002,30203.67969
2024-10,STEAM BREW T. LATA NO RETORNABLE 500.0,25.58659935,30939.36133
2024-11,STEAM BREW T. LATA NO RETORNABLE 500.0,15.70492402,30753.23633
2024-12,STEAM BREW T. LATA NO RETORNABLE 500.0,29.67270745,30564.10547
2025-01,STEAM BREW T. LATA NO RETORNABLE 500.0,36.86494255,30691.20313
2025-02,STEAM BREW T. LATA NO RETORNABLE 500.0,24.01272088,30654.95508
2025-03,STEAM BREW T. LATA NO RETORNABLE 500.0,24.35157068,31834.12891
2025-04,STEAM BREW T. LATA NO RETORNABLE 500.0,20.33636095,32310.15625
2025-05,STEAM BREW T. LATA NO RETORNABLE 500.0,20.59154578,32187.32227
2025-06,STEAM BREW T. LATA NO RETORNABLE 500.0,26.59281092,30471.81445
2025-07,STEAM BREW T. LATA NO RETORNABLE 500.0,18.79724262,31203.35742
2025-08,STEAM BREW T. LATA NO RETORNABLE 500.0,16.99403559,30536.42188
2024-01,STOWFORD T. BOTELLA NO RETORNABLE 330.0,1.078199983,38075.51563
2024-02,STOWFORD T. BOTELLA NO RETORNABLE 330.0,0.842899978,37979.49609
2024-03,STOWFORD T. BOTELLA NO RETORNABLE 330.0,0.812699974,38866.38281
2024-04,STOWFORD T. BOTELLA NO RETORNABLE 330.0,0.772199988,41743.01172
2024-05,STOWFORD T. BOTELLA NO RETORNABLE 330.0,0.707599998,39995.35156
2024-06,STOWFORD T. BOTELLA NO RETORNABLE 330.0,0.704299986,39708.94141
2024-07,STOWFORD T. BOTELLA NO RETORNABLE 330.0,0.810400009,40044.72266
2024-08,STOWFORD T. BOTELLA NO RETORNABLE 330.0,0.503499985,37441.48438
2024-09,STOWFORD T. BOTELLA NO RETORNABLE 330.0,1.040400028,22697.11719
2024-10,STOWFORD T. BOTELLA NO RETORNABLE 330.0,0.151299998,26263.75586
2024-11,STOWFORD T. BOTELLA NO RETORNABLE 330.0,0.013671,40583.13672
2024-12,STOWFORD T. BOTELLA NO RETORNABLE 330.0,0.0066,34424.24219
2025-01,STOWFORD T. BOTELLA NO RETORNABLE 330.0,0.0033,43030.30469
2024-01,STOWFORD T. BOTELLA NO RETORNABLE 500.0,1.447900057,37262.73047
2024-02,STOWFORD T. BOTELLA NO RETORNABLE 500.0,1.144999981,36244.02344
2024-03,STOWFORD T. BOTELLA NO RETORNABLE 500.0,1.100000024,37499.00781
2024-04,STOWFORD T. BOTELLA NO RETORNABLE 500.0,0.916400015,39210.46875
2024-05,STOWFORD T. BOTELLA NO RETORNABLE 500.0,1.308599949,25852.56055
2024-06,STOWFORD T. BOTELLA NO RETORNABLE 500.0,0.755699992,37501.31641
2024-07,STOWFORD T. BOTELLA NO RETORNABLE 500.0,0.672900021,38052.85547
2024-08,STOWFORD T. BOTELLA NO RETORNABLE 500.0,0.905700028,37821.77734
2024-09,STOWFORD T. BOTELLA NO RETORNABLE 500.0,1.441400051,35421.35547
2024-10,STOWFORD T. BOTELLA NO RETORNABLE 500.0,1.480700016,36031.78906
2024-11,STOWFORD T. BOTELLA NO RETORNABLE 500.0,0.931422042,38257.23828
2024-12,STOWFORD T. BOTELLA NO RETORNABLE 500.0,1.502161052,39354.35547
2025-01,STOWFORD T. BOTELLA NO RETORNABLE 500.0,1.494973938,40833.53125
2025-02,STOWFORD T. BOTELLA NO RETORNABLE 500.0,0.846424972,40342.05469
2025-03,STOWFORD T. BOTELLA NO RETORNABLE 500.0,1.279294965,41444.77344
2025-04,STOWFORD T. BOTELLA NO RETORNABLE 500.0,1.349281983,42041.73828
2025-05,STOWFORD T. BOTELLA NO RETORNABLE 500.0,1.555723999,42273.32422
2025-06,STOWFORD T. BOTELLA NO RETORNABLE 500.0,1.209994932,42631.69922
2025-07,STOWFORD T. BOTELLA NO RETORNABLE 500.0,0.749288959,42879.94922
2025-08,STOWFORD T. BOTELLA NO RETORNABLE 500.0,0.729274997,41759.98438
2024-01,STOWFORD T. LATA NO RETORNABLE 500.0,3.22149992,23603.41016
2024-02,STOWFORD T. LATA NO RETORNABLE 500.0,1.76789999,32087.20117
2024-03,STOWFORD T. LATA NO RETORNABLE 500.0,2.244999886,31716.79688
2024-04,STOWFORD T. LATA NO RETORNABLE 500.0,2.080699921,28099.62109
2024-05,STOWFORD T. LATA NO RETORNABLE 500.0,1.402799964,23212.62695
2024-06,STOWFORD T. LATA NO RETORNABLE 500.0,1.295699954,32155.35352
2024-07,STOWFORD T. LATA NO RETORNABLE 500.0,1.114300013,32479.18359
2024-08,STOWFORD T. LATA NO RETORNABLE 500.0,1.800699949,33266.00391
2024-09,STOWFORD T. LATA NO RETORNABLE 500.0,2.647099972,31239.20508
2024-10,STOWFORD T. LATA NO RETORNABLE 500.0,2.582900047,31354.60547
2024-11,STOWFORD T. LATA NO RETORNABLE 500.0,1.91784589,33349.03516
2024-12,STOWFORD T. LATA NO RETORNABLE 500.0,4.656470187,26722.48828
2025-01,STOWFORD T. LATA NO RETORNABLE 500.0,2.357090909,28916.89063
2025-02,STOWFORD T. LATA NO RETORNABLE 500.0,1.524970973,30607.50391
2025-03,STOWFORD T. LATA NO RETORNABLE 500.0,4.020747912,28786.04492
2025-04,STOWFORD T. LATA NO RETORNABLE 500.0,3.349272935,30114.13281
2025-05,STOWFORD T. LATA NO RETORNABLE 500.0,3.347168933,29267.14844
2025-06,STOWFORD T. LATA NO RETORNABLE 500.0,1.703559024,30323.08789
2025-07,STOWFORD T. LATA NO RETORNABLE 500.0,0.988574942,37015.25391
2025-08,STOWFORD T. LATA NO RETORNABLE 500.0,0.822128,37677.32031
2025-07,TECATE CTE BOTELLA NO RETORNABLE 300.0,0.471742982,10999.96094
2024-01,TECATE CTE BOTELLA RETORNABLE 330.0,22724.96094,5878.300781
2024-02,TECATE CTE BOTELLA RETORNABLE 330.0,20066.42188,5812.116211
2024-03,TECATE CTE BOTELLA RETORNABLE 330.0,19486.23828,5874.45459
2024-04,TECATE CTE BOTELLA RETORNABLE 330.0,23008.80859,5889.847168
2024-05,TECATE CTE BOTELLA RETORNABLE 330.0,21640.35547,5972.306641
2024-06,TECATE CTE BOTELLA RETORNABLE 330.0,22032.21484,5957.826172
2024-07,TECATE CTE BOTELLA RETORNABLE 330.0,24114.58203,5952.303711
2024-08,TECATE CTE BOTELLA RETORNABLE 330.0,21911.83594,6036.520996
2024-09,TECATE CTE BOTELLA RETORNABLE 330.0,21301.19531,6109.429199
2024-10,TECATE CTE BOTELLA RETORNABLE 330.0,23111.20117,6115.663086
2024-11,TECATE CTE BOTELLA RETORNABLE 330.0,22222.98774,6107.452148
2024-12,TECATE CTE BOTELLA RETORNABLE 330.0,26269.46808,6103.072754
2025-01,TECATE CTE BOTELLA RETORNABLE 330.0,25053.62677,6166.147461
2025-02,TECATE CTE BOTELLA RETORNABLE 330.0,19529.02456,6164.975098
2025-03,TECATE CTE BOTELLA RETORNABLE 330.0,22389.95406,6225.097656
2025-04,TECATE CTE BOTELLA RETORNABLE 330.0,22550.49207,6296.952637
2025-05,TECATE CTE BOTELLA RETORNABLE 330.0,21292.63999,6433.865723
2025-06,TECATE CTE BOTELLA RETORNABLE 330.0,23095.73655,6414.739746
2025-07,TECATE CTE BOTELLA RETORNABLE 330.0,23120.58456,6379.633301
2025-08,TECATE CTE BOTELLA RETORNABLE 330.0,22299.91327,6392.370117
2024-01,TECATE CTE BOTELLA RETORNABLE 750.0,9289.398438,4632.188965
2024-02,TECATE CTE BOTELLA RETORNABLE 750.0,11940.3623,4770.813965
2024-03,TECATE CTE BOTELLA RETORNABLE 750.0,13583.30762,4689.957031
2024-04,TECATE CTE BOTELLA RETORNABLE 750.0,15874.81836,4681.126953
2024-05,TECATE CTE BOTELLA RETORNABLE 750.0,16222.69531,4642.634766
2024-06,TECATE CTE BOTELLA RETORNABLE 750.0,19243.85156,4656.075684
2024-07,TECATE CTE BOTELLA RETORNABLE 750.0,18983.13477,4690.109375
2024-08,TECATE CTE BOTELLA RETORNABLE 750.0,21312.25,4743.08252
2024-09,TECATE CTE BOTELLA RETORNABLE 750.0,20756.26367,4772.461914
2024-10,TECATE CTE BOTELLA RETORNABLE 750.0,22960.74219,4824.058105
2024-11,TECATE CTE BOTELLA RETORNABLE 750.0,21506.88207,4877.332031
2024-12,TECATE CTE BOTELLA RETORNABLE 750.0,26034.32927,4913.312012
2025-01,TECATE CTE BOTELLA RETORNABLE 750.0,23970.04932,4836.408691
2025-02,TECATE CTE BOTELLA RETORNABLE 750.0,21725.66381,4810.171387
2025-03,TECATE CTE BOTELLA RETORNABLE 750.0,22255.41695,4840.231934
2025-04,TECATE CTE BOTELLA RETORNABLE 750.0,25593.0387,4789.09668
2025-05,TECATE CTE BOTELLA RETORNABLE 750.0,28927.45465,4765.937988
2025-06,TECATE CTE BOTELLA RETORNABLE 750.0,26660.18613,4752.841309
2025-07,TECATE CTE BOTELLA RETORNABLE 750.0,30128.61837,4745.841797
2025-08,TECATE CTE BOTELLA RETORNABLE 750.0,32074.02789,4816.784668
2024-01,TECATE CTE LATA NO RETORNABLE 269.0,131.6808929,8219.790039
2024-02,TECATE CTE LATA NO RETORNABLE 269.0,104.2061996,9415.327148
2024-03,TECATE CTE LATA NO RETORNABLE 269.0,124.3127975,7692.38623
2024-04,TECATE CTE LATA NO RETORNABLE 269.0,136.7814941,7611.122559
2024-05,TECATE CTE LATA NO RETORNABLE 269.0,66.21849823,10197.76172
2024-06,TECATE CTE LATA NO RETORNABLE 269.0,29.51420021,10229.30859
2024-07,TECATE CTE LATA NO RETORNABLE 269.0,23.54730034,9836.666992
2024-08,TECATE CTE LATA NO RETORNABLE 269.0,26.20910072,8041.810547
2024-09,TECATE CTE LATA NO RETORNABLE 269.0,48.22809982,8008.546387
2024-10,TECATE CTE LATA NO RETORNABLE 269.0,40.25529861,8040.671875
2024-11,TECATE CTE LATA NO RETORNABLE 269.0,27.61987987,8087.675293
2024-12,TECATE CTE LATA NO RETORNABLE 269.0,28.24896177,8032.593262
2025-01,TECATE CTE LATA NO RETORNABLE 269.0,28.68420189,8031.378418
2025-02,TECATE CTE LATA NO RETORNABLE 269.0,31.03870993,8101.645996
2025-03,TECATE CTE LATA NO RETORNABLE 269.0,26.39612751,8345.202148
2025-04,TECATE CTE LATA NO RETORNABLE 269.0,42.92993968,8055.424316
2025-05,TECATE CTE LATA NO RETORNABLE 269.0,28.29925496,8028.726563
2025-06,TECATE CTE LATA NO RETORNABLE 269.0,26.8585083,8029.378906
2025-07,TECATE CTE LATA NO RETORNABLE 269.0,16.6606926,8023.763672
2025-08,TECATE CTE LATA NO RETORNABLE 269.0,9.171635306,8084.074707
2024-01,TECATE CTE LATA NO RETORNABLE 330.0,3055.248779,7212.935059
2024-02,TECATE CTE LATA NO RETORNABLE 330.0,2675.471191,6968.336914
2024-03,TECATE CTE LATA NO RETORNABLE 330.0,3200.638184,6439.041992
2024-04,TECATE CTE LATA NO RETORNABLE 330.0,2548.991699,7194.654785
2024-05,TECATE CTE LATA NO RETORNABLE 330.0,2758.424561,6963.086914
2024-06,TECATE CTE LATA NO RETORNABLE 330.0,2195.601807,6983.224121
2024-07,TECATE CTE LATA NO RETORNABLE 330.0,2543.985596,7115.40625
2024-08,TECATE CTE LATA NO RETORNABLE 330.0,2375.239746,7337.794922
2024-09,TECATE CTE LATA NO RETORNABLE 330.0,2960.296143,7445.099609
2024-10,TECATE CTE LATA NO RETORNABLE 330.0,2484.348389,7225.646484
2024-11,TECATE CTE LATA NO RETORNABLE 330.0,2551.416592,7208.615723
2024-12,TECATE CTE LATA NO RETORNABLE 330.0,2651.462325,7377.549805
2025-01,TECATE CTE LATA NO RETORNABLE 330.0,2881.107389,7196.001953
2025-02,TECATE CTE LATA NO RETORNABLE 330.0,1658.775939,6965.140625
2025-03,TECATE CTE LATA NO RETORNABLE 330.0,1668.972764,7349.260254
2025-04,TECATE CTE LATA NO RETORNABLE 330.0,1434.791434,7556.307617
2025-05,TECATE CTE LATA NO RETORNABLE 330.0,1379.16973,7130.10498
2025-06,TECATE CTE LATA NO RETORNABLE 330.0,2041.826606,6065.36377
2025-07,TECATE CTE LATA NO RETORNABLE 330.0,1813.535391,6411.627441
2025-08,TECATE CTE LATA NO RETORNABLE 330.0,2051.276894,6032.467773
2024-01,TECATE CTE LATA NO RETORNABLE 355.0,243.2095032,5657.799316
2024-02,TECATE CTE LATA NO RETORNABLE 355.0,179.1237946,6600.669434
2024-03,TECATE CTE LATA NO RETORNABLE 355.0,67.83460236,8746.450195
2024-04,TECATE CTE LATA NO RETORNABLE 355.0,29.07360077,9598.293945
2024-05,TECATE CTE LATA NO RETORNABLE 355.0,918.6842041,5462.225098
2024-06,TECATE CTE LATA NO RETORNABLE 355.0,125.0826035,5791.995605
2024-07,TECATE CTE LATA NO RETORNABLE 355.0,26.50510025,6983.738281
2024-08,TECATE CTE LATA NO RETORNABLE 355.0,20.15999985,6972.523438
2024-09,TECATE CTE LATA NO RETORNABLE 355.0,102.0155029,6963.455566
2024-10,TECATE CTE LATA NO RETORNABLE 355.0,24.7439003,6341.626465
2024-11,TECATE CTE LATA NO RETORNABLE 355.0,42.65727328,6266.557129
2024-12,TECATE CTE LATA NO RETORNABLE 355.0,30.69953278,6978.721191
2025-01,TECATE CTE LATA NO RETORNABLE 355.0,426.623572,5300.069824
2025-02,TECATE CTE LATA NO RETORNABLE 355.0,34.34720732,6969.212891
2025-03,TECATE CTE LATA NO RETORNABLE 355.0,45.03247642,7838.601563
2025-04,TECATE CTE LATA NO RETORNABLE 355.0,16.30049646,6897.216309
2025-05,TECATE CTE LATA NO RETORNABLE 355.0,16.4035696,6674.842285
2025-06,TECATE CTE LATA NO RETORNABLE 355.0,25.13959293,7238.458496
2025-07,TECATE CTE LATA NO RETORNABLE 355.0,3.380417044,6819.597168
2025-08,TECATE CTE LATA NO RETORNABLE 355.0,6.700144678,6553.485352
2025-08,TECATE CTE LATA NO RETORNABLE 473.0,50.95118426,8046.717773
2024-01,TORREMOLINOS T. BOTELLA NO RETORNABLE 330.0,10.98149967,37272.70703
2024-02,TORREMOLINOS T. BOTELLA NO RETORNABLE 330.0,6.110499859,37272.72656
2024-03,TORREMOLINOS T. BOTELLA NO RETORNABLE 330.0,8.980799675,37272.72656
2024-04,TORREMOLINOS T. BOTELLA NO RETORNABLE 330.0,9.604499817,37563.55469
2024-05,TORREMOLINOS T. BOTELLA NO RETORNABLE 330.0,8.442099571,37439.92969
2024-06,TORREMOLINOS T. BOTELLA NO RETORNABLE 330.0,9.718600273,37336.59766
2024-07,TORREMOLINOS T. BOTELLA NO RETORNABLE 330.0,9.212400436,37345.76563
2024-08,TORREMOLINOS T. BOTELLA NO RETORNABLE 330.0,7.663799763,37355.83984
2024-09,TORREMOLINOS T. BOTELLA NO RETORNABLE 330.0,13.55090046,37603.82422
2024-10,TORREMOLINOS T. BOTELLA NO RETORNABLE 330.0,4.018400192,37405.05078
2024-11,TORREMOLINOS T. BOTELLA NO RETORNABLE 330.0,9.544574721,37467.60547
2024-12,TORREMOLINOS T. BOTELLA NO RETORNABLE 330.0,2.110311896,37272.72266
2025-01,TORREMOLINOS T. BOTELLA NO RETORNABLE 330.0,1.814445888,37272.70703
2025-02,TORREMOLINOS T. BOTELLA NO RETORNABLE 330.0,4.589807532,37304.33984
2025-03,TORREMOLINOS T. BOTELLA NO RETORNABLE 330.0,2.399011875,37577.49219
2025-04,TORREMOLINOS T. BOTELLA NO RETORNABLE 330.0,2.715296959,37500.73438
2025-05,TORREMOLINOS T. BOTELLA NO RETORNABLE 330.0,1.196066091,37272.71875
2025-06,TORREMOLINOS T. BOTELLA NO RETORNABLE 330.0,3.389227031,37481.48438
2025-07,TORREMOLINOS T. BOTELLA NO RETORNABLE 330.0,3.80389212,37468.69141
2025-08,TORREMOLINOS T. BOTELLA NO RETORNABLE 330.0,6.724338274,37400.24219
2024-01,TRES GUERREROS T. BOTELLA NO RETORNABLE 330.0,0.640299976,24141.89648
2024-02,TRES GUERREROS T. BOTELLA NO RETORNABLE 330.0,0.525399983,24439.39844
2024-03,TRES GUERREROS T. BOTELLA NO RETORNABLE 330.0,0.934300005,24544.77734
2024-04,TRES GUERREROS T. BOTELLA NO RETORNABLE 330.0,0.68599999,28964.95703
2024-05,TRES GUERREROS T. BOTELLA NO RETORNABLE 330.0,1.363499999,26235.04102
2024-06,TRES GUERREROS T. BOTELLA NO RETORNABLE 330.0,0.160799995,29476.50977
2024-07,TRES GUERREROS T. BOTELLA NO RETORNABLE 330.0,0.121299997,31060.10547
2024-08,TRES GUERREROS T. BOTELLA NO RETORNABLE 330.0,0.096000001,27317.48047
2024-09,TRES GUERREROS T. BOTELLA NO RETORNABLE 330.0,0.498100013,29276.62891
2024-10,TRES GUERREROS T. BOTELLA NO RETORNABLE 330.0,0.410100013,31452.86328
2024-11,TRES GUERREROS T. BOTELLA NO RETORNABLE 330.0,0.353329991,34278.8125
2024-12,TRES GUERREROS T. BOTELLA NO RETORNABLE 330.0,0.094988003,34942.34375
2025-01,TRES GUERREROS T. BOTELLA NO RETORNABLE 330.0,0.077300002,35956.62109
2025-03,TRES GUERREROS T. BOTELLA NO RETORNABLE 330.0,0.0033,29545.45508
2025-04,TRES GUERREROS T. BOTELLA NO RETORNABLE 330.0,0.0033,29545.45508
2024-01,TROOPER T. LATA NO RETORNABLE 500.0,12.46510029,31420.57227
2024-02,TROOPER T. LATA NO RETORNABLE 500.0,5.594299793,32373.41602
2024-03,TROOPER T. LATA NO RETORNABLE 500.0,5.095399857,33160.61328
2024-04,TROOPER T. LATA NO RETORNABLE 500.0,3.521199942,32238.86523
2024-05,TROOPER T. LATA NO RETORNABLE 500.0,11.67269993,32034.7793
2024-06,TROOPER T. LATA NO RETORNABLE 500.0,10.64410019,32316.14648
2024-07,TROOPER T. LATA NO RETORNABLE 500.0,13.02210045,31110.25391
2024-08,TROOPER T. LATA NO RETORNABLE 500.0,18.7758007,32561.8418
2024-09,TROOPER T. LATA NO RETORNABLE 500.0,18.23279953,31500.42773
2024-10,TROOPER T. LATA NO RETORNABLE 500.0,20.78089905,32587.36133
2024-11,TROOPER T. LATA NO RETORNABLE 500.0,24.74883559,32680.58398
2024-12,TROOPER T. LATA NO RETORNABLE 500.0,13.04717327,32160.15234
2025-01,TROOPER T. LATA NO RETORNABLE 500.0,3.247780195,32354.30469
2025-02,TROOPER T. LATA NO RETORNABLE 500.0,2.932056199,32471.04883
2025-03,TROOPER T. LATA NO RETORNABLE 500.0,3.580021824,30611.77148
2025-04,TROOPER T. LATA NO RETORNABLE 500.0,3.01069409,32371.69141
2025-05,TROOPER T. LATA NO RETORNABLE 500.0,5.313679908,31702.25586
2025-06,TROOPER T. LATA NO RETORNABLE 500.0,6.460449001,31278.55664
2025-07,TROOPER T. LATA NO RETORNABLE 500.0,3.602787032,32234.89453
2025-08,TROOPER T. LATA NO RETORNABLE 500.0,92.41258891,37985.51563
2024-01,VEDETT T. BOTELLA NO RETORNABLE 330.0,16.40369987,56821.19531
2024-02,VEDETT T. BOTELLA NO RETORNABLE 330.0,11.0309,55025.89844
2024-03,VEDETT T. BOTELLA NO RETORNABLE 330.0,17.90509987,57612.74609
2024-04,VEDETT T. BOTELLA NO RETORNABLE 330.0,14.8416996,57662.60156
2024-05,VEDETT T. BOTELLA NO RETORNABLE 330.0,20.94849968,54473.27344
2024-06,VEDETT T. BOTELLA NO RETORNABLE 330.0,16.79109955,52920.70313
2024-07,VEDETT T. BOTELLA NO RETORNABLE 330.0,14.41530037,56602.20703
2024-08,VEDETT T. BOTELLA NO RETORNABLE 330.0,24.22330093,56049.35547
2024-09,VEDETT T. BOTELLA NO RETORNABLE 330.0,16.61680031,53974.60547
2024-10,VEDETT T. BOTELLA NO RETORNABLE 330.0,10.66619968,48501.77734
2024-11,VEDETT T. BOTELLA NO RETORNABLE 330.0,14.92009499,58443.89063
2024-12,VEDETT T. BOTELLA NO RETORNABLE 330.0,20.53692103,54197.1875
2025-01,VEDETT T. BOTELLA NO RETORNABLE 330.0,15.68105075,53773.30469
2025-02,VEDETT T. BOTELLA NO RETORNABLE 330.0,17.7868726,55587.80469
2025-03,VEDETT T. BOTELLA NO RETORNABLE 330.0,19.72702974,56618.33203
2025-04,VEDETT T. BOTELLA NO RETORNABLE 330.0,23.63056002,54211.1875
2025-05,VEDETT T. BOTELLA NO RETORNABLE 330.0,21.33014134,53593.44141
2025-06,VEDETT T. BOTELLA NO RETORNABLE 330.0,45.6214103,52376.49219
2025-07,VEDETT T. BOTELLA NO RETORNABLE 330.0,14.60590771,59228.71875
2025-08,VEDETT T. BOTELLA NO RETORNABLE 330.0,24.45320955,61033.53906
2024-12,WARSTEINER T. BOTELLA NO RETORNABLE 330.0,0.082567002,21630.16602
2024-01,WEIDMANN T. LATA NO RETORNABLE 500.0,56.84749985,25888.0625
2024-02,WEIDMANN T. LATA NO RETORNABLE 500.0,43.37799835,27428.26367
2024-03,WEIDMANN T. LATA NO RETORNABLE 500.0,41.99649811,27669.09961
2024-04,WEIDMANN T. LATA NO RETORNABLE 500.0,52.55360031,27352.95313
2024-05,WEIDMANN T. LATA NO RETORNABLE 500.0,55.04230118,26212.55469
2024-06,WEIDMANN T. LATA NO RETORNABLE 500.0,52.27640152,24383.04883
2024-07,WEIDMANN T. LATA NO RETORNABLE 500.0,70.06030273,25192.4707
2024-08,WEIDMANN T. LATA NO RETORNABLE 500.0,48.49720001,24994.2168
2024-09,WEIDMANN T. LATA NO RETORNABLE 500.0,51.2405014,26185.27734
2024-10,WEIDMANN T. LATA NO RETORNABLE 500.0,64.00749969,25698.05273
2024-11,WEIDMANN T. LATA NO RETORNABLE 500.0,51.75973282,25457.68164
2024-12,WEIDMANN T. LATA NO RETORNABLE 500.0,82.56500666,23376.62695
2025-01,WEIDMANN T. LATA NO RETORNABLE 500.0,77.69955491,27464.51563
2025-02,WEIDMANN T. LATA NO RETORNABLE 500.0,67.91492958,30887.23633
2025-03,WEIDMANN T. LATA NO RETORNABLE 500.0,75.88865804,26502.4668
2025-04,WEIDMANN T. LATA NO RETORNABLE 500.0,82.69517744,26406.13477
2025-05,WEIDMANN T. LATA NO RETORNABLE 500.0,47.52499783,22318.08203
2025-06,WEIDMANN T. LATA NO RETORNABLE 500.0,49.48078588,33695.55859
2025-07,WEIDMANN T. LATA NO RETORNABLE 500.0,34.75859462,31740.65039
2025-08,WEIDMANN T. LATA NO RETORNABLE 500.0,52.01637044,30195.18945
