date,market,manufacturer,brand,sub_brand,package,package_type,capacity_number,numeric_distribution_stores_handling,avg_price_per_liter,inventory_hectoliters,weighted_distribution_tdp_reach
2/20/2025,market1,manufacturer46,brand82,sub_brand36,LATA,NO RETORNABLE,330,0.01413214,8996.348633,1.373200059,0.0049
2/20/2025,market1,manufacturer10,brand89,sub_brand3,BOTELLA,NO RETORNABLE,1500,7.033373833,3727.547852,2552.929688,20.18790054
2/20/2025,market1,manufacturer46,brand82,sub_brand3,BOTELLA,NO RETORNABLE,330,0.385623157,8890.413086,61.05149841,0.174799994
2/20/2025,market1,manufacturer46,brand82,sub_brand39,LATA,NO RETORNABLE,330,1.386326432,8796.500977,132.0401001,2.168200016
2/20/2025,market1,manufacturer46,brand82,sub_brand3,BOTELLA,NO RETORNABLE,400,0.00042694,4499.956543,0,0.0085
2/20/2025,market1,manufacturer46,brand82,sub_brand35,LATA,NO RETORNABLE,330,0.00647244,7575.759277,0.759500027,0.0052
2/20/2025,market1,manufacturer10,brand89,sub_brand3,LATA,NO RETORNABLE,310,23.29854774,8542.910156,3055.727295,47.12599945
2/20/2025,market1,manufacturer46,brand82,sub_brand3,BOTELLA,RETORNABLE,330,16.73576355,8674.724609,6936.029297,43.4919014
2/20/2025,market1,manufacturer46,brand82,sub_brand26,BOTELLA,RETORNABLE,330,0.0210246,6666.666504,27.16270065,0.066399999
2/20/2025,market1,manufacturer46,brand82,sub_brand3,BOTELLA,NO RETORNABLE,1500,17.07124138,3937.19751,6195.5,45.11299896
2/20/2025,market1,manufacturer10,brand89,sub_brand3,BOTELLA,NO RETORNABLE,330,0.81749624,8508.027344,337.1077881,3.656699896
2/20/2025,market1,manufacturer46,brand82,sub_brand3,LATA,NO RETORNABLE,330,34.95589447,6720.392578,7332.476563,65.73179626
7/23/2025,market1,manufacturer10,brand14,sub_brand3,LATA,NO RETORNABLE,310,6.487630367,8286.136719,2927.554688,10.73719978
7/23/2025,market1,ABI,brand73,sub_brand15,LATA,NO RETORNABLE,330,1.834904194,6467.333984,3154.039307,3.375200033
7/23/2025,market1,ABI,brand12,sub_brand3,LATA,NO RETORNABLE,330,27.44408607,9603.989258,33470.96875,46.16730118
7/23/2025,market1,ABI,brand16,sub_brand30,LATA,NO RETORNABLE,269,0.00693858,9293.680664,2.443099976,0.0462
7/23/2025,market1,manufacturer22,brand46,sub_brand37,LATA,NO RETORNABLE,330,0.01161233,27200.34766,0,0.588699996
7/23/2025,market1,manufacturer3,brand11,sub_brand2,BOTELLA,NO RETORNABLE,500,0.06889163,25862.83984,0.432500005,1.353700042
7/23/2025,market1,manufacturer11,brand19,sub_brand14,BOTELLA,NO RETORNABLE,330,0.00975711,48484.86719,1.098999977,0.083300002
7/23/2025,market1,ABI,brand3,sub_brand12,LATA,NO RETORNABLE,269,2.591946363,8339.916992,1544.534668,6.670400143
7/23/2025,market1,manufacturer4,brand5,sub_brand2,LATA,NO RETORNABLE,500,0.226845905,31740.65039,10.8288002,1.767799973
7/23/2025,market1,manufacturer10,brand14,sub_brand5,LATA,NO RETORNABLE,310,1.702124596,8002.393555,677.3551025,5.481999874
7/23/2025,market1,ABI,brand16,sub_brand41,BOTELLA,NO RETORNABLE,330,0.233124435,10397.06543,30.29070091,2.713999987
7/23/2025,market1,manufacturer11,brand19,sub_brand3,LATA,NO RETORNABLE,500,0.11807996,29830.63672,0.619300008,1.887199998
7/23/2025,market1,manufacturer10,brand57,sub_brand25,BOTELLA,NO RETORNABLE,300,2.493988037,9811.242188,2842.472168,7.376200199
7/23/2025,market1,ABI,brand1,sub_brand1,BOTELLA,NO RETORNABLE,330,0.313312083,10417.9043,155.1649017,2.102900028
7/23/2025,market1,manufacturer10,brand14,sub_brand5,LATA,NO RETORNABLE,330,0.155889958,8098.112793,24.06599998,0.125599995
7/23/2025,market1,ABI,brand3,sub_brand3,BOTELLA,RETORNABLE,750,5.658506393,5168.623047,17434.67578,13.38799953
7/23/2025,market1,manufacturer10,brand14,sub_brand3,LATA,NO RETORNABLE,473,10.59304523,7565.376465,8898.99707,12.81239986
7/23/2025,market1,ABI,brand3,sub_brand3,LATA,NO RETORNABLE,330,3.379195452,5616.997559,3620.02124,5.687600136
7/23/2025,market1,ABI,brand16,sub_brand5,LATA,NO RETORNABLE,473,11.26697636,8400.404297,11250.7207,18.07749939
7/23/2025,market1,manufacturer10,brand20,sub_brand3,LATA,NO RETORNABLE,250,0.00152607,9599.944336,0.111299999,0.001
7/23/2025,market1,manufacturer10,brand14,sub_brand5,BOTELLA,NO RETORNABLE,300,0.501424551,8578.889648,1007.428528,1.796000004
7/23/2025,market1,manufacturer9,brand13,sub_brand2,BOTELLA,NO RETORNABLE,750,0.00675627,51872.32031,0,0.276800007
7/23/2025,market1,manufacturer3,brand11,sub_brand2,BOTELLA,NO RETORNABLE,330,0.025357811,45971.28906,20.30620003,0.202500001
7/23/2025,market1,ABI,brand16,sub_brand3,LATA,NO RETORNABLE,330,31.68052673,9604.088867,41806.44141,53.65579987
7/23/2025,market1,ABI,brand3,sub_brand12,LATA,NO RETORNABLE,473,3.597024679,7990.855469,1759.970703,5.44630003
7/23/2025,market1,ABI,brand1,sub_brand10,BOTELLA,RETORNABLE,330,0.215734974,11688.35449,5.545499802,0.0557
7/23/2025,market1,manufacturer21,brand41,sub_brand3,LATA,NO RETORNABLE,330,0.01182347,29786.69141,0,0.543099999
7/23/2025,market1,ABI,brand7,sub_brand40,BOTELLA,NO RETORNABLE,330,0.365756094,15778.87988,50.9538002,2.627599955
7/23/2025,market1,manufacturer22,brand46,sub_brand2,BOTELLA,NO RETORNABLE,355,0.01039051,63435.67188,1.182299972,0.096100003
7/23/2025,market1,ABI,brand25,sub_brand2,LATA,NO RETORNABLE,330,0.0038004,11710.15723,0,0.0062
7/23/2025,market1,manufacturer7,brand9,sub_brand2,LATA,NO RETORNABLE,500,0.00105567,25862.19531,0,0.016000001
7/23/2025,market1,manufacturer43,brand76,sub_brand2,BOTELLA,NO RETORNABLE,330,0.00021113,11818.18164,0,0.0029
7/23/2025,market1,ABI,brand12,sub_brand3,LATA,NO RETORNABLE,355,0.039294709,11549.30566,17.76350021,0.033599999
7/23/2025,market1,manufacturer22,brand46,sub_brand2,BOTELLA,NO RETORNABLE,250,0.0133014,20282.25781,0,0.699299991
7/23/2025,market1,ABI,brand15,sub_brand3,BOTELLA,RETORNABLE,300,0.045198608,10000,0,0.092
7/23/2025,market1,manufacturer10,brand57,sub_brand25,BOTELLA,NO RETORNABLE,250,0.468194187,6695.871094,232.0823975,1.580600023
7/23/2025,market1,ABI,brand12,sub_brand3,BOTELLA,RETORNABLE,330,33.69916916,9543.81543,107975.3203,69.88710022
7/23/2025,market1,ABI,brand7,sub_brand40,LATA,NO RETORNABLE,269,1.796336055,15438.7832,236.6062012,5.23939991
7/23/2025,market1,ABI,brand3,sub_brand12,BOTELLA,RETORNABLE,320,16.74779892,8473.503906,35621,43.7901001
7/23/2025,market1,manufacturer10,brand57,sub_brand25,BOTELLA,RETORNABLE,330,1.053666115,7633.755371,1170.934937,3.323800087
7/23/2025,market1,ABI,brand51,sub_brand3,LATA,NO RETORNABLE,269,16.43714333,12331.05664,5066.062012,33.66230011
7/23/2025,market1,manufacturer10,brand22,sub_brand13,BOTELLA,NO RETORNABLE,750,0.01466157,24148.20898,2.04460001,0.0094
7/23/2025,market1,ABI,brand16,sub_brand3,LATA,NO RETORNABLE,355,0.237905711,7889.810059,53.9776001,0.156399995
7/23/2025,market1,ABI,brand71,sub_brand3,BOTELLA,RETORNABLE,175,10.36156178,15946.73047,14121.07324,30.33279991
7/23/2025,market1,ABI,brand15,sub_brand3,BOTELLA,RETORNABLE,1000,3.79971838,6880.949707,8178.236328,5.854300022
7/23/2025,market1,manufacturer44,brand78,sub_brand2,BOTELLA,NO RETORNABLE,750,0.00295587,81267.64063,0,0.1131
7/23/2025,market1,ABI,brand7,sub_brand22,BOTELLA,NO RETORNABLE,330,0.102140449,14623.2627,48.75899887,0.582700014
7/23/2025,market1,manufacturer10,brand33,sub_brand3,BOTELLA,RETORNABLE,750,4.379288673,4745.841797,7678.217285,7.476299763
7/23/2025,market1,manufacturer47,brand88,sub_brand3,LATA,NO RETORNABLE,355,0.01260557,22485.78125,1.334599972,0.0031
7/23/2025,market1,ABI,brand1,sub_brand26,LATA,NO RETORNABLE,330,4.229713917,10950.3877,2694.220215,10.56680012
7/23/2025,market1,manufacturer19,brand39,sub_brand2,BOTELLA,NO RETORNABLE,330,0.02393648,37468.69141,11.65999985,0.0053
7/23/2025,market1,ABI,brand15,sub_brand3,LATA,NO RETORNABLE,355,0.00352692,11265.95898,2.965600014,0.0016
7/23/2025,market1,ABI,brand16,sub_brand20,LATA,NO RETORNABLE,355,0.0015618,4576.526855,2.289900064,0.0076
7/23/2025,market1,manufacturer10,brand20,sub_brand3,LATA,NO RETORNABLE,330,0.067211367,9669.858398,9.162699699,0.039900001
7/23/2025,market1,manufacturer45,brand79,sub_brand2,BOTELLA,NO RETORNABLE,500,0.1090056,38624.60156,13.62689972,1.429299951
7/23/2025,market1,ABI,brand12,sub_brand21,BOTELLA,RETORNABLE,330,0.027146321,8738.416992,565.7277222,0.123300001
7/23/2025,market1,ABI,brand26,sub_brand6,LATA,NO RETORNABLE,269,2.043880463,11691.21582,241.0695038,6.776100159
7/23/2025,market1,manufacturer10,brand17,sub_brand3,LATA,NO RETORNABLE,310,1.189257979,9372.579102,313.4385986,5.036699772
7/23/2025,market1,manufacturer29,brand77,sub_brand2,LATA,NO RETORNABLE,500,0.02575827,6980.9375,0,0.95599997
7/23/2025,market1,manufacturer10,brand33,sub_brand3,LATA,NO RETORNABLE,355,0.15303278,6819.597168,24.85269928,0.0317
7/23/2025,market1,ABI,brand1,sub_brand32,BOTELLA,RETORNABLE,330,0.181387395,10606.06055,1.613499999,0.054099999
7/23/2025,market1,ABI,brand12,sub_brand3,BOTELLA,RETORNABLE,750,7.387234688,7108.491211,14820.87988,11.02999973
7/23/2025,market1,manufacturer10,brand22,sub_brand19,BOTELLA,NO RETORNABLE,300,0.282649904,23247.02734,28.00930023,2.717700005
7/23/2025,market1,ABI,brand16,sub_brand41,BOTELLA,RETORNABLE,330,2.06931591,10999.04297,1688.583618,5.919700146
7/23/2025,market1,ABI,brand45,sub_brand2,LATA,NO RETORNABLE,269,24.63625717,10547.39355,18731.32617,45.91730118
7/23/2025,market1,ABI,brand25,sub_brand2,BARRIL,NO RETORNABLE,,0.00168907,10693.41992,0,0.092
7/23/2025,market1,manufacturer5,brand6,sub_brand2,LATA,NO RETORNABLE,500,0.006334,37015.25391,0,0.265500009
7/23/2025,market1,manufacturer10,brand22,sub_brand19,BOTELLA,NO RETORNABLE,330,0.242476776,27644.23047,7.391799927,0.586600006
7/23/2025,market1,ABI,brand12,sub_brand3,BOTELLA,NO RETORNABLE,330,0.01005833,7143.046387,230.9028015,0.021400001
7/23/2025,market1,manufacturer9,brand13,sub_brand2,BOTELLA,NO RETORNABLE,330,0.169570193,55871.08594,24.07600021,1.805500031
7/23/2025,market1,ABI,brand15,sub_brand3,LATA,NO RETORNABLE,473,6.690737724,8439.698242,7236.444336,9.020799637
7/23/2025,market1,manufacturer10,brand14,sub_brand3,BOTELLA,RETORNABLE,750,2.058344364,5585.97168,3539.267578,4.519000053
7/23/2025,market1,manufacturer22,brand46,sub_brand2,LATA,NO RETORNABLE,330,0.033992469,27221.32813,0,1.41260004
7/23/2025,market1,ABI,brand16,sub_brand3,BOTELLA,RETORNABLE,250,0.232527629,12002.99121,617.4052124,0.572099984
7/23/2025,market1,ABI,brand1,sub_brand32,LATA,NO RETORNABLE,330,0.04235962,9898.701172,1.071699977,0.0059
7/23/2025,market1,ABI,brand16,sub_brand6,BOTELLA,RETORNABLE,330,0.028607281,7725.929688,4.023300171,0.0105
7/23/2025,market1,manufacturer11,brand19,sub_brand14,BOTELLA,NO RETORNABLE,500,0.139413774,41423.3125,49.37760162,1.782400012
7/23/2025,market1,ABI,brand12,sub_brand3,LATA,NO RETORNABLE,473,14.29040623,8334.428711,23153.58789,20.54159927
7/23/2025,market1,manufacturer44,brand78,sub_brand2,BOTELLA,NO RETORNABLE,330,0.075859271,48198.60156,4.788799763,0.4366
7/23/2025,market1,ABI,brand1,sub_brand7,LATA,NO RETORNABLE,355,0.00021113,7323.943848,0,0.0036
7/23/2025,market1,ABI,brand45,sub_brand2,LATA,NO RETORNABLE,355,0.233695224,6581.953613,90.66339874,0.071900003
7/23/2025,market1,manufacturer17,brand34,sub_brand3,BOTELLA,RETORNABLE,330,0.00999003,42424.23828,0.274500012,0.0017
7/23/2025,market1,ABI,brand7,sub_brand15,BARRIL,NO RETORNABLE,,0.00021113,6705.148926,0,0.0085
7/23/2025,market1,manufacturer22,brand46,sub_brand2,LATA,NO RETORNABLE,355,0.00612287,39231.36328,0,0.338099986
7/23/2025,market1,manufacturer10,brand14,sub_brand5,LATA,NO RETORNABLE,269,1.177399039,8414.585938,993.9932861,5.193399906
7/23/2025,market1,ABI,brand50,sub_brand9,BOTELLA,NO RETORNABLE,207,0.033575799,13785.96094,114.8331985,0.072099999
7/23/2025,market1,ABI,brand45,sub_brand2,BOTELLA,NO RETORNABLE,250,4.945996284,13391.10938,1594.66272,14.05620003
7/23/2025,market1,manufacturer13,brand24,sub_brand2,LATA,NO RETORNABLE,500,0.035743549,32234.89453,8.902500153,0.160500005
7/23/2025,market1,manufacturer16,brand43,sub_brand2,BOTELLA,NO RETORNABLE,500,0.170392334,31758.81641,13.28750038,1.768599987
7/23/2025,market1,manufacturer10,brand20,sub_brand3,BOTELLA,NO RETORNABLE,330,2.217290401,15270.56055,627.1729126,6.114900112
7/23/2025,market1,ABI,brand12,sub_brand21,LATA,NO RETORNABLE,330,0.00021113,87878.78906,0,0.0002
7/23/2025,market1,ABI,brand1,sub_brand7,BOTELLA,RETORNABLE,330,2.855285168,13096.73926,897.9647217,7.372799873
7/23/2025,market1,ABI,brand1,sub_brand1,LATA,NO RETORNABLE,330,22.2970295,10098.94336,17362.75,39.89450073
7/23/2025,market1,manufacturer22,brand46,sub_brand37,BOTELLA,NO RETORNABLE,330,0.189757481,24115.94141,27.10199928,1.606099963
7/23/2025,market1,ABI,brand83,sub_brand3,BOTELLA,NO RETORNABLE,310,0.00951886,51398.98828,7.61920023,0.100199997
7/23/2025,market1,ABI,brand12,sub_brand3,BOTELLA,RETORNABLE,250,1.002443433,10118.56543,4278.430176,3.551000118
7/23/2025,market1,manufacturer10,brand20,sub_brand17,BOTELLA,NO RETORNABLE,330,0.037400499,18181.94922,13.18589973,0.0013
7/23/2025,market1,manufacturer10,brand14,sub_brand3,LATA,NO RETORNABLE,330,0.926252782,8104.325684,179.142395,0.596899986
7/23/2025,market1,ABI,brand26,sub_brand9,BOTELLA,NO RETORNABLE,210,0.164199263,15070.91504,258.0910034,0.163900003
7/23/2025,market1,manufacturer22,brand46,sub_brand2,LATA,NO RETORNABLE,500,0.167540506,34073.12109,49.06529999,1.033800006
7/23/2025,market1,manufacturer10,brand33,sub_brand3,BOTELLA,RETORNABLE,330,6.505746365,6379.633301,9791.62793,12.34329987
7/23/2025,market1,manufacturer22,brand46,sub_brand2,BOTELLA,NO RETORNABLE,330,0.459692568,40190.47266,119.9802017,3.111200094
7/23/2025,market1,ABI,brand12,sub_brand3,BOTELLA,RETORNABLE,1000,14.1673336,6289.453125,41553.53125,27.40340042
7/23/2025,market1,manufacturer10,brand20,sub_brand3,LATA,NO RETORNABLE,269,1.621568561,13819.84766,609.3278809,2.144599915
7/23/2025,market1,ABI,brand61,sub_brand3,LATA,NO RETORNABLE,330,0.182260543,10011.33887,26.3029995,0.056699999
7/23/2025,market1,ABI,brand15,sub_brand3,BOTELLA,RETORNABLE,330,7.432991505,11325.0918,12024.04395,10.18529987
7/23/2025,market1,ABI,brand1,sub_brand33,BOTELLA,NO RETORNABLE,330,0.178217158,11873.2666,36.56909943,0.316199988
7/23/2025,market1,manufacturer3,brand11,sub_brand2,LATA,NO RETORNABLE,500,0.070229366,24336.09766,0.330300003,1.724099994
7/23/2025,market1,manufacturer14,brand27,sub_brand2,BOTELLA,NO RETORNABLE,330,0.17951563,22008.17773,20.37490082,0.065200001
7/23/2025,market1,manufacturer10,brand22,sub_brand13,LATA,NO RETORNABLE,269,2.561703682,13263.03613,736.4951782,7.542399883
7/23/2025,market1,manufacturer10,brand17,sub_brand3,BOTELLA,NO RETORNABLE,250,1.37310183,10475.4209,473.8241882,5.110199928
7/23/2025,market1,manufacturer10,brand14,sub_brand3,BOTELLA,RETORNABLE,330,4.772718906,8184.385742,4736.947754,9.855799675
7/23/2025,market1,ABI,brand12,sub_brand16,LATA,NO RETORNABLE,330,0.122314706,8617.849609,29.39229965,0.089699998
7/23/2025,market1,ABI,brand16,sub_brand6,LATA,NO RETORNABLE,330,0.264999598,8569.708008,7.440100193,0.256099999
7/23/2025,market1,ABI,brand26,sub_brand9,BOTELLA,RETORNABLE,330,9.625666618,18109.71875,5845.165527,20.87400055
7/23/2025,market1,ABI,brand1,sub_brand26,BOTELLA,NO RETORNABLE,330,0.01541736,11591.00684,0,0.058899999
7/23/2025,market1,ABI,brand1,sub_brand1,LATA,NO RETORNABLE,355,0.05356646,9833.291016,132.137207,0.136199996
7/23/2025,market1,manufacturer8,brand10,sub_brand2,LATA,NO RETORNABLE,330,0.01557288,42013.39844,0.0051,0.672999978
7/23/2025,market1,ABI,brand16,sub_brand5,LATA,NO RETORNABLE,269,3.841807842,8549.914063,6194.307617,12.26939964
7/23/2025,market1,ABI,brand3,sub_brand3,BOTELLA,RETORNABLE,1000,0.01206927,4000,60.18190002,0.030200001
7/23/2025,market1,manufacturer8,brand38,sub_brand2,LATA,NO RETORNABLE,330,0.0202688,41202.10938,0,0.780399978
7/23/2025,market1,ABI,brand25,sub_brand2,BOTELLA,NO RETORNABLE,330,0.446308821,15313.16211,216.9450073,0.661499977
7/23/2025,market1,ABI,brand51,sub_brand3,BOTELLA,NO RETORNABLE,250,0.0012668,22618.86523,0,0.002
7/23/2025,market1,manufacturer28,brand55,sub_brand2,BOTELLA,NO RETORNABLE,330,0.038699418,65409.85547,5.875599861,0.323100001
7/23/2025,market1,manufacturer27,brand54,sub_brand2,BOTELLA,NO RETORNABLE,330,0.129755333,59228.71875,34.53689957,1.214699984
7/23/2025,market1,ABI,brand26,sub_brand6,BOTELLA,NO RETORNABLE,330,6.256821156,14447.57422,1286.846924,16.09989929
7/23/2025,market1,ABI,brand1,sub_brand7,BOTELLA,NO RETORNABLE,330,0.102804758,11967.06152,54.22610092,0.205599993
7/23/2025,market1,manufacturer16,brand43,sub_brand2,BOTELLA,NO RETORNABLE,500,0.031558208,34887.26953,22.91679955,0.724900007
7/23/2025,market1,manufacturer17,brand34,sub_brand2,LATA,NO RETORNABLE,330,0.535936236,6818.162109,0.872099996,1.423599958
7/23/2025,market1,ABI,brand1,sub_brand26,BOTELLA,RETORNABLE,330,3.221544027,13103.49805,2531.79834,9.30340004
7/23/2025,market1,ABI,brand1,sub_brand7,LATA,NO RETORNABLE,330,3.562718153,11062.43262,1260.878296,7.55919981
7/23/2025,market1,manufacturer39,brand70,sub_brand3,LATA,NO RETORNABLE,330,0.018315669,16498.28711,0.319599986,0.426600009
7/23/2025,market1,manufacturer7,brand9,sub_brand2,BOTELLA,NO RETORNABLE,650,0.02453644,13773.22559,0.721599996,0.615800023
7/23/2025,market1,manufacturer10,brand33,sub_brand3,BOTELLA,NO RETORNABLE,300,0.00160831,10999.96094,0.984300017,0.0049
7/23/2025,market1,manufacturer10,brand17,sub_brand3,BOTELLA,NO RETORNABLE,355,0.02403705,15633.77051,13.91469955,0.047899999
7/23/2025,market1,ABI,brand58,sub_brand3,LATA,NO RETORNABLE,330,0.686522484,5405.108398,473.0516052,2.454400063
7/23/2025,market1,ABI,brand1,sub_brand10,LATA,NO RETORNABLE,330,0.030562529,9509.969727,5.250599861,0.0071
7/23/2025,market1,manufacturer7,brand9,sub_brand2,LATA,NO RETORNABLE,330,0.0012668,12163.62598,0,0.311699986
7/23/2025,market1,manufacturer10,brand20,sub_brand17,LATA,NO RETORNABLE,250,0.985444546,12011.53711,350.5708008,3.794399977
7/23/2025,market1,manufacturer47,brand88,sub_brand3,BOTELLA,NO RETORNABLE,,0.00625556,31338.14453,1.648000002,0.054499999
7/23/2025,market1,manufacturer34,brand64,sub_brand2,BOTELLA,NO RETORNABLE,330,0.16659759,81606.41406,18.23399925,1.718199968
7/23/2025,market1,manufacturer10,brand33,sub_brand3,LATA,NO RETORNABLE,269,0.040592842,8023.763672,17.97629929,0.0241
7/23/2025,market1,manufacturer10,brand14,sub_brand5,BOTELLA,NO RETORNABLE,250,0.34273085,9577.650391,179.0337982,1.629999995
7/23/2025,market1,ABI,brand16,sub_brand5,LATA,NO RETORNABLE,330,14.24850464,9824.602539,10371.0127,29.70549965
7/23/2025,market1,ABI,brand7,sub_brand23,LATA,NO RETORNABLE,269,0.137250766,13174.16113,6.134399891,0.026900001
7/23/2025,market1,manufacturer10,brand22,sub_brand27,BOTELLA,NO RETORNABLE,330,0.273795724,17231.01953,113.8202972,0.458099991
7/23/2025,market1,ABI,brand32,sub_brand2,BOTELLA,RETORNABLE,330,2.428513527,5947.564941,2829.768799,7.326099873
7/23/2025,market1,ABI,brand16,sub_brand6,LATA,NO RETORNABLE,355,0.00047653,9013.967773,0.154400006,0.0004
7/23/2025,market1,manufacturer31,brand69,sub_brand2,LATA,NO RETORNABLE,330,0.04433801,11037.8584,0,1.073500037
7/23/2025,market1,manufacturer10,brand22,sub_brand18,BOTELLA,NO RETORNABLE,330,0.424537063,20825.01367,22.2730999,0.977500021
7/23/2025,market1,ABI,brand16,sub_brand5,BOTELLA,RETORNABLE,250,0.152346611,11091.15625,875.953125,1.067499995
7/23/2025,market1,ABI,brand3,sub_brand12,LATA,NO RETORNABLE,330,19.85789871,9265.914063,18180.57031,39.1086998
7/23/2025,market1,manufacturer10,brand35,sub_brand2,LATA,NO RETORNABLE,330,1.512288332,5655.530762,858.0477295,4.834199905
7/23/2025,market1,manufacturer10,brand57,sub_brand25,LATA,NO RETORNABLE,269,0.386588186,9604.62207,420.036499,0.388799995
7/23/2025,market1,ABI,brand25,sub_brand2,LATA,NO RETORNABLE,250,0.01158704,15321.77344,0.072400004,0.0026
7/23/2025,market1,manufacturer8,brand18,sub_brand2,BOTELLA,NO RETORNABLE,330,0.02273556,28983.80859,16.22410011,0.251100004
7/23/2025,market1,ABI,brand15,sub_brand3,LATA,NO RETORNABLE,330,1.80884552,8214.115234,605.4130859,2.083699942
7/23/2025,market1,manufacturer10,brand14,sub_brand5,LATA,NO RETORNABLE,473,1.366687536,7840.290039,426.4830017,1.781100035
7/23/2025,market1,manufacturer10,brand20,sub_brand3,LATA,NO RETORNABLE,473,3.292761087,9188.657227,1976.983154,7.087200165
7/23/2025,market1,manufacturer22,brand46,sub_brand3,BOTELLA,NO RETORNABLE,330,0.00802307,46555.08203,0,0.423799992
7/23/2025,market1,ABI,brand61,sub_brand3,BOTELLA,NO RETORNABLE,275,0.277208835,9958.733398,20.81940079,0.249400005
7/23/2025,market1,manufacturer8,brand18,sub_brand2,LATA,NO RETORNABLE,330,0.02702507,40592.73047,0,0.869799972
7/23/2025,market1,manufacturer22,brand46,sub_brand2,BOTELLA,NO RETORNABLE,500,0.121096618,42895.46484,28.71409988,1.332100034
7/23/2025,market1,manufacturer42,brand75,sub_brand2,BOTELLA,NO RETORNABLE,330,0.03663253,52744.67969,3.444400072,0.452699989
7/23/2025,market1,manufacturer10,brand22,sub_brand13,BOTELLA,NO RETORNABLE,300,3.575965405,17982.9043,794.6641846,7.979899883
7/23/2025,market1,manufacturer10,brand14,sub_brand5,BOTELLA,RETORNABLE,750,0.416976929,5959.757324,399.6676025,0.977299988
7/23/2025,market1,ABI,brand3,sub_brand3,BOTELLA,RETORNABLE,330,13.35240555,6544.614258,29979.96484,32.09519958
7/23/2025,market1,manufacturer10,brand22,sub_brand18,BOTELLA,NO RETORNABLE,300,0.336368889,19037.09961,59.16669846,2.896199942
7/23/2025,market1,manufacturer3,brand52,sub_brand2,LATA,NO RETORNABLE,500,0.037776452,24476.41992,12.67599964,0.102200001
7/23/2025,market1,ABI,brand1,sub_brand1,LATA,NO RETORNABLE,473,9.692414284,8998.297852,8665.173828,15.34700012
7/23/2025,market1,manufacturer10,brand22,sub_brand27,BOTELLA,NO RETORNABLE,300,0.287932068,20734.21875,53.76779938,3.012900114
7/23/2025,market1,ABI,brand50,sub_brand9,BOTELLA,NO RETORNABLE,210,30.31941795,16740.83984,26224.41211,66.98600006
7/23/2025,market1,ABI,brand12,sub_brand3,LATA,NO RETORNABLE,269,3.331608057,8478.606445,1972.703125,5.708600044
7/23/2025,market1,ABI,brand51,sub_brand3,LATA,NO RETORNABLE,296,0.00952767,10196.51758,1.70480001,0.084700003
7/23/2025,market1,ABI,brand7,sub_brand11,BOTELLA,NO RETORNABLE,330,0.00021113,14962.12109,0,0.0022
7/23/2025,market1,ABI,brand83,sub_brand3,BOTELLA,NO RETORNABLE,330,0.20341593,13769.2002,55.62170029,3.039200068
7/23/2025,market1,ABI,brand25,sub_brand2,BOTELLA,NO RETORNABLE,300,8.261963844,15110.67383,3425.2229,22.61109924
7/23/2025,market1,ABI,brand51,sub_brand3,BOTELLA,RETORNABLE,330,0.569366157,11604.91602,450.1520081,2.316099882
7/23/2025,market1,ABI,brand16,sub_brand20,BOTELLA,RETORNABLE,330,0.545643628,10562.95898,287.249115,1.492499948
7/23/2025,market1,manufacturer11,brand19,sub_brand3,BOTELLA,NO RETORNABLE,500,0.038103338,33399.53516,9.548700333,1.403699994
7/23/2025,market1,manufacturer21,brand41,sub_brand3,LATA,NO RETORNABLE,473,0.01477934,28883.2832,0,0.558099985
7/23/2025,market1,manufacturer16,brand31,sub_brand2,LATA,NO RETORNABLE,500,0.0012668,27011.82617,0,0.029899999
7/23/2025,market1,ABI,brand50,sub_brand9,BOTELLA,RETORNABLE,210,2.853713036,19945.38672,677.7938843,6.31619978
7/23/2025,market1,ABI,brand81,sub_brand3,BOTELLA,NO RETORNABLE,355,0.316462189,8607.323242,72.04419708,0.771399975
7/23/2025,market1,manufacturer26,brand53,sub_brand2,BOTELLA,NO RETORNABLE,250,0.219209492,56018.45703,16.44009972,1.962900043
7/23/2025,market1,ABI,brand25,sub_brand2,LATA,NO RETORNABLE,269,9.400492668,12541.77832,1654.885376,17.44350052
7/23/2025,market1,manufacturer10,brand28,sub_brand2,BOTELLA,NO RETORNABLE,330,0.00021113,25444.69336,0,0.0021
7/23/2025,market1,ABI,brand16,sub_brand20,LATA,NO RETORNABLE,330,9.924987793,8203.139648,2220.72168,18.86739922
7/23/2025,market1,manufacturer34,brand64,sub_brand2,BOTELLA,NO RETORNABLE,750,0.01224573,87476.63281,0,0.532500029
7/23/2025,market1,manufacturer45,brand79,sub_brand2,BOTELLA,NO RETORNABLE,330,0.02672459,59498.95313,0,0.375699997
7/23/2025,market1,ABI,brand16,sub_brand3,LATA,NO RETORNABLE,269,4.876918793,9229.55957,3802.920898,13.34350014
7/23/2025,market1,ABI,brand1,sub_brand1,LATA,NO RETORNABLE,269,1.985435247,9119.162109,348.4798889,3.601200104
7/23/2025,market1,ABI,brand16,sub_brand5,BOTELLA,RETORNABLE,330,35.70440292,9814.962891,84241.07031,73.28510284
7/23/2025,market1,manufacturer38,brand80,sub_brand2,LATA,NO RETORNABLE,500,0.080786042,31203.35742,0.330300003,1.97510004
7/23/2025,market1,manufacturer16,brand31,sub_brand2,BOTELLA,NO RETORNABLE,500,0.263554215,35499.10156,67.42250061,2.23029995
7/23/2025,market1,manufacturer39,brand70,sub_brand3,BOTELLA,NO RETORNABLE,330,0.146266446,23855.91211,49.27920151,2.075599909
7/23/2025,market1,manufacturer10,brand14,sub_brand3,LATA,NO RETORNABLE,269,0.913864851,8648.827148,495.1131897,4.057199955
7/23/2025,market1,manufacturer45,brand79,sub_brand2,LATA,NO RETORNABLE,500,0.00844533,22686.54102,0.399599999,0.126699999
7/23/2025,market1,manufacturer18,brand37,sub_brand2,BOTELLA,NO RETORNABLE,330,0.148435518,36410.18359,64.90180206,0.191699997
7/23/2025,market1,manufacturer24,brand48,sub_brand2,BOTELLA,NO RETORNABLE,750,0.0019002,97507.34375,0,0.037999999
7/23/2025,market1,manufacturer6,brand8,sub_brand2,LATA,NO RETORNABLE,330,0.080532983,5993.905762,12.81579971,0.011
7/23/2025,market1,ABI,brand7,sub_brand4,LATA,NO RETORNABLE,269,0.598760307,13998.67188,130.8202057,3.360500097
7/23/2025,market1,manufacturer10,brand90,sub_brand3,LATA,NO RETORNABLE,330,0.146541402,4879.019531,285.7167053,0.335500002
7/23/2025,market1,ABI,brand16,sub_brand3,BOTELLA,RETORNABLE,330,39.93331909,9279.458008,168798.1563,76.69599915
7/23/2025,market1,manufacturer10,brand17,sub_brand3,BOTELLA,NO RETORNABLE,330,1.077709794,13809.52832,237.0971985,4.243800163
7/23/2025,market1,manufacturer38,brand68,sub_brand2,LATA,NO RETORNABLE,500,0.0038004,23264.31641,0,0.3829
7/23/2025,market1,manufacturer10,brand57,sub_brand25,LATA,NO RETORNABLE,330,0.064081639,9285.040039,18.92919922,0.064900003
7/23/2025,market1,ABI,brand1,sub_brand1,BOTELLA,RETORNABLE,330,23.82731438,11874.83008,29788.95508,58.2317009
7/23/2025,market1,manufacturer14,brand27,sub_brand2,BOTELLA,NO RETORNABLE,300,0.05566204,37497.19531,6.842100143,1.595299959
7/23/2025,market1,ABI,brand16,sub_brand5,BOTELLA,RETORNABLE,750,4.406874657,7251.764648,8637.75293,8.569000244
7/23/2025,market1,ABI,brand7,sub_brand4,BOTELLA,NO RETORNABLE,330,0.526477993,14796.5166,63.36930084,3.335299969
7/23/2025,market1,ABI,brand26,sub_brand9,BOTELLA,NO RETORNABLE,355,0.444026858,17374.40625,323.9729004,0.738900006
7/23/2025,market1,ABI,brand16,sub_brand3,BOTELLA,RETORNABLE,1000,12.35864544,6410.09082,28670.58594,23.5814991
7/23/2025,market1,ABI,brand3,sub_brand12,BOTELLA,NO RETORNABLE,320,0.00920176,9374.99707,3.056200027,0.0058
7/23/2025,market1,manufacturer11,brand19,sub_brand3,BOTELLA,NO RETORNABLE,500,0.444936454,37787.23438,84.71469879,2.491300106
7/23/2025,market1,manufacturer8,brand38,sub_brand2,BOTELLA,NO RETORNABLE,330,0.01730692,43043.69141,1.104099989,0.192000002
7/23/2025,market1,manufacturer5,brand6,sub_brand2,BOTELLA,NO RETORNABLE,500,0.009501,42879.94922,0,0.524999976
7/23/2025,market1,manufacturer24,brand48,sub_brand2,BOTELLA,NO RETORNABLE,330,0.069052011,67507.32031,0.142100006,0.189500004
7/23/2025,market1,ABI,brand7,sub_brand31,BOTELLA,NO RETORNABLE,330,0.00021113,20300,0,0.0139
7/23/2025,market1,ABI,brand16,sub_brand3,LATA,NO RETORNABLE,473,8.015305519,8357.098633,7305.911133,13.54699993
7/23/2025,market1,manufacturer10,brand20,sub_brand3,LATA,NO RETORNABLE,310,10.33576679,10678.33008,5549.585938,20.88220024
7/23/2025,market1,manufacturer16,brand31,sub_brand2,LATA,NO RETORNABLE,500,0.021879829,33900,0.66049999,1.00E-04
7/23/2025,market1,ABI,brand84,sub_brand37,BOTELLA,NO RETORNABLE,355,0.445696175,17081.08008,281.6200867,3.475800037
7/23/2025,market1,manufacturer10,brand57,sub_brand24,BOTELLA,NO RETORNABLE,355,0.0044338,11215.71875,0,0.0111
7/23/2025,market1,ABI,brand15,sub_brand3,BOTELLA,RETORNABLE,750,0.00047653,9189.688477,1.523900032,0.0004
7/23/2025,market1,manufacturer10,brand14,sub_brand5,BOTELLA,RETORNABLE,250,0.095349051,8837.272461,38.29330063,0.027100001
7/23/2025,market1,manufacturer28,brand55,sub_brand2,BOTELLA,NO RETORNABLE,500,0.00654513,57502.55469,0,0.337700009
7/23/2025,market1,ABI,brand16,sub_brand3,BOTELLA,NO RETORNABLE,500,0.00858293,2999.39209,0,1.00E-04
7/23/2025,market1,manufacturer10,brand14,sub_brand5,BOTELLA,RETORNABLE,330,2.878595591,8365.605469,3675.268555,6.275700092
7/23/2025,market1,manufacturer11,brand19,sub_brand14,LATA,NO RETORNABLE,500,0.086753368,30621.84766,12.08409977,1.213999987
7/23/2025,market1,manufacturer3,brand11,sub_brand2,BARRIL,NO RETORNABLE,5000,0.045884449,25441.12305,44.30730057,0.41960001
7/23/2025,market1,manufacturer33,brand63,sub_brand2,BOTELLA,NO RETORNABLE,330,0.097426459,20827.57227,10.3519001,1.959599972
7/23/2025,market1,manufacturer10,brand20,sub_brand3,BOTELLA,RETORNABLE,250,1.322958946,14208.34277,1028.988647,4.882699966
7/23/2025,market1,ABI,brand16,sub_brand5,BOTELLA,RETORNABLE,1000,9.89438343,6383.171387,20815.5293,18.6746006
7/23/2025,market1,ABI,brand12,sub_brand3,BOTELLA,RETORNABLE,300,0.114865817,10253.1123,0,0.086300001
7/23/2025,market1,manufacturer9,brand23,sub_brand2,BOTELLA,NO RETORNABLE,330,0.119310491,61867.9375,20.51420021,1.120399952
7/23/2025,market1,manufacturer17,brand34,sub_brand2,LATA,NO RETORNABLE,330,0.00065523,5345.926758,0.139500007,0.0024
7/23/2025,market1,ABI,brand1,sub_brand33,LATA,NO RETORNABLE,330,2.546615839,11128.02539,1212.426392,6.957699776
7/23/2025,market1,ABI,brand42,sub_brand5,LATA,NO RETORNABLE,330,0.047395471,9090.90918,3.5625,0.048700001
7/23/2025,market1,ABI,brand26,sub_brand9,BOTELLA,NO RETORNABLE,330,11.34883213,13609.98047,7181.482422,26.71730042
7/23/2025,market1,ABI,brand12,sub_brand3,OTROS ENVASES,NO RETORNABLE,330,0.396915019,9391.681641,621.901001,0.269499987
7/23/2025,market1,manufacturer10,brand20,sub_brand3,BOTELLA,NO RETORNABLE,250,4.93082571,13659.67871,2478.282959,13.6303997
7/23/2025,market1,ABI,brand45,sub_brand2,BOTELLA,RETORNABLE,250,2.067419767,12074.32227,1163.75769,5.471300125
7/23/2025,market1,ABI,brand1,sub_brand42,LATA,NO RETORNABLE,269,0.736885071,13215.50781,99.43540192,3.789599895
7/23/2025,market1,manufacturer10,brand17,sub_brand3,LATA,NO RETORNABLE,269,0.330898672,9801.800781,141.6981049,0.300999999
7/23/2025,market1,manufacturer10,brand57,sub_brand25,LATA,NO RETORNABLE,310,1.365836263,9206.788086,546.0098267,5.541600227
7/23/2025,market1,manufacturer10,brand35,sub_brand2,BOTELLA,RETORNABLE,330,0.161920533,5566.737793,176.8986969,0.424100012
7/23/2025,market1,manufacturer10,brand22,sub_brand2,BOTELLA,NO RETORNABLE,330,0.11175523,30267.86914,18.48679924,0.823300004
7/23/2025,market1,manufacturer22,brand46,sub_brand2,LATA,NO RETORNABLE,,0.163195893,27500.55273,39.80530167,0.847199976
7/23/2025,market1,manufacturer2,brand2,sub_brand2,BOTELLA,NO RETORNABLE,500,0.00625556,21800.25586,5.332399845,0.031800002
7/23/2025,market1,ABI,brand16,sub_brand3,BOTELLA,NO RETORNABLE,330,0.394270808,8412.413086,309.9888,1.533599973
7/23/2025,market1,ABI,brand1,sub_brand33,BOTELLA,RETORNABLE,330,1.642021537,12535.8418,1444.65564,6.246900082
7/23/2025,market1,manufacturer10,brand22,sub_brand13,BOTELLA,NO RETORNABLE,330,0.320953727,17095.19727,73.77500153,0.684199989
7/23/2025,market1,ABI,brand81,sub_brand3,LATA,NO RETORNABLE,269,5.106414318,10741.05273,655.1176758,11.15410042
7/23/2025,market1,ABI,brand1,sub_brand34,BOTELLA,RETORNABLE,,5.877539158,7350.785156,7462.188965,14.64169979
7/23/2025,market1,manufacturer11,brand19,sub_brand3,BOTELLA,NO RETORNABLE,330,0.107983291,33916.98047,12.57199955,0.203099996
7/23/2025,market1,ABI,brand16,sub_brand5,BOTELLA,NO RETORNABLE,330,0.075539038,10299.4248,113.2729034,0.081500001
7/23/2025,market1,ABI,brand16,sub_brand3,BOTELLA,RETORNABLE,750,4.577196598,7848.441895,9226.083984,9.287899971
7/23/2025,market1,ABI,brand61,sub_brand3,LATA,NO RETORNABLE,355,0.085048892,5633.801758,11.89729977,0.079300001
7/23/2025,market1,manufacturer10,brand22,sub_brand7,BOTELLA,NO RETORNABLE,330,1.389810085,18211.29883,207.7760925,4.100800037
7/23/2025,market1,manufacturer10,brand33,sub_brand3,LATA,NO RETORNABLE,330,2.529285192,6411.627441,994.6118164,2.758399963
7/23/2025,market1,ABI,brand16,sub_brand5,LATA,NO RETORNABLE,296,0.073498271,9998.050781,45.30289841,0.298900008
7/23/2025,market1,manufacturer22,brand46,sub_brand2,BOTELLA,RETORNABLE,330,0.062495291,17370.04297,1.626999974,0.650900006
7/23/2025,market1,manufacturer3,brand11,sub_brand2,BOTELLA,NO RETORNABLE,330,0.033260681,31342.33594,3.860599995,1.094300032
7/23/2025,market1,ABI,brand51,sub_brand40,LATA,NO RETORNABLE,269,5.309269905,13033.27441,1347.260376,13.39599991
7/23/2025,market1,ABI,brand44,sub_brand15,LATA,NO RETORNABLE,330,0.124251179,5175.372559,67.1894989,0.548399985
7/23/2025,market1,manufacturer7,brand9,sub_brand2,BOTELLA,NO RETORNABLE,330,0.01461317,25552.09961,1.465399981,0.161699995
7/23/2025,market1,manufacturer22,brand46,sub_brand2,LATA,NO RETORNABLE,330,0.074624181,25959.51172,0,1.09070003
7/23/2025,market1,manufacturer36,brand66,sub_brand2,LATA,NO RETORNABLE,500,0.105778359,28636.00195,9.59679985,2.060300112
7/23/2025,market1,manufacturer22,brand46,sub_brand3,LATA,NO RETORNABLE,330,0.01372367,19110.0293,0,0.629499972
7/23/2025,market1,ABI,brand45,sub_brand2,BOTELLA,RETORNABLE,330,0.553957641,10630.99414,285.9584961,1.328500032
7/23/2025,market1,ABI,brand36,sub_brand3,LATA,NO RETORNABLE,330,0.752017915,5595.791992,44.28990173,1.812700033
7/23/2025,market1,manufacturer10,brand14,sub_brand3,BOTELLA,RETORNABLE,250,0.443047911,8114.305664,203.5388031,0.571500003
7/23/2025,market1,ABI,brand26,sub_brand9,LATA,NO RETORNABLE,269,8.022007942,12937.61035,4873.928711,18.60519981
7/23/2025,market1,ABI,brand7,sub_brand29,BOTELLA,NO RETORNABLE,330,0.164687291,11654.82813,54.05979919,1.397600055
7/23/2025,market1,manufacturer37,brand67,sub_brand2,BOTELLA,NO RETORNABLE,330,0.00527833,39294.15234,0,0.301299989
7/23/2025,market1,manufacturer30,brand59,sub_brand2,BOTELLA,NO RETORNABLE,500,0.03896464,34182.78906,4.814400196,1.501700044
7/23/2025,market1,manufacturer32,brand62,sub_brand2,BOTELLA,NO RETORNABLE,330,0.136714622,52634.28125,29.43569946,2.108999968
7/23/2025,market1,manufacturer22,brand46,sub_brand37,LATA,NO RETORNABLE,500,0.096937411,33405.10547,12.17749977,0.836199999
7/23/2025,market1,manufacturer10,brand14,sub_brand3,LATA,NO RETORNABLE,355,0.01150388,7253.921875,10.72130013,0.105700001
7/23/2025,market1,ABI,brand12,sub_brand26,LATA,NO RETORNABLE,330,0.01164605,12121.16016,0.883899987,0.0049
7/23/2025,market1,manufacturer10,brand14,sub_brand3,BOTELLA,NO RETORNABLE,300,0.377363443,8566.503906,271.2554932,0.624599993
2/20/2025,market1,manufacturer22,brand46,sub_brand2,BOTELLA,NO RETORNABLE,330,0.358023286,40714.64453,92.15190125,2.338399887
2/20/2025,market1,manufacturer11,brand19,sub_brand3,BOTELLA,NO RETORNABLE,330,0.046462022,39393.93359,10.12699986,0.0095
2/20/2025,market1,manufacturer24,brand48,sub_brand2,BOTELLA,NO RETORNABLE,750,0.00485835,78738.99219,0,0.127100006
2/20/2025,market1,manufacturer10,brand20,sub_brand17,BOTELLA,NO RETORNABLE,330,0.070101172,12121.21289,16.93110085,0.088600002
2/20/2025,market1,manufacturer10,brand20,sub_brand3,BOTELLA,NO RETORNABLE,250,5.586756229,13450.16699,2403.947266,15.48799992
2/20/2025,market1,manufacturer10,brand22,sub_brand13,BOTELLA,NO RETORNABLE,300,3.298012018,16976.42773,741.6343994,8.050200462
2/20/2025,market1,ABI,brand1,sub_brand32,LATA,NO RETORNABLE,330,0.036076091,10797.56348,11.40310001,0.017000001
2/20/2025,market1,ABI,brand16,sub_brand5,BOTELLA,RETORNABLE,1000,10.84196186,6230.759766,25438.09961,20.34720039
2/20/2025,market1,manufacturer10,brand57,sub_brand25,LATA,NO RETORNABLE,310,1.408959866,9270.902344,960.9760132,5.096600056
2/20/2025,market1,ABI,brand71,sub_brand3,BOTELLA,RETORNABLE,175,11.07762814,15988.4834,12935.51172,30.86779976
2/20/2025,market1,manufacturer14,brand27,sub_brand2,BOTELLA,NO RETORNABLE,300,0.06238417,35567.9375,18.01269913,1.781499982
2/20/2025,market1,manufacturer22,brand46,sub_brand37,LATA,NO RETORNABLE,330,0.02302433,26492.42383,0,0.821099997
2/20/2025,market1,manufacturer10,brand22,sub_brand13,LATA,NO RETORNABLE,269,2.088746786,12682.95898,576.1915894,5.679699898
2/20/2025,market1,ABI,brand1,sub_brand33,LATA,NO RETORNABLE,330,1.741342902,11146.11816,412.1064148,2.989200115
2/20/2025,market1,ABI,brand1,sub_brand32,BOTELLA,RETORNABLE,330,0.228221357,10666.875,27.65660095,0.041200001
2/20/2025,market1,ABI,brand50,sub_brand9,BOTELLA,NO RETORNABLE,210,26.4674015,16275.94824,24508.39453,59.85089874
2/20/2025,market1,ABI,brand25,sub_brand2,LATA,NO RETORNABLE,250,0.01084782,15443.47168,0.072400004,0.0009
2/20/2025,market1,ABI,brand1,sub_brand10,BOTELLA,RETORNABLE,330,0.079503268,11548.32227,4.161699772,0.052200001
2/20/2025,market1,ABI,brand16,sub_brand3,BOTELLA,RETORNABLE,330,39.5137291,9081.963867,176717.3438,77.32540131
2/20/2025,market1,manufacturer10,brand33,sub_brand3,LATA,NO RETORNABLE,269,0.069171868,8101.645996,43.1487999,0.066
2/20/2025,market1,ABI,brand12,sub_brand16,LATA,NO RETORNABLE,330,0.365897626,10264.57324,60.03570175,0.64349997
2/20/2025,market1,manufacturer10,brand14,sub_brand5,BOTELLA,NO RETORNABLE,300,0.634481132,8539.185547,1315.36145,2.173599958
2/20/2025,market1,manufacturer6,brand29,sub_brand2,LATA,NO RETORNABLE,330,0.00439323,7575.748535,0,0.0037
2/20/2025,market1,manufacturer10,brand20,sub_brand3,LATA,NO RETORNABLE,330,0.184955284,12404.57422,60.13069916,0.158399999
2/20/2025,market1,manufacturer10,brand14,sub_brand3,LATA,NO RETORNABLE,473,9.982869148,7533.246094,8838.460938,12.81900024
2/20/2025,market1,manufacturer11,brand19,sub_brand3,BOTELLA,NO RETORNABLE,500,0.157990754,35603.64063,65.49120331,1.917299986
2/20/2025,market1,ABI,brand42,sub_brand5,LATA,NO RETORNABLE,330,0.041393381,9090.930664,1.481899977,0.033100002
2/20/2025,market1,manufacturer23,brand47,sub_brand2,BOTELLA,NO RETORNABLE,330,0.00084493,16284.35059,0,0.0038
2/20/2025,market1,ABI,brand1,sub_brand26,BOTELLA,RETORNABLE,330,3.164470434,12134.46289,1936.555054,7.133299828
2/20/2025,market1,ABI,brand1,sub_brand26,LATA,NO RETORNABLE,330,3.725563288,8823.648438,1888.078369,7.284500122
2/20/2025,market1,manufacturer10,brand22,sub_brand18,BOTELLA,NO RETORNABLE,330,0.941719055,16854.83398,132.7481995,3.644500017
2/20/2025,market1,ABI,brand16,sub_brand5,LATA,NO RETORNABLE,269,2.640146255,8654.266602,5476.157715,8.118700027
2/20/2025,market1,manufacturer10,brand22,sub_brand13,BOTELLA,NO RETORNABLE,750,0.117136292,26662.68359,5.077700138,1.913400054
2/20/2025,market1,manufacturer10,brand22,sub_brand13,BOTELLA,NO RETORNABLE,330,0.387860477,15567.66309,51.48329926,0.580500007
2/20/2025,market1,ABI,brand16,sub_brand30,BOTELLA,RETORNABLE,175,0.04705026,9595.737305,145.0980072,0.0077
2/20/2025,market1,manufacturer16,brand43,sub_brand2,BOTELLA,NO RETORNABLE,500,0.03030562,35719.17578,22.91679955,1.097300053
2/20/2025,market1,manufacturer28,brand55,sub_brand2,BOTELLA,NO RETORNABLE,330,0.02016646,58983.39063,5.041699886,0.495299995
2/20/2025,market1,manufacturer10,brand20,sub_brand3,BOTELLA,RETORNABLE,250,1.379505396,13484.9707,1173.179688,5.085199833
2/20/2025,market1,manufacturer16,brand31,sub_brand2,BOTELLA,NO RETORNABLE,500,0.146201,31779.4707,41.39260101,2.114200115
2/20/2025,market1,ABI,brand16,sub_brand5,BOTELLA,NO RETORNABLE,330,0.149446324,9012.314453,86.24700165,0.0528
2/20/2025,market1,ABI,brand12,sub_brand3,OTROS ENVASES,NO RETORNABLE,330,0.403800756,8949.18457,833.8912964,0.297399998
2/20/2025,market1,ABI,brand58,sub_brand3,LATA,NO RETORNABLE,330,0.994165361,5356.149902,332.3201904,1.813899994
2/20/2025,market1,manufacturer17,brand34,sub_brand2,LATA,NO RETORNABLE,330,0.01117844,4942.944824,0.140300006,0.0265
2/20/2025,market1,ABI,brand3,sub_brand3,LATA,NO RETORNABLE,330,3.257531404,5863.330078,4056.302002,7.314700127
2/20/2025,market1,manufacturer10,brand17,sub_brand3,BOTELLA,NO RETORNABLE,355,0.01619445,11519.42578,0,0.0081
2/20/2025,market1,manufacturer7,brand9,sub_brand2,LATA,NO RETORNABLE,500,0.02885838,25639.91602,0.2315,0.0152
2/20/2025,market1,ABI,brand16,sub_brand5,BOTELLA,RETORNABLE,750,5.177322865,7406.227051,9790.111328,9.711099625
2/20/2025,market1,manufacturer16,brand43,sub_brand2,BOTELLA,NO RETORNABLE,500,0.127803013,32648.39844,10.36979961,1.763900042
2/20/2025,market1,ABI,brand16,sub_brand30,LATA,NO RETORNABLE,269,0.00731432,7372.564453,4.971899986,0.0009
2/20/2025,market1,manufacturer7,brand9,sub_brand2,BOTELLA,NO RETORNABLE,330,0.00042246,22414.37695,0,0.016799999
2/20/2025,market1,ABI,brand7,sub_brand22,BOTELLA,NO RETORNABLE,330,0.072123207,14960.42383,1.745499969,0.478199989
2/20/2025,market1,ABI,brand3,sub_brand3,BOTELLA,RETORNABLE,350,0.282411337,5441.147461,659.8034058,0.170000002
2/20/2025,market1,ABI,brand16,sub_brand20,LATA,NO RETORNABLE,355,0.00088701,5103.290039,1.2227,0.0015
2/20/2025,market1,manufacturer10,brand14,sub_brand5,LATA,NO RETORNABLE,473,0.772665083,7992.734375,239.3126984,0.897099972
2/20/2025,market1,manufacturer27,brand54,sub_brand2,BOTELLA,NO RETORNABLE,330,0.123972356,55587.80469,33.08750153,0.681800008
2/20/2025,market1,manufacturer10,brand22,sub_brand2,BOTELLA,NO RETORNABLE,330,0.00021123,15151.51563,0,0.0004
2/20/2025,market1,manufacturer10,brand14,sub_brand5,BOTELLA,RETORNABLE,750,0.1040361,6081.35791,133.6829987,0.157000005
2/20/2025,market1,manufacturer10,brand87,sub_brand3,LATA,NO RETORNABLE,269,0.000686,11152.39844,0.025,0.0007
2/20/2025,market1,manufacturer10,brand17,sub_brand3,BOTELLA,NO RETORNABLE,250,0.900639057,12546.2627,389.0238953,3.684000015
2/20/2025,market1,ABI,brand12,sub_brand3,BOTELLA,RETORNABLE,250,1.184659958,10049.4375,2561.894287,3.213500023
2/20/2025,market1,manufacturer8,brand18,sub_brand2,LATA,NO RETORNABLE,330,0.02429173,32475.19922,0,0.91109997
2/20/2025,market1,manufacturer4,brand5,sub_brand2,LATA,NO RETORNABLE,500,0.240535602,30887.23633,35.93650055,2.178800106
2/20/2025,market1,manufacturer10,brand20,sub_brand3,LATA,NO RETORNABLE,250,0.00796893,10068.14746,4.102000237,0.027799999
2/20/2025,market1,ABI,brand26,sub_brand9,BOTELLA,NO RETORNABLE,330,9.884868622,12557.91992,5375.258789,21.98889923
2/20/2025,market1,manufacturer42,brand75,sub_brand2,BOTELLA,NO RETORNABLE,330,0.091788128,77878.40625,7.336200237,0.451099992
2/20/2025,market1,ABI,brand26,sub_brand9,BOTELLA,NO RETORNABLE,355,0.627052963,15922.08984,290.1419983,1.195700049
2/20/2025,market1,manufacturer10,brand14,sub_brand5,LATA,NO RETORNABLE,269,0.725475252,8402.379883,1072.792603,4.002999783
2/20/2025,market1,manufacturer17,brand34,sub_brand3,BOTELLA,RETORNABLE,330,0.00989706,42424.23828,0.966899991,0.0035
2/20/2025,market1,ABI,brand16,sub_brand3,BOTELLA,RETORNABLE,1000,12.46765518,6336.727051,34857.03516,23.47550011
2/20/2025,market1,ABI,brand61,sub_brand3,LATA,NO RETORNABLE,330,0.261293352,9067.239258,59.18769836,0.296099991
2/20/2025,market1,ABI,brand81,sub_brand3,BOTELLA,NO RETORNABLE,355,0.768748462,8736.353516,298.5983887,1.64380002
2/20/2025,market1,ABI,brand12,sub_brand3,BOTELLA,RETORNABLE,330,35.28352356,9281.59082,118294.7422,71.78099823
2/20/2025,market1,ABI,brand25,sub_brand2,LATA,NO RETORNABLE,330,0.00359095,11632.21191,0,0.0035
2/20/2025,market1,manufacturer10,brand14,sub_brand3,BOTELLA,RETORNABLE,750,2.277566671,5564.487305,5492.861328,5.688199997
2/20/2025,market1,manufacturer10,brand14,sub_brand5,BOTELLA,RETORNABLE,330,3.576975107,8462.266602,3473.227783,7.829599857
2/20/2025,market1,ABI,brand51,sub_brand3,BOTELLA,RETORNABLE,330,0.01551952,11515.52441,24.10000038,0.0036
2/20/2025,market1,manufacturer21,brand41,sub_brand3,LATA,NO RETORNABLE,473,0.01309641,27012.51953,0,0.477400005
2/20/2025,market1,ABI,brand44,sub_brand15,LATA,NO RETORNABLE,330,0.123398699,5133.053711,186.9777985,0.551699996
2/20/2025,market1,ABI,brand26,sub_brand6,BOTELLA,NO RETORNABLE,330,5.246841908,13871.94043,1021.698914,13.25049973
2/20/2025,market1,ABI,brand7,sub_brand15,BARRIL,NO RETORNABLE,,0.00084493,6774.786133,0,0.027100001
2/20/2025,market1,ABI,brand73,sub_brand15,LATA,NO RETORNABLE,330,1.359440684,5704.838867,521.8338013,1.969599962
2/20/2025,market1,manufacturer33,brand63,sub_brand2,BOTELLA,NO RETORNABLE,330,0.123636141,20348.01758,2.163100004,0.799799979
2/20/2025,market1,manufacturer21,brand41,sub_brand3,LATA,NO RETORNABLE,330,0.00739313,29200.28906,0,0.238499999
2/20/2025,market1,ABI,brand1,sub_brand43,BOTELLA,RETORNABLE,330,0.00021123,9090.90918,0,0.0019
2/20/2025,market1,ABI,brand12,sub_brand3,BOTELLA,NO RETORNABLE,330,0.058519591,7147.431152,260.2052917,0.0374
2/20/2025,market1,ABI,brand1,sub_brand1,BOTELLA,RETORNABLE,330,24.6988945,11605.77441,31406.74414,59.71139908
2/20/2025,market1,ABI,brand3,sub_brand3,BOTELLA,RETORNABLE,1000,0.737469733,4363.509277,239.592804,1.061300039
2/20/2025,market1,manufacturer38,brand80,sub_brand2,LATA,NO RETORNABLE,500,0.120241702,30654.95508,0.416200012,2.176399946
2/20/2025,market1,manufacturer22,brand46,sub_brand37,BOTELLA,NO RETORNABLE,330,0.21923703,40101.38672,35.53490067,1.419100046
2/20/2025,market1,manufacturer10,brand17,sub_brand3,BOTELLA,NO RETORNABLE,330,1.079640269,13284.04297,273.5107117,4.49819994
2/20/2025,market1,ABI,brand1,sub_brand1,LATA,NO RETORNABLE,330,22.8012352,9630.858398,16846.36523,39.14319992
2/20/2025,market1,ABI,brand16,sub_brand20,BOTELLA,RETORNABLE,330,0.557279646,9849.713867,169.4470062,1.32980001
2/20/2025,market1,manufacturer26,brand53,sub_brand2,BOTELLA,NO RETORNABLE,250,0.204843491,65844.125,15.77050018,2.023400068
2/20/2025,market1,ABI,brand7,sub_brand11,BOTELLA,NO RETORNABLE,330,0.00853966,15151.5127,0.798900008,0.0143
2/20/2025,market1,manufacturer10,brand57,sub_brand25,BOTELLA,NO RETORNABLE,300,3.449150324,9640.196289,4795.032227,8.743200302
2/20/2025,market1,manufacturer22,brand46,sub_brand2,BOTELLA,NO RETORNABLE,500,0.02512544,35304.36328,3.111599922,0.760100007
2/20/2025,market1,manufacturer31,brand69,sub_brand2,LATA,NO RETORNABLE,330,0.031932089,11020.61328,1.658599973,0.873199999
2/20/2025,market1,manufacturer10,brand57,sub_brand25,BOTELLA,NO RETORNABLE,250,0.215519533,7861.671387,66.29679871,0.995599985
2/20/2025,market1,manufacturer3,brand11,sub_brand2,BOTELLA,NO RETORNABLE,500,0.02702653,21723.41211,3.111599922,0.74879998
2/20/2025,market1,manufacturer9,brand13,sub_brand2,BOTELLA,NO RETORNABLE,750,0.01394134,49357.05469,0,0.524399996
2/20/2025,market1,ABI,brand1,sub_brand7,BOTELLA,NO RETORNABLE,330,0.00021123,8581.09082,0,0.057500001
2/20/2025,market1,manufacturer10,brand14,sub_brand5,BOTELLA,NO RETORNABLE,250,0.277167588,8948.991211,375.3334045,2.191400051
2/20/2025,market1,manufacturer3,brand11,sub_brand2,BARRIL,NO RETORNABLE,5000,0.00866053,26055.06055,0,0.25029999
2/20/2025,market1,ABI,brand1,sub_brand10,LATA,NO RETORNABLE,330,0.23228617,9271.669922,23.46109962,0.065399997
2/20/2025,market1,ABI,brand1,sub_brand7,LATA,NO RETORNABLE,330,3.047096729,10336.65625,1172.79541,6.401500225
2/20/2025,market1,ABI,brand15,sub_brand3,BOTELLA,RETORNABLE,1000,3.618699789,6796.36377,8299.195313,5.256499767
2/20/2025,market1,ABI,brand61,sub_brand3,LATA,NO RETORNABLE,269,0.00826443,10864.62598,0,0.045400001
2/20/2025,market1,ABI,brand15,sub_brand3,BOTELLA,RETORNABLE,330,7.217310429,11164.17188,11531.77441,9.645000458
2/20/2025,market1,ABI,brand1,sub_brand33,BOTELLA,NO RETORNABLE,330,0.305026829,10175.375,44.96979904,1.327600002
2/20/2025,market1,ABI,brand12,sub_brand3,LATA,NO RETORNABLE,269,2.725616693,8018.830566,2423.325439,5.207799911
2/20/2025,market1,manufacturer10,brand17,sub_brand3,LATA,NO RETORNABLE,310,1.29799819,9076.623047,406.9119873,4.619400024
2/20/2025,market1,manufacturer10,brand57,sub_brand25,LATA,NO RETORNABLE,330,0.107268989,9211.9375,45.57350159,0.27790001
2/20/2025,market1,ABI,brand7,sub_brand4,LATA,NO RETORNABLE,269,0.657464683,12451.93066,60.65370178,3.304100037
2/20/2025,market1,ABI,brand12,sub_brand3,LATA,NO RETORNABLE,473,13.77902222,8152.17041,24800.92188,19.59180069
2/20/2025,market1,manufacturer22,brand46,sub_brand37,LATA,NO RETORNABLE,500,0.04729851,21363.18164,3.315299988,1.654099941
2/20/2025,market1,ABI,brand15,sub_brand3,LATA,NO RETORNABLE,355,0.00158213,8880.891602,0,0.003
2/20/2025,market1,manufacturer10,brand14,sub_brand3,BOTELLA,NO RETORNABLE,300,0.474050313,9026.326172,212.5682983,1.484099984
2/20/2025,market1,manufacturer22,brand46,sub_brand3,LATA,NO RETORNABLE,330,0.00802683,19942.22266,0,0.261000007
2/20/2025,market1,manufacturer10,brand33,sub_brand3,BOTELLA,RETORNABLE,330,6.299473763,6164.975098,8628.036133,12.97060013
2/20/2025,market1,manufacturer10,brand20,sub_brand3,LATA,NO RETORNABLE,269,1.286694288,11978.37109,562.9973755,1.605100036
2/20/2025,market1,ABI,brand1,sub_brand1,BOTELLA,NO RETORNABLE,330,0.195058554,9772.896484,79.39250183,1.933699965
2/20/2025,market1,ABI,brand16,sub_brand6,LATA,NO RETORNABLE,330,0.02219964,6824.172363,21.96459961,0.074100003
2/20/2025,market1,manufacturer10,brand33,sub_brand3,BOTELLA,RETORNABLE,750,4.044926643,4810.171387,8234.691406,7.371500015
2/20/2025,market1,ABI,brand81,sub_brand3,LATA,NO RETORNABLE,269,5.828383923,9814.260742,794.4572754,9.119099617
2/20/2025,market1,ABI,brand12,sub_brand3,BOTELLA,RETORNABLE,300,0.00618527,10000,1.288499951,0.0085
2/20/2025,market1,manufacturer22,brand46,sub_brand2,LATA,NO RETORNABLE,500,0.11629577,35079.53906,18.17910004,0.737399995
2/20/2025,market1,ABI,brand36,sub_brand3,LATA,NO RETORNABLE,330,0.706129372,5604.729492,25.04560089,1.306499958
2/20/2025,market1,manufacturer10,brand35,sub_brand2,LATA,NO RETORNABLE,330,0.70367372,6175.088379,541.8248291,3.111700058
2/20/2025,market1,ABI,brand3,sub_brand12,LATA,NO RETORNABLE,269,0.03644627,11094.87402,43.39970016,0.001
2/20/2025,market1,ABI,brand51,sub_brand3,BOTELLA,NO RETORNABLE,250,0.00505217,16285.91309,0.629499972,0.0232
2/20/2025,market1,manufacturer10,brand14,sub_brand5,LATA,NO RETORNABLE,,0.00083156,10970.42969,0.256700009,0.0004
2/20/2025,market1,manufacturer38,brand68,sub_brand2,LATA,NO RETORNABLE,500,0.00401342,23749.22266,0,0.247199997
2/20/2025,market1,manufacturer7,brand9,sub_brand2,BOTELLA,NO RETORNABLE,650,0.024080491,16700.45117,0,0.948400021
2/20/2025,market1,manufacturer10,brand22,sub_brand7,BOTELLA,NO RETORNABLE,330,1.27481246,20249.04883,111.3351974,4.136499882
2/20/2025,market1,ABI,brand84,sub_brand37,BOTELLA,NO RETORNABLE,355,0.148693696,15916.5,72.6309967,0.422500014
2/20/2025,market1,manufacturer6,brand8,sub_brand2,LATA,NO RETORNABLE,330,0.069732249,6083.890625,30.2791996,0.0112
2/20/2025,market1,manufacturer3,brand11,sub_brand2,LATA,NO RETORNABLE,500,0.134492919,22519.3125,2.42869997,2.113500118
2/20/2025,market1,manufacturer10,brand20,sub_brand3,LATA,NO RETORNABLE,473,2.601231813,9058.924805,1752.651855,5.389200211
2/20/2025,market1,ABI,brand12,sub_brand3,LATA,NO RETORNABLE,330,28.57273293,9291.753906,36392.08594,45.22779846
2/20/2025,market1,ABI,brand1,sub_brand1,BOTELLA,NO RETORNABLE,900,0.00021123,3333.074219,0,0.0046
2/20/2025,market1,manufacturer32,brand62,sub_brand2,BOTELLA,NO RETORNABLE,330,0.123032212,51809.48828,8.743000031,1.759899974
2/20/2025,market1,manufacturer11,brand19,sub_brand3,LATA,NO RETORNABLE,500,0.120123543,23160.50195,8.626600266,1.776200056
2/20/2025,market1,manufacturer16,brand31,sub_brand2,LATA,NO RETORNABLE,500,0.068598099,42960.20313,9.927300453,0.126499996
2/20/2025,market1,ABI,brand16,sub_brand5,LATA,NO RETORNABLE,300,0.036957659,9265.244141,20.43420029,0.0009
2/20/2025,market1,manufacturer8,brand38,sub_brand2,LATA,NO RETORNABLE,330,0.03108716,40789.1875,3.315000057,0.622200012
2/20/2025,market1,ABI,brand1,sub_brand1,LATA,NO RETORNABLE,473,8.566988945,8690.462891,7882.859863,13.75489998
2/20/2025,market1,ABI,brand16,sub_brand6,BOTELLA,RETORNABLE,330,0.02031642,6666.666016,6.421299934,0.040199999
2/20/2025,market1,manufacturer36,brand66,sub_brand2,LATA,NO RETORNABLE,500,0.249627396,27931.75391,15.14669991,2.223500013
2/20/2025,market1,ABI,brand1,sub_brand26,BOTELLA,NO RETORNABLE,330,0.124946311,9334.745117,556.602478,0.163000003
2/20/2025,market1,ABI,brand45,sub_brand2,BOTELLA,RETORNABLE,250,2.192721844,12173.0498,953.4655762,5.166800022
2/20/2025,market1,manufacturer10,brand14,sub_brand5,LATA,NO RETORNABLE,310,2.06866312,8050.858887,1237.932251,6.595099926
2/20/2025,market1,manufacturer30,brand59,sub_brand2,BOTELLA,NO RETORNABLE,500,0.04174814,30776.10352,0.017999999,1.42719996
2/20/2025,market1,ABI,brand3,sub_brand12,LATA,NO RETORNABLE,330,18.72616005,8910.060547,21609.58203,36.70940018
2/20/2025,market1,ABI,brand25,sub_brand2,BARRIL,NO RETORNABLE,,0.00316849,10970.8584,0,0.174099997
2/20/2025,market1,manufacturer8,brand38,sub_brand2,BOTELLA,NO RETORNABLE,330,0.00587657,43593.03516,0.0059,0.086400002
2/20/2025,market1,manufacturer12,brand21,sub_brand8,BOTELLA,NO RETORNABLE,330,0.00831616,15151.28906,0,0.025800001
2/20/2025,market1,ABI,brand12,sub_brand3,BOTELLA,RETORNABLE,750,8.531270981,7233.634766,18791.67383,13.90279961
2/20/2025,market1,ABI,brand16,sub_brand3,LATA,NO RETORNABLE,473,6.519927025,8282.249023,4571.17334,10.98950005
2/20/2025,market1,manufacturer10,brand22,sub_brand19,BOTELLA,NO RETORNABLE,330,0.488023907,22814.5957,44.62369919,1.799399972
2/20/2025,market1,manufacturer11,brand19,sub_brand14,BOTELLA,NO RETORNABLE,500,0.119087704,44404.59766,26.91589928,1.467700005
2/20/2025,market1,manufacturer10,brand14,sub_brand3,LATA,NO RETORNABLE,330,1.479292512,8160.508301,888.1326294,1.789100051
2/20/2025,market1,ABI,brand12,sub_brand3,LATA,NO RETORNABLE,355,0.036976948,14163.28027,16.28190041,0.032299999
2/20/2025,market1,manufacturer10,brand22,sub_brand27,BOTELLA,NO RETORNABLE,330,0.781062126,18250.91406,114.0065002,3.367599964
2/20/2025,market1,ABI,brand25,sub_brand2,BOTELLA,NO RETORNABLE,330,0.834247172,17125.82227,374.0302124,2.089600086
2/20/2025,market1,manufacturer7,brand9,sub_brand2,LATA,NO RETORNABLE,330,0.01423066,9377.828125,0,0.354499996
2/20/2025,market1,ABI,brand1,sub_brand33,BOTELLA,RETORNABLE,330,0.168714345,11902.19043,25.23999977,0.122400001
2/20/2025,market1,ABI,brand16,sub_brand5,LATA,NO RETORNABLE,296,0.00877603,8045.515137,6.402900219,0.122599997
2/20/2025,market1,manufacturer10,brand57,sub_brand24,BOTELLA,NO RETORNABLE,355,0.00380218,11220.6582,0,0.0064
2/20/2025,market1,manufacturer45,brand79,sub_brand2,BOTELLA,NO RETORNABLE,500,0.047984142,31789.05078,0,0.530700028
2/20/2025,market1,ABI,brand7,sub_brand29,BOTELLA,NO RETORNABLE,330,0.187473893,10185.9834,3.405900002,2.207600117
2/20/2025,market1,manufacturer22,brand46,sub_brand2,LATA,NO RETORNABLE,500,0.0084493,13810.20313,0,0.473699987
2/20/2025,market1,manufacturer11,brand19,sub_brand3,BOTELLA,NO RETORNABLE,500,0.023235559,29741.66211,0,0.794200003
2/20/2025,market1,ABI,brand16,sub_brand30,BOTELLA,RETORNABLE,330,0.176311553,8099.476563,5.052999973,0.0023
2/20/2025,market1,manufacturer10,brand57,sub_brand25,BOTELLA,RETORNABLE,330,0.686749935,7316.373047,737.2069702,2.334800005
2/20/2025,market1,manufacturer10,brand17,sub_brand3,LATA,NO RETORNABLE,269,0.956428289,10098.40039,159.2440033,1.142500043
2/20/2025,market1,manufacturer22,brand46,sub_brand2,LATA,NO RETORNABLE,330,0.02239063,26072.84766,0,0.796199977
2/20/2025,market1,manufacturer10,brand33,sub_brand3,LATA,NO RETORNABLE,330,3.305202484,6965.140625,1233.698853,3.853199959
2/20/2025,market1,manufacturer17,brand34,sub_brand2,LATA,NO RETORNABLE,330,0.577867329,6377.114258,0.92930001,1.270900011
2/20/2025,market1,manufacturer47,brand88,sub_brand3,BOTELLA,NO RETORNABLE,,0.00653699,31338.14453,1.648000002,0.0546
2/20/2025,market1,manufacturer28,brand55,sub_brand2,BOTELLA,NO RETORNABLE,500,0.01140655,54732.39844,0,0.417699993
2/20/2025,market1,manufacturer22,brand46,sub_brand2,LATA,NO RETORNABLE,,0.105941042,32098.35547,14.50039959,0.537299991
2/20/2025,market1,ABI,brand15,sub_brand3,LATA,NO RETORNABLE,330,1.802637935,6785.937012,1215.230957,2.35739994
2/20/2025,market1,ABI,brand50,sub_brand9,BOTELLA,NO RETORNABLE,207,0.032581922,13687.7334,56.2071991,0.0482
2/20/2025,market1,manufacturer34,brand64,sub_brand2,BOTELLA,NO RETORNABLE,330,0.143868074,73424.125,13.24680042,0.836199999
2/20/2025,market1,manufacturer22,brand46,sub_brand2,BOTELLA,RETORNABLE,330,0.085514709,17672.52539,1.158499956,0.505100012
2/20/2025,market1,ABI,brand25,sub_brand2,BOTELLA,NO RETORNABLE,300,7.49829483,15017.76465,2839.105713,18.40320015
2/20/2025,market1,ABI,brand16,sub_brand3,LATA,NO RETORNABLE,269,3.347617626,9255.103516,3380.025391,6.82130003
2/20/2025,market1,manufacturer29,brand77,sub_brand2,LATA,NO RETORNABLE,500,0.02978377,16309.77441,0,1.215000033
2/20/2025,market1,ABI,brand45,sub_brand2,LATA,NO RETORNABLE,355,0.181853294,8531.455078,62.57379913,0.337300003
2/20/2025,market1,manufacturer44,brand78,sub_brand2,BOTELLA,NO RETORNABLE,330,0.00908299,62096.91016,0,0.332399994
2/20/2025,market1,manufacturer10,brand90,sub_brand3,LATA,NO RETORNABLE,330,0.118295319,5006.984375,262.9620056,0.282700002
2/20/2025,market1,ABI,brand50,sub_brand9,BOTELLA,RETORNABLE,210,5.342200756,18013.5918,3660.134033,13.18659973
2/20/2025,market1,manufacturer11,brand19,sub_brand14,BOTELLA,NO RETORNABLE,330,0.01109355,60602.60156,1.098999977,0.0016
2/20/2025,market1,manufacturer10,brand14,sub_brand3,BOTELLA,NO RETORNABLE,250,0.360467196,9378.572266,20.15730095,0.103
2/20/2025,market1,ABI,brand15,sub_brand3,BOTELLA,RETORNABLE,750,0.00049209,8093.891113,1.317600012,0.0004
2/20/2025,market1,manufacturer39,brand70,sub_brand3,LATA,NO RETORNABLE,330,0.049770828,19522.15234,3.8197999,0.802699983
2/20/2025,market1,ABI,brand16,sub_brand3,LATA,NO RETORNABLE,355,0.050327089,9710.577148,13.70580006,0.0119
2/20/2025,market1,manufacturer22,brand46,sub_brand2,LATA,NO RETORNABLE,330,0.119507119,18317.4668,19.99790001,1.137799978
2/20/2025,market1,ABI,brand45,sub_brand2,BOTELLA,NO RETORNABLE,250,4.882116318,12668.04395,2368.240479,13.8263998
2/20/2025,market1,ABI,brand16,sub_brand3,BOTELLA,RETORNABLE,750,3.600693941,7823.228027,14079.4502,8.721500397
2/20/2025,market1,manufacturer11,brand19,sub_brand14,LATA,NO RETORNABLE,500,0.073427454,28329.11133,7.207699776,0.932299972
2/20/2025,market1,ABI,brand12,sub_brand3,BOTELLA,RETORNABLE,1000,15.05781174,6222.635742,52052.71484,28.13389969
2/20/2025,market1,ABI,brand26,sub_brand9,LATA,NO RETORNABLE,269,9.113687515,12806.41895,3930.243164,19.13220024
2/20/2025,market1,manufacturer8,brand10,sub_brand2,LATA,NO RETORNABLE,330,0.01538203,35789.50781,0.0059,0.401300013
2/20/2025,market1,manufacturer39,brand70,sub_brand3,BOTELLA,NO RETORNABLE,330,0.11834982,20116.17969,14.1104002,1.205800056
2/20/2025,market1,ABI,brand16,sub_brand3,LATA,NO RETORNABLE,330,33.3622818,9926.177734,45991.19141,55.69710159
2/20/2025,market1,manufacturer37,brand67,sub_brand2,BOTELLA,NO RETORNABLE,330,0.00295725,38484.35156,0,0.133100003
2/20/2025,market1,manufacturer10,brand33,sub_brand3,LATA,NO RETORNABLE,355,0.130608782,6969.212891,59.74459839,0.035399999
2/20/2025,market1,manufacturer13,brand24,sub_brand2,LATA,NO RETORNABLE,500,0.063456178,32471.04883,2.945600033,0.674300015
2/20/2025,market1,ABI,brand12,sub_brand21,LATA,NO RETORNABLE,330,0.00042246,120348.1719,0,0.0008
2/20/2025,market1,manufacturer10,brand20,sub_brand3,BOTELLA,RETORNABLE,330,0.00379629,18181.73633,0.220200002,0.0016
2/20/2025,market1,ABI,brand51,sub_brand3,LATA,NO RETORNABLE,269,11.8110199,11893.6543,4543.17334,24.62660027
2/20/2025,market1,ABI,brand3,sub_brand3,BOTELLA,RETORNABLE,330,14.19464207,6418.287598,33844.10156,35.99509811
2/20/2025,market1,ABI,brand16,sub_brand5,BOTELLA,RETORNABLE,330,36.60272598,9699.613281,88651.54688,74.87210083
2/20/2025,market1,manufacturer3,brand11,sub_brand2,BOTELLA,NO RETORNABLE,330,0.01817131,26201.99414,0,0.850199997
2/20/2025,market1,ABI,brand12,sub_brand21,BOTELLA,RETORNABLE,330,0.0421803,10010.14941,346.3145142,0.075199999
2/20/2025,market1,manufacturer22,brand46,sub_brand2,LATA,NO RETORNABLE,355,0.00380218,34642.64453,0,0.145699993
2/20/2025,market1,manufacturer34,brand64,sub_brand2,BOTELLA,NO RETORNABLE,750,0.01394134,82290.5625,0,0.446999997
2/20/2025,market1,manufacturer44,brand78,sub_brand2,BOTELLA,NO RETORNABLE,750,0.00253479,75708.25,0,0.081299998
2/20/2025,market1,ABI,brand61,sub_brand3,BOTELLA,NO RETORNABLE,275,0.354245901,11113.84082,26.56850052,0.344700009
2/20/2025,market1,manufacturer10,brand57,sub_brand25,LATA,NO RETORNABLE,269,0.498592257,9933.288086,67.98690033,0.404300004
2/20/2025,market1,manufacturer5,brand6,sub_brand2,BOTELLA,NO RETORNABLE,500,0.01056162,40342.05469,0,0.363999993
2/20/2025,market1,manufacturer8,brand10,sub_brand2,BOTELLA,NO RETORNABLE,330,0.00401342,50791.23438,0,0.076499999
2/20/2025,market1,ABI,brand1,sub_brand34,BOTELLA,RETORNABLE,,6.33308506,7168.700684,8158.137695,15.21380043
2/20/2025,market1,ABI,brand3,sub_brand3,BOTELLA,RETORNABLE,750,6.064016819,5105.505859,15390.95996,14.51760006
2/20/2025,market1,ABI,brand26,sub_brand9,BOTELLA,NO RETORNABLE,210,0.292758852,16157.23145,146.5588989,0.551800013
2/20/2025,market1,ABI,brand7,sub_brand40,BOTELLA,NO RETORNABLE,330,0.849711001,13927.65527,62.54520035,4.044700146
2/20/2025,market1,ABI,brand16,sub_brand5,BOTELLA,RETORNABLE,250,0.22213088,10892.30566,872.694397,0.825100005
2/20/2025,market1,ABI,brand7,sub_brand4,BOTELLA,NO RETORNABLE,330,0.647057235,13823.16211,79.09539795,3.446899891
2/20/2025,market1,ABI,brand16,sub_brand3,BOTELLA,NO RETORNABLE,330,0.296672702,8240.180664,810.5888062,0.509500027
2/20/2025,market1,ABI,brand12,sub_brand16,BOTELLA,RETORNABLE,330,0.149408475,9090.910156,33.87649918,0.088600002
2/20/2025,market1,ABI,brand1,sub_brand1,LATA,NO RETORNABLE,269,1.849180818,8511.611328,343.7843933,3.887200117
2/20/2025,market1,manufacturer45,brand79,sub_brand2,LATA,NO RETORNABLE,500,0.016264901,27554.20703,0,0.535899997
2/20/2025,market1,ABI,brand3,sub_brand12,BOTELLA,RETORNABLE,320,16.49918747,8472.449219,37211.49609,44.63850021
2/20/2025,market1,manufacturer18,brand37,sub_brand2,BOTELLA,NO RETORNABLE,330,0.093604527,33708.05469,30.77400017,0.112599999
2/20/2025,market1,ABI,brand51,sub_brand3,LATA,NO RETORNABLE,296,0.066554584,9782.027344,12.67490005,0.0383
2/20/2025,market1,manufacturer22,brand46,sub_brand2,BOTELLA,NO RETORNABLE,250,0.01140655,30572.19141,0,0.575500011
2/20/2025,market1,ABI,brand32,sub_brand2,BOTELLA,RETORNABLE,330,2.994772196,5920.411133,4158.109863,7.26240015
2/20/2025,market1,manufacturer22,brand46,sub_brand3,BOTELLA,NO RETORNABLE,330,0.00697067,52216.98047,0,0.232199997
2/20/2025,market1,manufacturer24,brand48,sub_brand2,BOTELLA,NO RETORNABLE,330,0.00165192,73238.13281,0.0119,0.0308
2/20/2025,market1,ABI,brand15,sub_brand3,BOTELLA,RETORNABLE,300,0.038692068,10511.31543,35.13499832,0.133599997
2/20/2025,market1,ABI,brand16,sub_brand3,BOTELLA,RETORNABLE,250,0.253620774,11298.42188,51.68069839,0.51789999
2/20/2025,market1,manufacturer9,brand13,sub_brand2,BOTELLA,NO RETORNABLE,330,0.163208574,61307.40234,44.99560165,1.904299974
2/20/2025,market1,ABI,brand16,sub_brand6,LATA,NO RETORNABLE,355,0.039591711,9859.154297,11.83829975,0.0104
2/20/2025,market1,ABI,brand32,sub_brand2,BOTELLA,RETORNABLE,250,0.02543781,4661.92334,1.282400012,0.056400001
2/20/2025,market1,ABI,brand16,sub_brand20,LATA,NO RETORNABLE,330,3.280501842,8051.111816,750.690979,7.771800041
2/20/2025,market1,ABI,brand45,sub_brand2,LATA,NO RETORNABLE,269,25.54741096,10554.51563,19419.5293,49.19739914
2/20/2025,market1,ABI,brand83,sub_brand3,BOTELLA,NO RETORNABLE,330,0.191584408,13436.3877,54.48870087,2.45449996
2/20/2025,market1,manufacturer8,brand18,sub_brand2,BOTELLA,NO RETORNABLE,330,0.01535613,34563.80078,0.73269999,0.412900001
2/20/2025,market1,manufacturer10,brand14,sub_brand3,BOTELLA,RETORNABLE,250,0.607179105,7830.958984,284.6789856,1.064900041
2/20/2025,market1,ABI,brand16,sub_brand5,LATA,NO RETORNABLE,330,14.74501896,9675.560547,11481.03809,29.87579918
2/20/2025,market1,manufacturer10,brand14,sub_brand3,LATA,NO RETORNABLE,310,9.085666656,8449.949219,4898.185059,14.45219994
2/20/2025,market1,manufacturer10,brand14,sub_brand3,LATA,NO RETORNABLE,355,0.017776471,7973.547852,37.49060059,0.0601
2/20/2025,market1,manufacturer10,brand20,sub_brand3,BOTELLA,NO RETORNABLE,330,2.266195774,13852.51563,639.3344727,6.146699905
2/20/2025,market1,ABI,brand25,sub_brand2,LATA,NO RETORNABLE,269,12.05544853,12736.23242,2171.068359,22.11310005
2/20/2025,market1,manufacturer10,brand14,sub_brand3,LATA,NO RETORNABLE,269,0.628980935,8715.457031,122.3097,3.722700119
2/20/2025,market1,ABI,brand26,sub_brand9,BOTELLA,RETORNABLE,330,10.14466095,18700.73047,6228.881348,23.17359924
2/20/2025,market1,manufacturer10,brand20,sub_brand3,LATA,NO RETORNABLE,310,11.65777111,10321.74023,5737.687988,22.91830063
2/20/2025,market1,manufacturer10,brand20,sub_brand17,LATA,NO RETORNABLE,250,0.723474264,12803.47168,303.1163025,4.677299976
2/20/2025,market1,manufacturer16,brand31,sub_brand2,LATA,NO RETORNABLE,500,0.01457504,27785.11523,0,0.593500018
2/20/2025,market1,ABI,brand1,sub_brand1,LATA,NO RETORNABLE,355,0.01278047,8922.925781,14.52859974,0.0449
2/20/2025,market1,manufacturer26,brand53,sub_brand2,BOTELLA,NO RETORNABLE,330,0.00021123,47875.75781,0,0.0012
2/20/2025,market1,ABI,brand16,sub_brand5,LATA,NO RETORNABLE,473,11.22450066,8244.491211,12238.29883,15.60809994
2/20/2025,market1,ABI,brand7,sub_brand23,LATA,NO RETORNABLE,269,0.205640867,14899.2793,11.01140022,0.078000002
2/20/2025,market1,manufacturer19,brand39,sub_brand2,BOTELLA,NO RETORNABLE,330,0.025590779,37304.33984,3.917999983,0.0065
2/20/2025,market1,manufacturer9,brand23,sub_brand2,BOTELLA,NO RETORNABLE,330,0.121338189,60339.75,15.77320004,1.077800035
2/20/2025,market1,manufacturer10,brand14,sub_brand5,LATA,NO RETORNABLE,330,0.254214048,7588.776855,33.3431015,0.358200014
2/20/2025,market1,ABI,brand1,sub_brand7,BOTELLA,RETORNABLE,330,3.088682413,12442.71289,1878.074585,7.881400108
2/20/2025,market1,manufacturer5,brand6,sub_brand2,LATA,NO RETORNABLE,500,0.01541997,30607.50391,0,0.541100025
2/20/2025,market1,ABI,brand7,sub_brand40,LATA,NO RETORNABLE,269,3.489257336,14577.50195,284.536499,7.533500195
2/20/2025,market1,manufacturer14,brand27,sub_brand2,BOTELLA,NO RETORNABLE,330,0.196329728,34904.21484,45.71220016,0.301299989
2/20/2025,market1,ABI,brand15,sub_brand3,LATA,NO RETORNABLE,473,6.991168499,8328.700195,7898.560547,8.957099915
2/20/2025,market1,manufacturer10,brand14,sub_brand3,BOTELLA,RETORNABLE,330,5.663902283,7835.164551,6211.963379,11.49310017
8/23/2025,market1,manufacturer10,brand89,sub_brand3,BOTELLA,NO RETORNABLE,1500,10.33879948,3685.372314,2606.55249,22.64710045
8/23/2025,market1,manufacturer10,brand89,sub_brand3,BOTELLA,NO RETORNABLE,330,2.133656025,9502.292969,379.6825867,5.304200172
8/23/2025,market1,manufacturer46,brand82,sub_brand35,LATA,NO RETORNABLE,330,0.00582749,7682.594238,0.747200012,0.029100001
8/23/2025,market1,manufacturer46,brand82,sub_brand39,LATA,NO RETORNABLE,330,0.525541306,9209.392578,54.54219818,0.745199978
8/23/2025,market1,manufacturer46,brand82,sub_brand3,BOTELLA,NO RETORNABLE,1500,17.00814438,4072.795166,6267.048828,40.93000031
8/23/2025,market1,manufacturer46,brand82,sub_brand3,LATA,NO RETORNABLE,330,40.79271317,7651.509766,6719.503418,67.80750275
8/23/2025,market1,manufacturer46,brand82,sub_brand3,LATA,NO RETORNABLE,269,2.592326164,7261.690918,258.3778076,5.135499954
8/23/2025,market1,manufacturer10,brand89,sub_brand3,LATA,NO RETORNABLE,310,19.36725426,9119.782227,2578.391602,39.29790115
8/23/2025,market1,manufacturer46,brand82,sub_brand3,BOTELLA,RETORNABLE,330,17.31881905,9079.234375,7294.277832,41.77339935
8/23/2025,market1,manufacturer46,brand82,sub_brand36,LATA,NO RETORNABLE,330,0.048244972,9025.541016,2.670700073,0.020300001
8/23/2025,market1,manufacturer46,brand82,sub_brand3,BOTELLA,NO RETORNABLE,330,0.33608073,10606.06055,28.25989914,0.031399999
8/23/2025,market1,manufacturer10,brand89,sub_brand3,BOTELLA,NO RETORNABLE,200,0.306939721,8979.435547,24.44779968,0.229699999
11/22/2024,market1,ABI,brand71,sub_brand3,BOTELLA,RETORNABLE,175,10.25020409,15878.68945,16962.90234,28.33370018
11/22/2024,market1,ABI,brand3,sub_brand12,LATA,NO RETORNABLE,269,0.01515131,9520.241211,2.693200111,0.0008
11/22/2024,market1,ABI,brand26,sub_brand9,LATA,NO RETORNABLE,269,9.726129532,12621.30176,3459.208496,19.9829998
11/22/2024,market1,ABI,brand12,sub_brand16,BOTELLA,RETORNABLE,330,0.251890212,9090.919922,25.85090065,0.072300002
11/22/2024,market1,manufacturer10,brand20,sub_brand3,BOTELLA,NO RETORNABLE,250,5.977876186,13573.98828,3343.505127,17.77519989
11/22/2024,market1,manufacturer10,brand87,sub_brand3,LATA,NO RETORNABLE,269,0.154148936,10686.44629,16.21680069,0.529100001
11/22/2024,market1,manufacturer21,brand41,sub_brand3,LATA,NO RETORNABLE,330,0.00734518,27246.38086,0,0.338099986
11/22/2024,market1,manufacturer13,brand24,sub_brand2,LATA,NO RETORNABLE,500,0.189018428,32680.58398,6.880700111,2.060300112
11/22/2024,market1,manufacturer10,brand20,sub_brand3,BOTELLA,NO RETORNABLE,330,2.361109018,13351.66211,606.9807739,7.846199989
11/22/2024,market1,manufacturer22,brand46,sub_brand2,LATA,NO RETORNABLE,330,0.072611049,28037.72656,0,1.9648
11/22/2024,market1,manufacturer28,brand55,sub_brand2,BOTELLA,NO RETORNABLE,330,0.083743021,44220.86328,5.060400009,0.617299974
11/22/2024,market1,manufacturer10,brand20,sub_brand17,LATA,NO RETORNABLE,250,0.956217527,11949.10352,245.1761017,4.763500214
11/22/2024,market1,ABI,brand16,sub_brand6,LATA,NO RETORNABLE,355,0.051628679,9857.333984,36.21979904,0.0166
11/22/2024,market1,ABI,brand16,sub_brand6,BOTELLA,NO RETORNABLE,330,0.00060917,8484.757813,0.137799993,0.0004
11/22/2024,market1,manufacturer10,brand90,sub_brand3,LATA,NO RETORNABLE,330,0.080342993,4787.745605,254.2404938,0.168200001
11/22/2024,market1,ABI,brand16,sub_brand3,LATA,NO RETORNABLE,473,5.656967163,8127.721191,5286.834961,8.965499878
11/22/2024,market1,ABI,brand1,sub_brand1,LATA,NO RETORNABLE,330,22.94868088,9795.041992,17606.55273,40.23120117
11/22/2024,market1,manufacturer3,brand11,sub_brand2,BOTELLA,NO RETORNABLE,330,0.009527,26776.01563,0.104199998,0.705600023
11/22/2024,market1,ABI,brand58,sub_brand3,LATA,NO RETORNABLE,330,1.015688658,5368.353027,466.1535034,1.998600006
11/22/2024,market1,manufacturer10,brand57,sub_brand25,LATA,NO RETORNABLE,310,1.091763854,9244.672852,699.6594849,6.794499874
11/22/2024,market1,manufacturer24,brand48,sub_brand2,BOTELLA,NO RETORNABLE,750,0.00042746,77528.76563,0,0.025900001
11/22/2024,market1,manufacturer10,brand20,sub_brand3,LATA,NO RETORNABLE,330,0.568790019,11146.58691,42.36589813,0.758099973
11/22/2024,market1,manufacturer26,brand53,sub_brand2,BOTELLA,NO RETORNABLE,330,0.00021373,53305.55859,0,0.0036
11/22/2024,market1,manufacturer10,brand20,sub_brand3,BOTELLA,RETORNABLE,330,0.11841847,10194.55371,2.915100098,0.5352
11/22/2024,market1,ABI,brand25,sub_brand2,BOTELLA,NO RETORNABLE,300,6.236591816,13111.98535,2442.705811,16.86800003
11/22/2024,market1,ABI,brand1,sub_brand7,LATA,NO RETORNABLE,330,4.337612152,9965.842773,2219.36499,9.287500381
11/22/2024,market1,manufacturer10,brand14,sub_brand5,BOTELLA,NO RETORNABLE,300,0.662246704,8527.694336,2076.853027,1.800199986
11/22/2024,market1,ABI,brand16,sub_brand6,BOTELLA,RETORNABLE,330,0.034915421,6737.328613,9.082799911,0.016899999
11/22/2024,market1,manufacturer37,brand67,sub_brand2,BOTELLA,NO RETORNABLE,330,0.00256475,39704.43359,0,0.140900001
11/22/2024,market1,manufacturer11,brand19,sub_brand14,LATA,NO RETORNABLE,500,0.043254871,24638.57227,2.016900063,1.423099995
11/22/2024,market1,manufacturer10,brand57,sub_brand25,LATA,NO RETORNABLE,269,0.458400309,9639.521484,134.7841949,0.968100011
11/22/2024,market1,ABI,brand3,sub_brand3,BOTELLA,RETORNABLE,1000,0.04828281,4000,80.66619873,0.0198
11/22/2024,market1,manufacturer44,brand78,sub_brand2,BOTELLA,NO RETORNABLE,750,0.00085492,71022.42969,0,0.067699999
11/22/2024,market1,ABI,brand61,sub_brand3,BOTELLA,NO RETORNABLE,275,0.422438145,11501.59473,36.22629929,0.290300012
11/22/2024,market1,manufacturer10,brand14,sub_brand3,LATA,NO RETORNABLE,473,9.524353027,7254.175293,9224.898438,13.91230011
11/22/2024,market1,ABI,brand25,sub_brand2,LATA,NO RETORNABLE,269,13.75391197,12989.4707,2421.870117,25.41790009
11/22/2024,market1,manufacturer10,brand22,sub_brand27,BOTELLA,NO RETORNABLE,330,0.784643829,18854.91211,59.04510117,3.184400082
11/22/2024,market1,manufacturer42,brand75,sub_brand2,BOTELLA,NO RETORNABLE,330,0.0865229,67239.10156,12.29930019,0.656599998
11/22/2024,market1,manufacturer10,brand14,sub_brand3,LATA,NO RETORNABLE,310,8.236308098,7294.717773,5576.490234,15.50720024
11/22/2024,market1,ABI,brand16,sub_brand20,LATA,NO RETORNABLE,330,3.169965267,7683.973633,798.3109741,8.528400421
11/22/2024,market1,manufacturer22,brand46,sub_brand2,BOTELLA,NO RETORNABLE,500,0.085280493,38479.10547,4.332300186,1.159199953
11/22/2024,market1,manufacturer22,brand46,sub_brand37,LATA,NO RETORNABLE,330,0.095174313,22945.72852,0,1.270200014
11/22/2024,market1,ABI,brand12,sub_brand16,LATA,NO RETORNABLE,330,0.366782904,9392.631836,61.88259888,0.637300014
11/22/2024,market1,manufacturer17,brand34,sub_brand3,BOTELLA,RETORNABLE,330,0.00930057,36363.65234,0.96359998,0.0022
11/22/2024,market1,manufacturer17,brand34,sub_brand2,LATA,NO RETORNABLE,330,0.58069706,7545.418945,5.016600132,1.370399952
11/22/2024,market1,manufacturer12,brand21,sub_brand8,BOTELLA,NO RETORNABLE,330,0.05353947,13636.36523,2.426700115,0.019300001
11/22/2024,market1,manufacturer28,brand55,sub_brand2,BOTELLA,NO RETORNABLE,500,0.0139708,49518.57422,0,0.576200008
11/22/2024,market1,ABI,brand32,sub_brand2,BOTELLA,RETORNABLE,330,3.075835466,5856.043457,4688.415527,8.305500031
11/22/2024,market1,ABI,brand81,sub_brand3,BOTELLA,NO RETORNABLE,355,1.195771337,9192.005859,1652.22522,4.169400215
11/22/2024,market1,manufacturer3,brand11,sub_brand2,BOTELLA,NO RETORNABLE,330,0.074597791,37990.44922,3.014100075,0.089299999
11/22/2024,market1,manufacturer8,brand38,sub_brand2,BOTELLA,NO RETORNABLE,330,0.01865017,30792.30859,0.0034,0.738499999
11/22/2024,market1,ABI,brand3,sub_brand3,BOTELLA,RETORNABLE,350,0.282854199,1876.436646,491.9147949,0.218199998
11/22/2024,market1,manufacturer22,brand46,sub_brand2,BOTELLA,NO RETORNABLE,330,0.385947585,43854.18359,95.52950287,2.885099888
11/22/2024,market1,ABI,brand61,sub_brand3,LATA,NO RETORNABLE,330,0.317247212,9247.040039,95.80979919,0.263599992
11/22/2024,market1,ABI,brand16,sub_brand3,LATA,NO RETORNABLE,269,4.285656452,9270.637695,2842.285645,10.0678997
11/22/2024,market1,ABI,brand51,sub_brand3,LATA,NO RETORNABLE,269,11.82343769,11514.84375,4746.974121,25.19739914
11/22/2024,market1,ABI,brand7,sub_brand29,BOTELLA,NO RETORNABLE,330,0.106059723,10695.32813,5.492599964,2.746599913
11/22/2024,market1,manufacturer27,brand54,sub_brand2,BOTELLA,NO RETORNABLE,330,0.118929088,58443.89063,20.63949966,0.756799996
11/22/2024,market1,manufacturer38,brand80,sub_brand2,LATA,NO RETORNABLE,500,0.123005703,30753.23633,0.794700027,1.636700034
11/22/2024,market1,manufacturer8,brand18,sub_brand2,BOTELLA,NO RETORNABLE,330,0.018383861,31522.57617,0,0.733900011
11/22/2024,market1,manufacturer9,brand23,sub_brand2,BOTELLA,NO RETORNABLE,330,0.049432181,61361.73047,4.783299923,0.643899977
11/22/2024,market1,manufacturer22,brand46,sub_brand2,BOTELLA,RETORNABLE,330,0.130413026,30984.99219,3.868000031,0.930800021
11/22/2024,market1,manufacturer10,brand57,sub_brand25,BOTELLA,NO RETORNABLE,300,2.780741215,9898.526367,6824.230957,8.632100105
11/22/2024,market1,ABI,brand73,sub_brand15,LATA,NO RETORNABLE,330,0.827567458,6107.562012,301.2363892,1.442999959
11/22/2024,market1,manufacturer33,brand63,sub_brand2,BOTELLA,NO RETORNABLE,330,0.03654829,19541.13086,3.462100029,1.053799987
11/22/2024,market1,ABI,brand16,sub_brand5,LATA,NO RETORNABLE,296,0.02355052,8156.574707,67.17579651,0.180399999
11/22/2024,market1,manufacturer10,brand14,sub_brand5,LATA,NO RETORNABLE,473,0.429500252,7734.575684,64.24369812,0.511600018
11/22/2024,market1,manufacturer10,brand57,sub_brand25,LATA,NO RETORNABLE,330,0.204757646,9515.046875,58.94240189,0.561200023
11/22/2024,market1,ABI,brand1,sub_brand1,LATA,NO RETORNABLE,269,1.759942412,8397.647461,320.1221008,2.970400095
11/22/2024,market1,manufacturer7,brand9,sub_brand2,LATA,NO RETORNABLE,500,0.05336827,27584.91992,0,0.247799993
11/22/2024,market1,manufacturer10,brand57,sub_brand25,BOTELLA,RETORNABLE,330,0.04197054,7878.787109,4.908100128,0.0005
11/22/2024,market1,ABI,brand16,sub_brand3,BOTELLA,RETORNABLE,1000,12.79484272,6272.351563,29409.78711,24.43180084
11/22/2024,market1,manufacturer3,brand11,sub_brand2,BARRIL,NO RETORNABLE,5000,0.01375707,25318.09961,0,0.54369998
11/22/2024,market1,ABI,brand16,sub_brand6,LATA,NO RETORNABLE,330,0.021715909,9498.296875,2.824500084,0.058600001
11/22/2024,market1,ABI,brand1,sub_brand10,LATA,NO RETORNABLE,330,0.196537495,9950.952148,10.10990047,0.0148
11/22/2024,market1,manufacturer10,brand20,sub_brand17,BOTELLA,NO RETORNABLE,330,0.069904871,22046.00195,23.38730049,0.095799997
11/22/2024,market1,manufacturer10,brand22,sub_brand18,BOTELLA,NO RETORNABLE,330,1.00670898,17627.90234,96.17350006,4.565400124
11/22/2024,market1,manufacturer10,brand22,sub_brand13,BOTELLA,NO RETORNABLE,330,0.690590322,15985.88379,64.65840149,0.768899977
11/22/2024,market1,ABI,brand12,sub_brand3,LATA,NO RETORNABLE,355,0.092994593,10691.28418,19.10000038,0.039999999
11/22/2024,market1,ABI,brand1,sub_brand33,LATA,NO RETORNABLE,330,2.36609602,10518.17969,929.4328003,7.879300117
11/22/2024,market1,manufacturer26,brand53,sub_brand2,BOTELLA,NO RETORNABLE,250,0.175234243,55374.37109,16.94739914,2.51880002
11/22/2024,market1,ABI,brand83,sub_brand3,BOTELLA,NO RETORNABLE,310,0.00859007,51398.95703,1.100700021,0.0911
11/22/2024,market1,ABI,brand3,sub_brand12,LATA,NO RETORNABLE,330,16.37244987,8811.162109,23408.49805,36.38029861
11/22/2024,market1,manufacturer10,brand33,sub_brand3,LATA,NO RETORNABLE,355,0.189627662,6266.557129,93.83959961,0.125200003
11/22/2024,market1,manufacturer10,brand33,sub_brand3,BOTELLA,RETORNABLE,330,5.503339291,6107.452148,9310.139648,13.11880016
11/22/2024,market1,ABI,brand1,sub_brand7,LATA,NO RETORNABLE,355,0.018458219,8934.676758,27.13640022,0.0374
11/22/2024,market1,manufacturer30,brand59,sub_brand2,BOTELLA,NO RETORNABLE,500,0.042663109,29647.59766,0.0104,2.105999947
11/22/2024,market1,ABI,brand12,sub_brand3,LATA,NO RETORNABLE,269,2.381891727,7625.255371,2330.100586,4.804699898
11/22/2024,market1,ABI,brand12,sub_brand26,LATA,NO RETORNABLE,330,0.00841992,9595.954102,0.200800002,0.0006
11/22/2024,market1,manufacturer22,brand46,sub_brand2,LATA,NO RETORNABLE,355,0.00427459,39898.21094,0,0.174099997
11/22/2024,market1,ABI,brand32,sub_brand2,BOTELLA,RETORNABLE,250,0.04226739,4746.470703,0.685699999,0.383100003
11/22/2024,market1,manufacturer22,brand46,sub_brand2,BOTELLA,NO RETORNABLE,250,0.01439826,24676.83594,0,1.228399992
11/22/2024,market1,manufacturer39,brand70,sub_brand3,LATA,NO RETORNABLE,330,0.02726296,17249.47852,8.086700439,1.026499987
11/22/2024,market1,ABI,brand51,sub_brand3,BOTELLA,RETORNABLE,330,0.122825287,8490.426758,190.3903046,0.196500003
11/22/2024,market1,manufacturer10,brand17,sub_brand3,BOTELLA,NO RETORNABLE,330,1.109121442,13277.75195,206.4396973,4.864299774
11/22/2024,market1,manufacturer8,brand38,sub_brand2,LATA,NO RETORNABLE,330,0.02329652,37939.08594,0,0.736199975
11/22/2024,market1,ABI,brand7,sub_brand4,LATA,NO RETORNABLE,269,0.587682784,10510.00488,61.3689003,3.636300087
11/22/2024,market1,ABI,brand16,sub_brand5,BOTELLA,RETORNABLE,750,5.487012863,7375.209961,11965.78906,10.08370018
11/22/2024,market1,manufacturer10,brand17,sub_brand3,LATA,NO RETORNABLE,310,1.185070753,8245.205078,439.3063965,4.881000042
11/22/2024,market1,manufacturer11,brand19,sub_brand3,BOTELLA,NO RETORNABLE,500,0.183211327,32712.19531,44.47719955,2.581399918
11/22/2024,market1,manufacturer10,brand14,sub_brand3,LATA,NO RETORNABLE,269,1.045363188,8149.378418,170.4234924,4.993199825
11/22/2024,market1,ABI,brand3,sub_brand12,BOTELLA,RETORNABLE,320,16.17670441,8372.978516,34435.47656,40.78939819
11/22/2024,market1,manufacturer10,brand33,sub_brand3,BOTELLA,RETORNABLE,750,3.273066759,4877.332031,5567.786621,6.924200058
11/22/2024,market1,manufacturer7,brand9,sub_brand2,BOTELLA,NO RETORNABLE,650,0.025006359,9700.189453,0,1.631100059
11/22/2024,market1,ABI,brand25,sub_brand2,BARRIL,NO RETORNABLE,,0.00299221,12013.2627,0,0.159199998
11/22/2024,market1,ABI,brand16,sub_brand5,LATA,NO RETORNABLE,473,10.39666176,8210.822266,12495.65039,15.41040039
11/22/2024,market1,manufacturer10,brand57,sub_brand25,BOTELLA,NO RETORNABLE,250,0.232894838,7455.879883,123.7024994,1.190700054
11/22/2024,market1,ABI,brand16,sub_brand3,BOTELLA,NO RETORNABLE,500,0.048605029,122000,91.09600067,0.0482
11/22/2024,market1,manufacturer10,brand14,sub_brand5,LATA,NO RETORNABLE,330,0.397761881,7898.088379,54.32279968,1.511000037
11/22/2024,market1,ABI,brand16,sub_brand5,LATA,NO RETORNABLE,330,13.90329361,9017.170898,10713.26465,29.05080032
11/22/2024,market1,manufacturer10,brand33,sub_brand3,LATA,NO RETORNABLE,269,0.054344691,8087.675293,33.91740036,0.045699999
11/22/2024,market1,manufacturer22,brand46,sub_brand3,LATA,NO RETORNABLE,330,0.00713145,17457.46484,0,0.336100012
11/22/2024,market1,manufacturer31,brand69,sub_brand2,LATA,NO RETORNABLE,330,0.039310832,11175.16992,0,1.113000035
11/22/2024,market1,ABI,brand42,sub_brand5,LATA,NO RETORNABLE,330,0.036812779,9090.913086,1.112499952,0.0352
11/22/2024,market1,ABI,brand12,sub_brand3,BOTELLA,RETORNABLE,750,8.93808651,7243.25293,19967.73242,14.26990032
11/22/2024,market1,manufacturer14,brand27,sub_brand2,BOTELLA,NO RETORNABLE,300,0.040900718,29866.09961,0,2.125200033
11/22/2024,market1,ABI,brand1,sub_brand1,BOTELLA,NO RETORNABLE,330,0.140538812,8829.769531,24.42900085,2.214799881
11/22/2024,market1,manufacturer22,brand46,sub_brand2,LATA,NO RETORNABLE,,0.10396146,23305.37891,11.37160015,0.897899985
11/22/2024,market1,manufacturer7,brand9,sub_brand2,BOTELLA,NO RETORNABLE,330,0.01325435,12930.79785,0,0.115900002
11/22/2024,market1,ABI,brand1,sub_brand1,LATA,NO RETORNABLE,355,0.020885721,8801.081055,57.01390076,0.056600001
11/22/2024,market1,ABI,brand12,sub_brand3,BOTELLA,RETORNABLE,300,0.031274769,10055.71387,1.903599977,0.0146
11/22/2024,market1,ABI,brand45,sub_brand2,LATA,NO RETORNABLE,269,25.89131927,10308.08398,21319.02148,50.41650009
11/22/2024,market1,manufacturer17,brand34,sub_brand2,LATA,NO RETORNABLE,330,0.00746512,4936.596191,3.182899952,0.019300001
11/22/2024,market1,ABI,brand12,sub_brand3,BOTELLA,RETORNABLE,250,1.020496726,9941.033203,3582.849854,3.144099951
11/22/2024,market1,ABI,brand16,sub_brand3,BOTELLA,NO RETORNABLE,330,0.25074327,7652.428711,817.8215942,0.90259999
11/22/2024,market1,manufacturer10,brand20,sub_brand3,LATA,NO RETORNABLE,269,2.154910803,12159.58203,805.8911133,2.236500025
11/22/2024,market1,manufacturer10,brand14,sub_brand5,LATA,NO RETORNABLE,310,2.176546574,7161.727539,2420.296631,7.855500221
11/22/2024,market1,manufacturer10,brand22,sub_brand19,BOTELLA,NO RETORNABLE,330,0.239595711,16458.25,18.33060074,1.693899989
11/22/2024,market1,ABI,brand45,sub_brand2,BOTELLA,NO RETORNABLE,250,5.570556164,11735.57129,3122.95874,14.21819973
11/22/2024,market1,ABI,brand1,sub_brand32,BOTELLA,RETORNABLE,330,0.223231211,10926.74414,26.02020073,0.28459999
11/22/2024,market1,manufacturer10,brand14,sub_brand5,LATA,NO RETORNABLE,269,0.577748537,8575.384766,218.2828979,4.890900135
11/22/2024,market1,manufacturer16,brand31,sub_brand2,LATA,NO RETORNABLE,500,0.00128238,37992,0,0.0243
11/22/2024,market1,ABI,brand12,sub_brand3,LATA,NO RETORNABLE,473,12.27787209,8171.604492,25109.56836,16.65250015
11/22/2024,market1,ABI,brand1,sub_brand26,BOTELLA,NO RETORNABLE,330,0.096636221,8478.878906,31.53879929,0.0104
11/22/2024,market1,ABI,brand45,sub_brand2,BOTELLA,RETORNABLE,250,2.727471113,11622.36133,1519.593506,6.93419981
11/22/2024,market1,manufacturer10,brand14,sub_brand5,LATA,NO RETORNABLE,,0.00078685,10548.62207,0.118000001,0.0005
11/22/2024,market1,ABI,brand51,sub_brand3,BOTELLA,NO RETORNABLE,250,0.00085492,23606.56641,0,0.0034
11/22/2024,market1,manufacturer22,brand46,sub_brand3,BOTELLA,NO RETORNABLE,330,0.00769426,46676.125,0,0.32100001
11/22/2024,market1,manufacturer10,brand14,sub_brand3,BOTELLA,RETORNABLE,750,2.664247274,5494.820801,5684.63916,5.548900127
11/22/2024,market1,manufacturer10,brand22,sub_brand13,BOTELLA,NO RETORNABLE,300,3.333005905,15959.87891,720.3071289,9.695599556
11/22/2024,market1,ABI,brand45,sub_brand2,LATA,NO RETORNABLE,355,0.204269066,8359.714844,107.5681,0.779299974
11/22/2024,market1,ABI,brand12,sub_brand3,BOTELLA,RETORNABLE,1000,15.02484608,6166.442383,54408.07422,28.5970993
11/22/2024,market1,ABI,brand16,sub_brand3,LATA,NO RETORNABLE,355,0.110711724,5765.665039,90.62950134,0.039299998
11/22/2024,market1,manufacturer36,brand66,sub_brand2,LATA,NO RETORNABLE,500,0.25065738,27335.44141,21.22509956,1.924999952
11/22/2024,market1,ABI,brand26,sub_brand9,BOTELLA,NO RETORNABLE,330,9.190198898,12259.89453,4840.754883,22.01460075
11/22/2024,market1,manufacturer34,brand64,sub_brand2,BOTELLA,NO RETORNABLE,750,0.01375707,77100.11719,0,0.55400002
11/22/2024,market1,manufacturer4,brand5,sub_brand2,LATA,NO RETORNABLE,500,0.242221087,25457.68164,36.81750107,2.6954
11/22/2024,market1,ABI,brand1,sub_brand1,BOTELLA,NO RETORNABLE,900,0.00021373,6444.394531,0,0.0024
11/22/2024,market1,manufacturer22,brand46,sub_brand2,LATA,NO RETORNABLE,500,0.00833545,17727.75781,0,0.883400023
11/22/2024,market1,manufacturer34,brand64,sub_brand2,BOTELLA,NO RETORNABLE,330,0.157808736,71792.17188,15.11600018,0.943000019
11/22/2024,market1,ABI,brand3,sub_brand3,LATA,NO RETORNABLE,330,3.411853075,6220.306152,2277.017334,5.615499973
11/22/2024,market1,ABI,brand81,sub_brand3,LATA,NO RETORNABLE,269,0.965924501,7650.974121,169.5014954,2.825900078
11/22/2024,market1,manufacturer10,brand14,sub_brand3,BOTELLA,NO RETORNABLE,250,0.393215775,8664.196289,10.27970028,0.404599994
11/22/2024,market1,ABI,brand1,sub_brand26,LATA,NO RETORNABLE,355,0.00021373,5938.807129,0,0.0007
11/22/2024,market1,manufacturer10,brand35,sub_brand2,LATA,NO RETORNABLE,330,0.745890081,6032.533203,315.928009,3.804399967
11/22/2024,market1,ABI,brand16,sub_brand5,LATA,NO RETORNABLE,269,4.364711761,8585.780273,6186.338379,11.45370007
11/22/2024,market1,manufacturer10,brand17,sub_brand3,BOTELLA,NO RETORNABLE,250,1.147749662,12312.84082,615.7005005,4.427899837
11/22/2024,market1,manufacturer8,brand10,sub_brand2,BOTELLA,NO RETORNABLE,330,0.079941027,52626.13281,0,0.718599975
11/22/2024,market1,manufacturer9,brand13,sub_brand2,BOTELLA,NO RETORNABLE,750,0.016868031,47227.55469,2.634599924,0.584800005
11/22/2024,market1,ABI,brand12,sub_brand3,BOTELLA,NO RETORNABLE,330,0.018458219,6637.996094,401.4154968,0.0374
11/22/2024,market1,manufacturer6,brand8,sub_brand2,LATA,NO RETORNABLE,330,0.0558162,6083.891602,25.99550056,0.0065
11/22/2024,market1,manufacturer7,brand9,sub_brand2,LATA,NO RETORNABLE,330,0.01667208,12372.04102,0.241099998,0.721599996
11/22/2024,market1,ABI,brand15,sub_brand3,LATA,NO RETORNABLE,330,2.20996809,7197.304688,951.4284058,3.156899929
11/22/2024,market1,ABI,brand25,sub_brand2,LATA,NO RETORNABLE,250,0.0121374,12128.14844,0.0691,0.0063
11/22/2024,market1,manufacturer10,brand14,sub_brand3,BOTELLA,RETORNABLE,250,0.742536247,8172.815918,358.579895,1.279399991
11/22/2024,market1,manufacturer38,brand68,sub_brand2,LATA,NO RETORNABLE,500,0.00534324,24240.91211,0,0.654799998
11/22/2024,market1,ABI,brand1,sub_brand10,BOTELLA,RETORNABLE,330,0.34798792,11438.58789,35.60020065,0.081799999
11/22/2024,market1,manufacturer10,brand17,sub_brand3,BOTELLA,NO RETORNABLE,355,0.085273162,11429.38867,3.002199888,0.0123
11/22/2024,market1,ABI,brand26,sub_brand9,BOTELLA,NO RETORNABLE,210,0.267402977,16858.07031,29.29249954,0.335700005
11/22/2024,market1,manufacturer3,brand11,sub_brand2,BOTELLA,NO RETORNABLE,500,0.046748899,27740.57422,2.578900099,1.57280004
11/22/2024,market1,ABI,brand36,sub_brand3,LATA,NO RETORNABLE,330,0.666514397,5596.763184,34.39929962,1.493399978
11/22/2024,market1,ABI,brand16,sub_brand20,LATA,NO RETORNABLE,355,0.018458219,8845.338867,1.83099997,0.0221
11/22/2024,market1,ABI,brand16,sub_brand5,BOTELLA,RETORNABLE,330,35.78242493,9573.06543,82851.83594,73.07109833
11/22/2024,market1,ABI,brand12,sub_brand21,BOTELLA,RETORNABLE,330,0.027669409,9090.90918,209.8639984,0.051800001
11/22/2024,market1,ABI,brand16,sub_brand30,BOTELLA,RETORNABLE,330,0.171569303,7700.643066,5.350500107,0.002
11/22/2024,market1,manufacturer39,brand70,sub_brand3,BOTELLA,NO RETORNABLE,330,0.06166365,18518.38477,11.14970016,1.814399958
11/22/2024,market1,manufacturer21,brand41,sub_brand3,LATA,NO RETORNABLE,473,0.01311588,26046.4707,0,0.587599993
11/22/2024,market1,manufacturer10,brand14,sub_brand5,BOTELLA,RETORNABLE,330,2.986635923,8458.40625,3526.626953,7.071199894
11/22/2024,market1,manufacturer22,brand46,sub_brand37,BOTELLA,NO RETORNABLE,330,0.182209194,36089.69922,20.99550056,1.899000049
11/22/2024,market1,manufacturer10,brand14,sub_brand3,BOTELLA,RETORNABLE,330,5.454615116,8005.555176,7524.562988,11.6559
11/22/2024,market1,ABI,brand7,sub_brand11,BOTELLA,NO RETORNABLE,330,0.00804393,15151.51758,0,0.0198
11/22/2024,market1,ABI,brand12,sub_brand3,BOTELLA,RETORNABLE,330,35.3939209,9067.676758,121531.4063,70.93669891
11/22/2024,market1,manufacturer11,brand19,sub_brand3,BOTELLA,NO RETORNABLE,330,0.054155201,44131.09375,3.479500055,0.066299997
11/22/2024,market1,manufacturer10,brand33,sub_brand3,LATA,NO RETORNABLE,330,4.399981022,7208.615723,1658.769653,3.836600065
11/22/2024,market1,manufacturer11,brand19,sub_brand3,BOTELLA,NO RETORNABLE,500,0.02679457,29605.50195,0,1.63259995
11/22/2024,market1,manufacturer45,brand79,sub_brand2,BOTELLA,NO RETORNABLE,500,0.018459121,31272.86328,0,0.61650002
11/22/2024,market1,ABI,brand12,sub_brand3,OTROS ENVASES,NO RETORNABLE,330,0.340361208,8336.160156,799.026123,0.299100012
11/22/2024,market1,manufacturer11,brand19,sub_brand14,BOTELLA,NO RETORNABLE,500,0.114415348,29989.57422,15.35099983,1.398599982
11/22/2024,market1,ABI,brand1,sub_brand7,BOTELLA,NO RETORNABLE,330,0.052975159,9038.195313,14.38869953,0.66140002
11/22/2024,market1,manufacturer22,brand46,sub_brand2,LATA,NO RETORNABLE,330,0.038549699,14617.9834,0,2.540299892
11/22/2024,market1,manufacturer10,brand57,sub_brand24,BOTELLA,NO RETORNABLE,355,0.00470205,11220.6582,0,0.0071
11/22/2024,market1,ABI,brand1,sub_brand7,BOTELLA,RETORNABLE,330,3.952581882,12288.06348,2309.208984,9.836600304
11/22/2024,market1,manufacturer5,brand6,sub_brand2,BOTELLA,NO RETORNABLE,500,0.0118335,38257.23828,0,0.522000015
11/22/2024,market1,ABI,brand50,sub_brand9,BOTELLA,NO RETORNABLE,210,26.77749634,15751.43164,26459.25977,59.17279816
11/22/2024,market1,ABI,brand7,sub_brand38,BOTELLA,NO RETORNABLE,330,0.00021373,14001.12891,0,0.0035
11/22/2024,market1,ABI,brand84,sub_brand37,BOTELLA,NO RETORNABLE,355,0.407914609,18451.85742,167.9333038,1.988700032
11/22/2024,market1,ABI,brand3,sub_brand3,BOTELLA,RETORNABLE,330,11.68578434,6406.014648,29863.80664,30.31949997
11/22/2024,market1,ABI,brand7,sub_brand15,BOTELLA,NO RETORNABLE,330,0.00320594,32604.54492,0,0.193800002
11/22/2024,market1,ABI,brand26,sub_brand9,BOTELLA,RETORNABLE,330,11.1595583,18158.22461,6680.493164,26.35540009
11/22/2024,market1,ABI,brand7,sub_brand40,LATA,NO RETORNABLE,269,3.790019035,12492.5293,190.0117035,8.430000305
11/22/2024,market1,manufacturer5,brand6,sub_brand2,LATA,NO RETORNABLE,500,0.015894361,33349.03516,0,0.595300019
11/22/2024,market1,manufacturer16,brand31,sub_brand2,BOTELLA,NO RETORNABLE,500,0.181170017,31346.03516,63.82699966,2.667200089
11/22/2024,market1,ABI,brand7,sub_brand40,BOTELLA,NO RETORNABLE,330,0.768134952,14457.25,63.12689972,4.546800137
11/22/2024,market1,manufacturer10,brand17,sub_brand3,LATA,NO RETORNABLE,269,1.537570953,9929.216797,263.678894,2.89560008
11/22/2024,market1,ABI,brand25,sub_brand2,BOTELLA,NO RETORNABLE,330,1.532583594,18044.99805,486.6440125,3.45630002
11/22/2024,market1,manufacturer16,brand43,sub_brand2,BOTELLA,NO RETORNABLE,500,0.035223361,25954.58008,33.22510147,1.954399943
11/22/2024,market1,manufacturer10,brand20,sub_brand3,BARRIL,NO RETORNABLE,5000,0.01200303,14859.7666,73.92459869,0.030300001
11/22/2024,market1,ABI,brand7,sub_brand4,BOTELLA,NO RETORNABLE,330,0.722845793,13846.40918,73.33609772,3.682100058
11/22/2024,market1,manufacturer10,brand20,sub_brand3,BOTELLA,RETORNABLE,250,1.461897969,12995.27832,1427.63208,4.868899822
11/22/2024,market1,manufacturer22,brand46,sub_brand37,LATA,NO RETORNABLE,500,0.043156762,23045.54883,4.302199841,2.119800091
11/22/2024,market1,manufacturer19,brand39,sub_brand2,BOTELLA,NO RETORNABLE,330,0.028179049,37467.60547,11.5170002,0.0085
11/22/2024,market1,manufacturer10,brand14,sub_brand3,LATA,NO RETORNABLE,330,2.597108364,8212.931641,1052.729248,3.986799955
11/22/2024,market1,manufacturer23,brand47,sub_brand2,BOTELLA,NO RETORNABLE,330,0.00534324,8270.367188,0,0.548200011
11/22/2024,market1,manufacturer11,brand19,sub_brand3,LATA,NO RETORNABLE,500,0.131296292,27534.68555,4.934100151,2.386600018
11/22/2024,market1,manufacturer25,brand49,sub_brand2,BOTELLA,NO RETORNABLE,330,0.00166861,34278.8125,0.080499999,0.0117
11/22/2024,market1,manufacturer10,brand22,sub_brand13,LATA,NO RETORNABLE,269,2.091835976,12524.80078,708.2655029,5.60860014
11/22/2024,market1,manufacturer8,brand18,sub_brand2,LATA,NO RETORNABLE,330,0.02906722,35507.97656,0,1.226799965
11/22/2024,market1,ABI,brand15,sub_brand3,BOTELLA,RETORNABLE,750,0.00060917,8307.730469,1.19690001,0.0004
11/22/2024,market1,ABI,brand26,sub_brand6,BOTELLA,NO RETORNABLE,330,4.444408417,13516.64063,774.4337158,11.27200031
11/22/2024,market1,ABI,brand1,sub_brand1,LATA,NO RETORNABLE,473,7.386974335,8279.764648,6603.956543,13.70300007
11/22/2024,market1,ABI,brand1,sub_brand33,BOTELLA,NO RETORNABLE,330,1.275702834,12170.76855,681.2144165,5.713300228
11/22/2024,market1,ABI,brand1,sub_brand34,BOTELLA,RETORNABLE,,6.560380936,6960.689941,9285.080078,15.97060013
11/22/2024,market1,ABI,brand50,sub_brand9,BOTELLA,RETORNABLE,210,5.866631508,17577.11328,4839.250488,15.53859997
11/22/2024,market1,ABI,brand3,sub_brand12,BOTELLA,NO RETORNABLE,320,0.04522834,7219.296875,13.42059994,0.0219
11/22/2024,market1,manufacturer16,brand31,sub_brand2,LATA,NO RETORNABLE,500,0.01816701,25107.39453,0,1.065700054
11/22/2024,market1,ABI,brand83,sub_brand3,BOTELLA,NO RETORNABLE,330,0.217161193,17813.89844,33.05379868,2.990400076
11/22/2024,market1,manufacturer14,brand27,sub_brand2,BOTELLA,NO RETORNABLE,330,0.145744368,31399.9707,21.06069946,0.239600003
11/22/2024,market1,ABI,brand16,sub_brand5,BOTELLA,RETORNABLE,250,0.298092872,10781.58203,837.0003052,1.122400045
11/22/2024,market1,ABI,brand16,sub_brand3,LATA,NO RETORNABLE,330,31.1802597,9278.813477,52334.71484,53.11240005
11/22/2024,market1,ABI,brand12,sub_brand3,LATA,NO RETORNABLE,330,28.45247841,9139.847656,39474.0625,45.98519897
11/22/2024,market1,manufacturer3,brand11,sub_brand2,LATA,NO RETORNABLE,500,0.094770357,22836.28711,0.961300015,2.528100014
11/22/2024,market1,manufacturer8,brand10,sub_brand2,LATA,NO RETORNABLE,330,0.018725401,38086.70313,0.0034,0.60680002
11/22/2024,market1,ABI,brand16,sub_brand3,BOTELLA,RETORNABLE,750,3.46502471,7485.56543,11758.35742,8.422100067
11/22/2024,market1,ABI,brand7,sub_brand15,BARRIL,NO RETORNABLE,,0.00085492,8213.886719,0,0.031199999
11/22/2024,market1,ABI,brand15,sub_brand3,BOTELLA,RETORNABLE,1000,3.959213734,6772.667969,8778.429688,5.294700146
11/22/2024,market1,ABI,brand16,sub_brand20,BOTELLA,RETORNABLE,330,0.731466711,9123.910156,283.6617126,1.296200037
11/22/2024,market1,ABI,brand16,sub_brand3,BOTELLA,RETORNABLE,250,0.196185932,11192.7002,345.7309875,0.93720001
11/22/2024,market1,manufacturer10,brand20,sub_brand3,LATA,NO RETORNABLE,310,10.8783865,9551.398438,5753.575195,21.5359993
11/22/2024,market1,ABI,brand44,sub_brand15,LATA,NO RETORNABLE,330,0.192051008,5098.347656,21.25130081,0.605599999
11/22/2024,market1,ABI,brand15,sub_brand3,LATA,NO RETORNABLE,473,6.704432011,8181.851074,6957.746582,8.54640007
11/22/2024,market1,manufacturer24,brand48,sub_brand2,BOTELLA,NO RETORNABLE,330,0.068867922,64296.42578,0.476900011,0.205599993
11/22/2024,market1,manufacturer10,brand22,sub_brand7,BOTELLA,NO RETORNABLE,330,1.165569544,15723.17578,141.5117035,4.893799782
11/22/2024,market1,manufacturer10,brand14,sub_brand3,LATA,NO RETORNABLE,355,0.019641921,8353.015625,10.78569984,0.107299998
11/22/2024,market1,ABI,brand1,sub_brand32,LATA,NO RETORNABLE,330,0.0618462,11549.78418,11.89820004,0.123400003
11/22/2024,market1,ABI,brand3,sub_brand3,BOTELLA,RETORNABLE,750,5.093646049,5013.924805,16077.21973,12.88990021
11/22/2024,market1,manufacturer10,brand20,sub_brand3,LATA,NO RETORNABLE,473,2.328462124,7750.12793,1066.897095,5.075600147
11/22/2024,market1,manufacturer29,brand77,sub_brand2,LATA,NO RETORNABLE,500,0.021665061,16935.01367,0,1.078999996
11/22/2024,market1,ABI,brand50,sub_brand9,BOTELLA,NO RETORNABLE,207,0.0035297,15031.83008,0.81099999,0.0051
11/22/2024,market1,manufacturer32,brand62,sub_brand2,BOTELLA,NO RETORNABLE,330,0.140368596,46105.79688,7.444900036,2.236399889
11/22/2024,market1,manufacturer18,brand37,sub_brand2,BOTELLA,NO RETORNABLE,330,0.0583947,27267.37305,47.88150024,0.041499998
11/22/2024,market1,manufacturer44,brand78,sub_brand2,BOTELLA,NO RETORNABLE,330,0.00884129,60126.84375,0,0.535899997
11/22/2024,market1,ABI,brand15,sub_brand3,BOTELLA,RETORNABLE,330,7.026565075,11013.36133,11872.90625,9.545999527
11/22/2024,market1,ABI,brand1,sub_brand26,LATA,NO RETORNABLE,330,5.466359138,11407.52637,3063.047607,10.30760002
11/22/2024,market1,manufacturer9,brand13,sub_brand2,BOTELLA,NO RETORNABLE,330,0.163580999,63268.28516,24.73629951,2.446099997
11/22/2024,market1,ABI,brand26,sub_brand9,BOTELLA,NO RETORNABLE,355,1.060679913,16884.35547,403.0386047,2.516499996
11/22/2024,market1,manufacturer22,brand46,sub_brand2,LATA,NO RETORNABLE,500,0.137075841,27608.33984,22.00309944,1.343000054
11/22/2024,market1,manufacturer5,brand6,sub_brand2,BOTELLA,NO RETORNABLE,330,0.00085492,40583.13672,0,0.0287
11/22/2024,market1,manufacturer45,brand79,sub_brand2,LATA,NO RETORNABLE,500,0.0139708,24106.98438,0,0.385800004
11/22/2024,market1,manufacturer16,brand43,sub_brand2,BOTELLA,NO RETORNABLE,500,0.081141099,31810.42773,5.690199852,2.320899963
11/22/2024,market1,manufacturer10,brand14,sub_brand5,BOTELLA,NO RETORNABLE,250,0.38722074,8535.794922,801.7485962,2.722599983
11/22/2024,market1,manufacturer10,brand14,sub_brand3,BOTELLA,NO RETORNABLE,300,0.459789962,8312.259766,229.5778046,0.816600025
11/22/2024,market1,ABI,brand1,sub_brand26,BOTELLA,RETORNABLE,330,4.209079266,12611.65039,2090.052002,10.0649004
11/22/2024,market1,manufacturer11,brand19,sub_brand14,BOTELLA,NO RETORNABLE,330,0.034474861,45454.54688,0.920700014,0.0097
11/22/2024,market1,ABI,brand16,sub_brand5,BOTELLA,NO RETORNABLE,330,0.095946342,9362.585938,173.1591949,0.166700006
11/22/2024,market1,ABI,brand1,sub_brand33,BOTELLA,RETORNABLE,330,0.161432564,10492.43262,1.361199975,0.3838
11/22/2024,market1,ABI,brand16,sub_brand5,BOTELLA,RETORNABLE,1000,11.01709747,6139.501953,26990.38086,20.08989906
11/22/2024,market1,ABI,brand51,sub_brand3,LATA,NO RETORNABLE,296,0.038071349,10226.51758,2.041399956,0.019200001
11/22/2024,market1,ABI,brand7,sub_brand23,LATA,NO RETORNABLE,269,0.298467129,11182.07129,18.06570053,0.376700014
11/22/2024,market1,ABI,brand15,sub_brand3,BOTELLA,RETORNABLE,300,0.087607399,10709,59.61190033,0.229399994
11/22/2024,market1,ABI,brand16,sub_brand3,BOTELLA,RETORNABLE,330,39.68355179,8908.05957,178105.5,76.14289856
11/22/2024,market1,ABI,brand1,sub_brand1,BOTELLA,RETORNABLE,330,24.2622261,11313.09082,30839.42188,59.32170105
11/22/2024,market1,ABI,brand7,sub_brand22,BOTELLA,NO RETORNABLE,330,0.146225423,15389.87598,5.012599945,0.850099981
4/22/2025,market1,manufacturer46,brand82,sub_brand3,BOTELLA,NO RETORNABLE,400,0.0004269,4500,0,0.0085
4/22/2025,market1,manufacturer46,brand82,sub_brand39,LATA,NO RETORNABLE,330,0.964335203,8511.19043,68.45120239,0.780399978
4/22/2025,market1,manufacturer46,brand82,sub_brand3,BOTELLA,NO RETORNABLE,1500,17.63418007,3984.450195,6227.969238,39.16579819
4/22/2025,market1,manufacturer46,brand82,sub_brand3,BOTELLA,RETORNABLE,330,16.66790962,8828.333984,7366.970703,47.02370071
4/22/2025,market1,manufacturer46,brand82,sub_brand36,LATA,NO RETORNABLE,330,0.019229669,8989.948242,2.155600071,0.008
4/22/2025,market1,manufacturer46,brand82,sub_brand3,BOTELLA,NO RETORNABLE,330,0.348479241,8306.668945,8.54489994,0.268599987
4/22/2025,market1,manufacturer46,brand82,sub_brand26,BOTELLA,RETORNABLE,330,0.022698291,7575.757324,45.96770096,0.047499999
4/22/2025,market1,manufacturer46,brand82,sub_brand35,LATA,NO RETORNABLE,330,0.00209965,9020.365234,0.228200004,0.018200001
4/22/2025,market1,manufacturer10,brand89,sub_brand3,BOTELLA,NO RETORNABLE,1500,9.1783638,3608.156982,2593.583008,19.98279953
4/22/2025,market1,manufacturer46,brand82,sub_brand3,LATA,NO RETORNABLE,330,37.97658539,8010.672852,7108.548828,66.47899628
4/22/2025,market1,manufacturer10,brand89,sub_brand3,LATA,NO RETORNABLE,310,20.79930687,8721.974609,2592.385254,39.00749969
4/22/2025,market1,manufacturer46,brand82,sub_brand3,LATA,NO RETORNABLE,269,0.188391685,5912.570313,3.478300095,0.842999995
4/22/2025,market1,manufacturer10,brand89,sub_brand3,BOTELLA,NO RETORNABLE,330,1.473401904,8422.06543,457.4370117,5.638700008
5/23/2025,market1,ABI,brand84,sub_brand37,BOTELLA,NO RETORNABLE,355,0.115797393,16237.96582,10.89570045,0.751600027
5/23/2025,market1,manufacturer22,brand46,sub_brand37,BOTELLA,NO RETORNABLE,330,0.246340364,38374.70703,25.47050095,1.599400043
5/23/2025,market1,ABI,brand12,sub_brand3,OTROS ENVASES,NO RETORNABLE,330,0.366336823,9842.503906,567.3754272,0.257999986
5/23/2025,market1,ABI,brand3,sub_brand3,BOTELLA,RETORNABLE,330,13.60476589,6573.924805,31589.93164,33.17470169
5/23/2025,market1,ABI,brand25,sub_brand2,LATA,NO RETORNABLE,269,9.843763351,13151.11816,1873.161255,16.60269928
5/23/2025,market1,manufacturer32,brand62,sub_brand2,BOTELLA,NO RETORNABLE,330,0.120934613,51009.3125,25.45840073,1.99000001
5/23/2025,market1,manufacturer38,brand80,sub_brand2,LATA,NO RETORNABLE,500,0.075996548,32187.32227,0,2.061199903
5/23/2025,market1,ABI,brand81,sub_brand3,BOTELLA,NO RETORNABLE,355,0.426474601,9024.847656,77.92630005,0.979099989
5/23/2025,market1,manufacturer3,brand11,sub_brand2,BARRIL,NO RETORNABLE,5000,0.051389199,24210.98047,44.30730057,0.730700016
5/23/2025,market1,manufacturer22,brand46,sub_brand3,BOTELLA,NO RETORNABLE,330,0.00865904,54062.22656,0,0.462099999
5/23/2025,market1,ABI,brand83,sub_brand3,BOTELLA,NO RETORNABLE,330,0.133121684,14023.19141,25.06279945,2.724100113
5/23/2025,market1,ABI,brand51,sub_brand3,BOTELLA,NO RETORNABLE,250,0.00557347,16257.97656,0,0.0187
5/23/2025,market1,manufacturer10,brand20,sub_brand3,BOTELLA,NO RETORNABLE,330,2.057469845,14694.125,692.6057129,6.103000164
5/23/2025,market1,ABI,brand1,sub_brand33,BOTELLA,RETORNABLE,330,0.721149325,12405.66602,771.9484253,2.717499971
5/23/2025,market1,ABI,brand15,sub_brand3,BOTELLA,RETORNABLE,750,0.01353129,10052.41895,2.104599953,0.0008
5/23/2025,market1,manufacturer9,brand23,sub_brand2,BOTELLA,NO RETORNABLE,330,0.116163597,62415.66797,14.23289967,1.196699977
5/23/2025,market1,ABI,brand25,sub_brand2,LATA,NO RETORNABLE,250,0.0109569,15199.94336,0.072400004,0.0017
5/23/2025,market1,manufacturer47,brand88,sub_brand3,BOTELLA,NO RETORNABLE,,0.00653779,31338.19336,1.648000002,0.054900002
5/23/2025,market1,manufacturer10,brand14,sub_brand5,BOTELLA,NO RETORNABLE,250,0.334351152,9382.996094,289.1723938,1.956799984
5/23/2025,market1,manufacturer10,brand22,sub_brand18,BOTELLA,NO RETORNABLE,330,0.560645044,19606.16211,50.81919861,1.221899986
5/23/2025,market1,manufacturer8,brand10,sub_brand2,LATA,NO RETORNABLE,330,0.0162111,35779.02344,0.0049,0.516600013
5/23/2025,market1,manufacturer10,brand20,sub_brand3,LATA,NO RETORNABLE,310,10.38096428,10309.9209,5138.946777,20.51950073
5/23/2025,market1,manufacturer10,brand14,sub_brand3,BOTELLA,NO RETORNABLE,300,0.386470497,8571.048828,417.9767151,0.618799984
5/23/2025,market1,manufacturer10,brand57,sub_brand25,BOTELLA,NO RETORNABLE,300,2.798960686,9605.882813,2193.435791,6.284999847
5/23/2025,market1,manufacturer16,brand31,sub_brand2,LATA,NO RETORNABLE,500,0.064609967,42829.58984,18.17009926,0.158899993
5/23/2025,market1,ABI,brand7,sub_brand4,LATA,NO RETORNABLE,269,0.704701304,12520.24414,65.41200256,3.471600056
5/23/2025,market1,ABI,brand12,sub_brand3,BOTELLA,RETORNABLE,1000,14.43220901,6298.146484,44434.69922,28.93799973
5/23/2025,market1,manufacturer45,brand79,sub_brand2,LATA,NO RETORNABLE,500,0.0109822,28270.52539,0,0.405099988
5/23/2025,market1,manufacturer10,brand14,sub_brand5,LATA,NO RETORNABLE,269,1.036445737,8197.532227,1436.143433,4.927899837
5/23/2025,market1,ABI,brand26,sub_brand9,BOTELLA,NO RETORNABLE,355,0.412639946,15094.50488,306.0310974,0.812399983
5/23/2025,market1,manufacturer26,brand53,sub_brand2,BOTELLA,NO RETORNABLE,250,0.206591576,57378.59375,21.83510017,2.339099884
5/23/2025,market1,ABI,brand1,sub_brand33,BOTELLA,NO RETORNABLE,330,0.094279192,12146.31836,30.06570053,0.439500004
5/23/2025,market1,ABI,brand16,sub_brand3,BOTELLA,NO RETORNABLE,500,0.00859437,2999.399902,0,1.00E-04
5/23/2025,market1,manufacturer10,brand22,sub_brand27,BOTELLA,NO RETORNABLE,330,0.430604309,18888.45508,69.61620331,1.559999943
5/23/2025,market1,manufacturer34,brand64,sub_brand2,BOTELLA,NO RETORNABLE,330,0.111644201,85237.64844,15.24750042,1.687399983
5/23/2025,market1,ABI,brand61,sub_brand3,BOTELLA,NO RETORNABLE,275,0.273313761,10775.59766,21.03730011,0.1778
5/23/2025,market1,manufacturer22,brand46,sub_brand2,BOTELLA,NO RETORNABLE,355,0.0002112,66162.88281,0,0.0021
5/23/2025,market1,manufacturer10,brand17,sub_brand3,BOTELLA,NO RETORNABLE,250,1.247658134,11851.50977,230.0211029,3.667000055
5/23/2025,market1,manufacturer10,brand57,sub_brand25,LATA,NO RETORNABLE,269,0.299943358,9225.223633,54.01979828,0.2509
5/23/2025,market1,manufacturer44,brand78,sub_brand2,BOTELLA,NO RETORNABLE,750,0.00168957,81314.85938,0,0.063900001
5/23/2025,market1,manufacturer10,brand22,sub_brand7,BOTELLA,NO RETORNABLE,330,1.169872761,17795.04102,176.1609955,3.896300077
5/23/2025,market1,ABI,brand32,sub_brand2,BOTELLA,RETORNABLE,330,2.761707067,5869.219238,3475.447266,7.06069994
5/23/2025,market1,manufacturer10,brand20,sub_brand3,BOTELLA,RETORNABLE,250,1.364689589,13700.81641,1494.308105,4.863100052
5/23/2025,market1,manufacturer10,brand14,sub_brand5,BOTELLA,RETORNABLE,250,0.081116468,7999.999023,33.73099899,0.058899999
5/23/2025,market1,ABI,brand1,sub_brand1,LATA,NO RETORNABLE,473,10.00965691,8823.988281,7760.339844,15.9822998
5/23/2025,market1,ABI,brand16,sub_brand5,BOTELLA,RETORNABLE,1000,10.37670135,6339.352051,22170.4375,20.43370056
5/23/2025,market1,manufacturer10,brand33,sub_brand3,LATA,NO RETORNABLE,330,2.750283003,7130.10498,938.9650269,3.046000004
5/23/2025,market1,manufacturer10,brand14,sub_brand3,LATA,NO RETORNABLE,355,0.01025583,7261.713379,8.086600304,0.0015
5/23/2025,market1,ABI,brand16,sub_brand3,BOTELLA,RETORNABLE,750,3.932087421,7817.557617,12515.92773,8.324500084
5/23/2025,market1,manufacturer16,brand43,sub_brand2,BOTELLA,NO RETORNABLE,500,0.129574403,25594.60352,13.96350002,1.786599994
5/23/2025,market1,manufacturer39,brand70,sub_brand3,LATA,NO RETORNABLE,330,0.031291582,19574.5625,0.263999999,1.040300012
5/23/2025,market1,ABI,brand16,sub_brand5,LATA,NO RETORNABLE,296,0.026252041,7446.491211,25.74020004,0.169599995
5/23/2025,market1,manufacturer3,brand11,sub_brand2,BOTELLA,NO RETORNABLE,330,0.025442909,30602.54688,1.260400057,0.871699989
5/23/2025,market1,manufacturer10,brand33,sub_brand3,BOTELLA,RETORNABLE,330,6.320517063,6433.865723,8658.947266,13.05220032
5/23/2025,market1,ABI,brand15,sub_brand3,BOTELLA,RETORNABLE,330,7.340587139,11200.54395,12006.64063,9.875200272
5/23/2025,market1,manufacturer44,brand78,sub_brand2,BOTELLA,NO RETORNABLE,330,0.01034861,59465.03906,0.659399986,0.345400006
5/23/2025,market1,ABI,brand7,sub_brand29,BOTELLA,NO RETORNABLE,330,0.176714197,10597.41992,8.159899712,1.664299965
5/23/2025,market1,manufacturer17,brand34,sub_brand2,LATA,NO RETORNABLE,330,0.563977599,6818.210938,0.912299991,1.296499968
5/23/2025,market1,ABI,brand26,sub_brand9,LATA,NO RETORNABLE,269,8.081511497,12811.95703,5497.556641,16.89929962
5/23/2025,market1,manufacturer10,brand22,sub_brand13,LATA,NO RETORNABLE,269,2.074730396,12437.26855,639.6431274,6.424300194
5/23/2025,market1,manufacturer28,brand55,sub_brand2,BOTELLA,NO RETORNABLE,500,0.0111934,49427.44922,0,0.451200008
5/23/2025,market1,ABI,brand45,sub_brand2,LATA,NO RETORNABLE,355,0.226793036,7996.633789,49.18700027,0.531899989
5/23/2025,market1,ABI,brand16,sub_brand20,BOTELLA,RETORNABLE,330,0.425490022,9288.419922,166.2216034,0.808700025
5/23/2025,market1,manufacturer10,brand22,sub_brand13,BOTELLA,NO RETORNABLE,330,0.299135298,17040.97266,79.56240082,0.473399997
5/23/2025,market1,ABI,brand1,sub_brand1,BOTELLA,NO RETORNABLE,330,0.296680182,9648.938477,98.07810211,1.994799972
5/23/2025,market1,ABI,brand50,sub_brand9,BOTELLA,RETORNABLE,210,5.286060333,18450.28711,2027.291016,13.09609985
5/23/2025,market1,ABI,brand16,sub_brand3,BOTELLA,RETORNABLE,250,0.235334396,11771.30957,324.4397888,0.601999998
5/23/2025,market1,manufacturer31,brand69,sub_brand2,LATA,NO RETORNABLE,330,0.05293414,10571.03223,1.296200037,1.097599983
5/23/2025,market1,manufacturer10,brand14,sub_brand3,LATA,NO RETORNABLE,330,1.061159611,8599.555664,223.5146942,1.399799943
5/23/2025,market1,ABI,brand26,sub_brand9,BOTELLA,NO RETORNABLE,210,0.234939411,16443.20313,227.8283997,0.49000001
5/23/2025,market1,ABI,brand3,sub_brand12,LATA,NO RETORNABLE,330,19.45080566,9103.419922,18703.25,40.11949921
5/23/2025,market1,manufacturer8,brand38,sub_brand2,LATA,NO RETORNABLE,330,0.033292901,40254.94922,2.245199919,0.782899976
5/23/2025,market1,ABI,brand25,sub_brand2,BARRIL,NO RETORNABLE,,0.00168957,10622.00293,0,0.100199997
5/23/2025,market1,manufacturer5,brand6,sub_brand2,BOTELLA,NO RETORNABLE,500,0.015628509,42273.32422,0,0.78640002
5/23/2025,market1,manufacturer36,brand66,sub_brand2,LATA,NO RETORNABLE,500,0.242754206,29128.85547,9.028599739,2.160000086
5/23/2025,market1,ABI,brand12,sub_brand3,LATA,NO RETORNABLE,473,14.80290031,8267.081055,19502.66406,21.8416996
5/23/2025,market1,ABI,brand16,sub_brand5,LATA,NO RETORNABLE,473,11.86814308,8350.458984,11489.68164,18.00769997
5/23/2025,market1,ABI,brand12,sub_brand3,BOTELLA,RETORNABLE,250,1.069272161,9979.797852,4219.57373,3.120399952
5/23/2025,market1,manufacturer10,brand14,sub_brand5,LATA,NO RETORNABLE,,0.00083142,10970.37598,0.181899995,0.0003
5/23/2025,market1,manufacturer11,brand19,sub_brand14,BOTELLA,NO RETORNABLE,330,0.00976001,48484.82031,1.098999977,0.085100003
5/23/2025,market1,manufacturer22,brand46,sub_brand37,LATA,NO RETORNABLE,500,0.049132612,21765.28906,1.963999987,1.396999955
5/23/2025,market1,ABI,brand12,sub_brand16,LATA,NO RETORNABLE,330,0.127081737,10493.28711,46.2981987,0.123800002
5/23/2025,market1,ABI,brand16,sub_brand6,BOTELLA,RETORNABLE,330,0.03127129,7716.071289,5.209700108,0.0197
5/23/2025,market1,manufacturer22,brand46,sub_brand2,BOTELLA,NO RETORNABLE,500,0.08685746,43185.31641,5.233500004,1.082100034
5/23/2025,market1,manufacturer10,brand14,sub_brand5,BOTELLA,RETORNABLE,330,3.088349104,8510.628906,2905.022949,7.496500015
5/23/2025,market1,manufacturer4,brand5,sub_brand2,LATA,NO RETORNABLE,500,0.188869506,22318.08203,18.85059929,1.808500051
5/23/2025,market1,ABI,brand51,sub_brand3,LATA,NO RETORNABLE,269,17.01508904,12306.39648,5453.090332,33.34949875
5/23/2025,market1,ABI,brand16,sub_brand5,BOTELLA,RETORNABLE,750,4.787913322,7342.522461,9354.455078,8.354599953
5/23/2025,market1,ABI,brand7,sub_brand4,BOTELLA,NO RETORNABLE,330,0.603632808,14436.97559,46.31159973,3.226799965
5/23/2025,market1,ABI,brand51,sub_brand40,LATA,NO RETORNABLE,269,3.530294418,12755.8877,823.7775269,9.933400154
5/23/2025,market1,manufacturer11,brand19,sub_brand14,BOTELLA,NO RETORNABLE,500,0.121396877,38872.59766,12.30249977,1.792899966
5/23/2025,market1,manufacturer10,brand33,sub_brand3,LATA,NO RETORNABLE,269,0.041202471,8028.726563,21.38829994,0.022399999
5/23/2025,market1,ABI,brand16,sub_brand41,BOTELLA,NO RETORNABLE,330,0.122990958,12293.81543,9.868599892,2.303600073
5/23/2025,market1,ABI,brand1,sub_brand10,BOTELLA,RETORNABLE,330,0.03427219,13996.82129,4.97329998,0.0067
5/23/2025,market1,manufacturer3,brand52,sub_brand2,LATA,NO RETORNABLE,500,0.036191288,23891.13086,15.98050022,0.1043
5/23/2025,market1,manufacturer10,brand20,sub_brand3,BOTELLA,RETORNABLE,330,0.053771261,11848.03418,12.31029987,0.035500001
5/23/2025,market1,manufacturer10,brand33,sub_brand3,BOTELLA,RETORNABLE,750,3.856848001,4765.937988,6942.5625,7.433700085
5/23/2025,market1,ABI,brand45,sub_brand2,BOTELLA,RETORNABLE,250,2.181391716,12162.55859,1497.577637,6.460299969
5/23/2025,market1,manufacturer10,brand14,sub_brand3,LATA,NO RETORNABLE,473,10.23998547,7551.485352,8480.575195,12.00409985
5/23/2025,market1,manufacturer5,brand6,sub_brand2,LATA,NO RETORNABLE,500,0.017106891,29267.14844,0,0.774500012
5/23/2025,market1,manufacturer24,brand48,sub_brand2,BOTELLA,NO RETORNABLE,330,0.00396172,84868.46875,0.405400008,0.0135
5/23/2025,market1,manufacturer10,brand14,sub_brand5,BOTELLA,NO RETORNABLE,300,0.667346358,8749.382813,1100.395752,2.279900074
5/23/2025,market1,ABI,brand12,sub_brand3,BOTELLA,NO RETORNABLE,330,0.01006132,7143.046387,208.2174072,0.0232
5/23/2025,market1,ABI,brand7,sub_brand40,BOTELLA,NO RETORNABLE,330,0.527626336,13900.41016,62.90980148,2.728600025
5/23/2025,market1,manufacturer38,brand68,sub_brand2,LATA,NO RETORNABLE,500,0.00337914,23777.85547,0,0.378600001
5/23/2025,market1,manufacturer10,brand14,sub_brand3,BOTELLA,NO RETORNABLE,250,0.302360713,9366.99707,1.631299973,0.281699985
5/23/2025,market1,manufacturer22,brand46,sub_brand2,BOTELLA,NO RETORNABLE,330,0.372785062,39188,125.7219009,2.844899893
5/23/2025,market1,manufacturer14,brand27,sub_brand2,BOTELLA,NO RETORNABLE,300,0.051420029,33212.05859,4.583399773,1.711899996
5/23/2025,market1,manufacturer16,brand31,sub_brand2,LATA,NO RETORNABLE,500,0.00675828,28704.64648,0,0.457899988
5/23/2025,market1,manufacturer28,brand55,sub_brand2,BOTELLA,NO RETORNABLE,330,0.04380364,61558.96875,5.659999847,0.682399988
5/23/2025,market1,manufacturer10,brand90,sub_brand3,LATA,NO RETORNABLE,330,0.092772663,4809.744629,368.1080933,0.172900006
5/23/2025,market1,ABI,brand7,sub_brand40,LATA,NO RETORNABLE,269,2.703213215,15069.37012,247.721405,6.906499863
5/23/2025,market1,manufacturer22,brand46,sub_brand2,LATA,NO RETORNABLE,500,0.113688983,19963.74414,9.986300468,1.143599987
5/23/2025,market1,ABI,brand25,sub_brand2,BOTELLA,NO RETORNABLE,300,8.135543823,16037.5293,3078.390381,20.41300011
5/23/2025,market1,manufacturer47,brand88,sub_brand3,LATA,NO RETORNABLE,355,0.00371845,22535.21094,0.889699996,0.0032
5/23/2025,market1,manufacturer3,brand11,sub_brand2,BOTELLA,NO RETORNABLE,500,0.03104583,24061.7207,0,1.322399974
5/23/2025,market1,manufacturer22,brand46,sub_brand2,LATA,NO RETORNABLE,330,0.069694728,26360.54102,0,1.331599951
5/23/2025,market1,ABI,brand25,sub_brand2,BOTELLA,NO RETORNABLE,330,0.572041571,18818.46289,240.2082977,1.362499952
5/23/2025,market1,ABI,brand16,sub_brand41,BOTELLA,RETORNABLE,330,1.722696662,11038.44434,1346.015503,4.872099876
5/23/2025,market1,ABI,brand16,sub_brand30,BOTELLA,RETORNABLE,175,0.043968651,9595.735352,172.798996,0.0086
5/23/2025,market1,manufacturer10,brand20,sub_brand3,LATA,NO RETORNABLE,330,0.106868312,10820.67578,19.59390068,0.219500005
5/23/2025,market1,ABI,brand81,sub_brand3,LATA,NO RETORNABLE,269,5.276514053,8605.912109,902.9505005,9.757599831
5/23/2025,market1,ABI,brand16,sub_brand5,BOTELLA,RETORNABLE,330,35.99330902,9744.396484,83782.17188,74.42230225
5/23/2025,market1,ABI,brand45,sub_brand2,BOTELLA,NO RETORNABLE,250,5.035058022,13136.37207,1775.618652,13.35169983
5/23/2025,market1,ABI,brand1,sub_brand7,LATA,NO RETORNABLE,330,3.5807693,11114.9043,1450.175171,7.518499851
5/23/2025,market1,ABI,brand16,sub_brand3,LATA,NO RETORNABLE,269,4.843881607,9609.290039,4088.158936,11.86480045
5/23/2025,market1,ABI,brand73,sub_brand15,LATA,NO RETORNABLE,330,1.866519213,5029.096191,2676.535156,2.682699919
5/23/2025,market1,ABI,brand50,sub_brand9,BOTELLA,NO RETORNABLE,207,0.03118366,13685.22363,60.55270004,0.067699999
5/23/2025,market1,manufacturer11,brand19,sub_brand3,BOTELLA,NO RETORNABLE,500,0.06479872,34020.19141,2.31159997,1.475000024
5/23/2025,market1,manufacturer10,brand14,sub_brand5,BOTELLA,RETORNABLE,750,0.397307009,5839.396484,410.7207947,1.183699965
5/23/2025,market1,ABI,brand12,sub_brand21,BOTELLA,RETORNABLE,330,0.039954569,8433.767578,496.7572021,0.134000003
5/23/2025,market1,ABI,brand16,sub_brand5,LATA,NO RETORNABLE,269,3.38625741,8935.356445,4929.345215,10.19299984
5/23/2025,market1,ABI,brand12,sub_brand3,LATA,NO RETORNABLE,269,3.092009068,8331.756836,2131.192871,5.356400013
5/23/2025,market1,manufacturer10,brand17,sub_brand3,BOTELLA,NO RETORNABLE,330,1.00515151,13699.14258,221.4123993,3.638400078
5/23/2025,market1,manufacturer10,brand14,sub_brand3,BOTELLA,RETORNABLE,250,0.463963956,8072.666016,165.4609985,0.554700017
5/23/2025,market1,manufacturer10,brand35,sub_brand2,LATA,NO RETORNABLE,330,1.119334579,5458.819336,434.3316956,4.161699772
5/23/2025,market1,manufacturer11,brand19,sub_brand3,LATA,NO RETORNABLE,500,0.11857225,29555.63477,10.9005003,1.994699955
5/23/2025,market1,manufacturer10,brand57,sub_brand25,BOTELLA,NO RETORNABLE,250,0.533349574,8674.009766,123.3230972,1.204599977
5/23/2025,market1,manufacturer22,brand46,sub_brand2,LATA,NO RETORNABLE,330,0.03189062,27547.66211,0,1.401499987
5/23/2025,market1,ABI,brand45,sub_brand2,BOTELLA,RETORNABLE,330,0.1026842,9533.290039,73.37550354,0.316500008
5/23/2025,market1,ABI,brand45,sub_brand2,LATA,NO RETORNABLE,269,24.16011047,10657.80176,20631.30469,45.82040024
5/23/2025,market1,ABI,brand16,sub_brand20,LATA,NO RETORNABLE,355,0.038609359,5454.755371,10.96039963,0.0284
5/23/2025,market1,manufacturer10,brand20,sub_brand3,LATA,NO RETORNABLE,269,0.914839327,12171.66016,431.438385,1.029000044
5/23/2025,market1,ABI,brand1,sub_brand26,LATA,NO RETORNABLE,330,4.233180046,10868.24805,2376.264893,9.426400185
5/23/2025,market1,manufacturer10,brand22,sub_brand27,BOTELLA,NO RETORNABLE,300,0.199499294,19355.41211,32.56499863,2.450299978
5/23/2025,market1,manufacturer7,brand9,sub_brand2,BOTELLA,NO RETORNABLE,330,0.00042239,20808.15625,0,0.0122
5/23/2025,market1,manufacturer14,brand27,sub_brand2,BOTELLA,NO RETORNABLE,330,0.181875616,22942.01563,31.01309967,0.180899993
5/23/2025,market1,ABI,brand15,sub_brand3,LATA,NO RETORNABLE,330,1.778923035,8807.821289,728.4656982,2.193300009
5/23/2025,market1,ABI,brand16,sub_brand3,LATA,NO RETORNABLE,473,8.10556221,8254.62793,5426.570801,13.4677
5/23/2025,market1,manufacturer3,brand11,sub_brand2,LATA,NO RETORNABLE,500,0.072437719,22936.72656,1.584800005,1.997300029
5/23/2025,market1,manufacturer33,brand63,sub_brand2,BOTELLA,NO RETORNABLE,330,0.0932585,20535.3457,6.427499771,1.653800011
5/23/2025,market1,manufacturer24,brand48,sub_brand2,BOTELLA,NO RETORNABLE,750,0.00316794,95197.59375,0,0.086900003
5/23/2025,market1,manufacturer27,brand54,sub_brand2,BOTELLA,NO RETORNABLE,330,0.124921992,53593.44141,20.18619919,1.445199966
5/23/2025,market1,ABI,brand61,sub_brand3,LATA,NO RETORNABLE,269,0.00386856,11152.41699,6.682300091,0.0451
5/23/2025,market1,manufacturer29,brand77,sub_brand2,LATA,NO RETORNABLE,500,0.027455499,15070.93262,0,1.012799978
5/23/2025,market1,ABI,brand15,sub_brand3,LATA,NO RETORNABLE,473,6.771398544,8543.75,6430.756836,8.717200279
5/23/2025,market1,ABI,brand25,sub_brand2,LATA,NO RETORNABLE,330,0.0036244,11644.58398,0,0.0047
5/23/2025,market1,ABI,brand1,sub_brand7,BOTELLA,NO RETORNABLE,330,0.068107843,12093.95703,41.45759964,0.050900001
5/23/2025,market1,manufacturer11,brand19,sub_brand3,BOTELLA,NO RETORNABLE,330,0.04293257,48484.82031,4.760499954,0.085100003
5/23/2025,market1,ABI,brand3,sub_brand12,LATA,NO RETORNABLE,269,0.858685672,7752.59375,861.2562256,2.242199898
5/23/2025,market1,manufacturer45,brand79,sub_brand2,BOTELLA,NO RETORNABLE,330,0.017106891,33145.98828,0,0.776000023
5/23/2025,market1,ABI,brand16,sub_brand20,LATA,NO RETORNABLE,330,8.794937134,7102.853516,1821.732544,17.89480019
5/23/2025,market1,ABI,brand15,sub_brand3,BOTELLA,RETORNABLE,1000,3.61831522,6776.371094,7782.898438,5.31799984
5/23/2025,market1,manufacturer10,brand22,sub_brand18,BOTELLA,NO RETORNABLE,300,0.253807604,18584.84961,50.39590073,1.816300035
5/23/2025,market1,manufacturer3,brand11,sub_brand2,BOTELLA,NO RETORNABLE,330,0.00976001,36363.62891,1.098999977,0.085100003
5/23/2025,market1,manufacturer10,brand20,sub_brand17,LATA,NO RETORNABLE,250,0.751942635,10906.91699,284.7011108,3.996900082
5/23/2025,market1,ABI,brand16,sub_brand3,BOTELLA,RETORNABLE,330,40.49925995,9211.054688,170440.3281,77.64099884
5/23/2025,market1,manufacturer22,brand46,sub_brand3,LATA,NO RETORNABLE,330,0.01309416,19690.5957,0,0.673200011
5/23/2025,market1,manufacturer10,brand57,sub_brand25,LATA,NO RETORNABLE,330,0.064663567,10747.51855,12.78730011,0.032900002
5/23/2025,market1,ABI,brand1,sub_brand7,BOTELLA,RETORNABLE,330,3.252863407,12810.12109,1484.866943,9.265500069
5/23/2025,market1,manufacturer10,brand17,sub_brand3,BOTELLA,NO RETORNABLE,355,0.01784041,11500.39063,0.346700013,0.015799999
5/23/2025,market1,manufacturer10,brand87,sub_brand3,LATA,NO RETORNABLE,269,0.00065458,11152.20898,0,0.0007
5/23/2025,market1,ABI,brand7,sub_brand11,BOTELLA,NO RETORNABLE,330,0.01036925,14962.10352,0.532599986,0.0165
5/23/2025,market1,manufacturer8,brand18,sub_brand2,LATA,NO RETORNABLE,330,0.023231581,37376.63672,0,0.752300024
5/23/2025,market1,ABI,brand26,sub_brand6,BOTELLA,NO RETORNABLE,330,6.619665623,14011.03613,1470.406738,14.77760029
5/23/2025,market1,manufacturer10,brand14,sub_brand3,BOTELLA,RETORNABLE,750,2.304982901,5532.29834,3687.807373,5.114299774
5/23/2025,market1,ABI,brand1,sub_brand26,BOTELLA,RETORNABLE,330,3.171465874,13532.12988,2193.654785,8.796699524
5/23/2025,market1,ABI,brand26,sub_brand9,BOTELLA,RETORNABLE,330,9.97263813,18610.36523,6339.250488,21.83379936
5/23/2025,market1,manufacturer21,brand41,sub_brand3,LATA,NO RETORNABLE,330,0.01182698,30357.92969,0,0.503099978
5/23/2025,market1,ABI,brand15,sub_brand3,LATA,NO RETORNABLE,355,0.01628202,9791.53418,4.324399948,0.019400001
5/23/2025,market1,ABI,brand16,sub_brand3,LATA,NO RETORNABLE,330,32.36526489,9496.599609,42692.56641,53.58330154
5/23/2025,market1,ABI,brand7,sub_brand23,LATA,NO RETORNABLE,269,0.167486757,15821.9209,7.226900101,0.017999999
5/23/2025,market1,ABI,brand58,sub_brand3,LATA,NO RETORNABLE,330,1.066174746,5288.637695,507.2331848,2.16869998
5/23/2025,market1,manufacturer10,brand20,sub_brand3,BOTELLA,NO RETORNABLE,650,0.063809641,9230.769531,18.03510094,0.0222
5/23/2025,market1,manufacturer10,brand22,sub_brand2,BOTELLA,NO RETORNABLE,330,0.0002112,16666.66602,0,0.0009
5/23/2025,market1,ABI,brand1,sub_brand33,LATA,NO RETORNABLE,330,1.305110693,11224.91406,447.6217957,4.087900162
5/23/2025,market1,manufacturer22,brand46,sub_brand2,LATA,NO RETORNABLE,355,0.00591349,39907.24219,0,0.188999996
5/23/2025,market1,ABI,brand51,sub_brand3,LATA,NO RETORNABLE,296,0.035916612,10094.45215,3.438600063,0.265199989
5/23/2025,market1,manufacturer11,brand19,sub_brand3,BOTELLA,NO RETORNABLE,500,0.442301601,36121.73047,49.22769928,2.200799942
5/23/2025,market1,manufacturer10,brand33,sub_brand3,LATA,NO RETORNABLE,355,0.148620114,6674.842285,38.93840027,0.0546
5/23/2025,market1,ABI,brand16,sub_brand30,BOTELLA,RETORNABLE,330,0.166785151,7878.790039,2.291500092,0.0229
5/23/2025,market1,manufacturer19,brand39,sub_brand2,BOTELLA,NO RETORNABLE,330,0.025090041,37272.71875,8.020899773,0.0048
5/23/2025,market1,ABI,brand32,sub_brand2,BOTELLA,RETORNABLE,250,0.037553459,4800,32.93560028,0.02
5/23/2025,market1,manufacturer10,brand20,sub_brand3,BOTELLA,NO RETORNABLE,250,4.947421551,13514,2372.547119,13.62539959
5/23/2025,market1,manufacturer10,brand20,sub_brand3,LATA,NO RETORNABLE,473,3.201498508,9068.883789,1895.81604,6.254199982
5/23/2025,market1,manufacturer6,brand8,sub_brand2,LATA,NO RETORNABLE,330,0.08014594,5995.296387,31.9673996,0.0094
5/23/2025,market1,manufacturer10,brand20,sub_brand17,BOTELLA,NO RETORNABLE,330,0.071168028,10606.06152,13.4975996,0.069700003
5/23/2025,market1,manufacturer8,brand18,sub_brand2,BOTELLA,NO RETORNABLE,330,0.00633588,40326.75391,0,0.5255
5/23/2025,market1,manufacturer7,brand9,sub_brand2,LATA,NO RETORNABLE,500,0.00084478,27574.01367,0,0.016899999
5/23/2025,market1,manufacturer42,brand75,sub_brand2,BOTELLA,NO RETORNABLE,330,0.091428481,77874.33594,2.5079,0.688499987
5/23/2025,market1,manufacturer21,brand41,sub_brand3,LATA,NO RETORNABLE,473,0.01478373,27864.22852,0,0.530399978
5/23/2025,market1,ABI,brand16,sub_brand3,LATA,NO RETORNABLE,355,0.088701412,9303.770508,35.75790024,0.0252
5/23/2025,market1,ABI,brand1,sub_brand1,BOTELLA,RETORNABLE,330,24.81818962,11785.83789,32181.39453,59.91460037
5/23/2025,market1,ABI,brand16,sub_brand3,BOTELLA,RETORNABLE,1000,12.40486717,6399.40332,32868.47266,24.60810089
5/23/2025,market1,ABI,brand3,sub_brand3,LATA,NO RETORNABLE,330,3.219701052,5773.919434,3197.481201,5.874499798
5/23/2025,market1,manufacturer3,brand4,sub_brand2,LATA,NO RETORNABLE,500,0.029653501,24000.87109,6.071000099,0.066500001
5/23/2025,market1,manufacturer13,brand24,sub_brand2,LATA,NO RETORNABLE,500,0.041269291,31702.25586,8.575699806,0.365799993
5/23/2025,market1,ABI,brand16,sub_brand5,BOTELLA,NO RETORNABLE,330,0.094132282,8446.443359,149.447998,0.172299996
5/23/2025,market1,ABI,brand1,sub_brand42,LATA,NO RETORNABLE,269,0.797676027,13325.76758,111.9421005,4.057499886
5/23/2025,market1,ABI,brand44,sub_brand15,LATA,NO RETORNABLE,330,0.092669807,5337.203613,90.20600128,0.55309999
5/23/2025,market1,ABI,brand1,sub_brand1,LATA,NO RETORNABLE,269,1.905111432,9144.133789,418.9352112,3.375
5/23/2025,market1,manufacturer10,brand57,sub_brand24,BOTELLA,NO RETORNABLE,355,0.00510277,11200.03418,0,0.0106
5/23/2025,market1,ABI,brand12,sub_brand3,BOTELLA,RETORNABLE,750,7.47958231,7110.398438,15428.7168,12.49139977
5/23/2025,market1,ABI,brand42,sub_brand5,LATA,NO RETORNABLE,330,0.045428,9090.865234,2.26880002,0.024
5/23/2025,market1,manufacturer18,brand37,sub_brand2,BOTELLA,NO RETORNABLE,330,0.071018532,33702.58594,49.29460144,0.094400004
5/23/2025,market1,manufacturer11,brand19,sub_brand14,LATA,NO RETORNABLE,500,0.085605167,30523.63477,7.252099991,1.435299993
5/23/2025,market1,ABI,brand1,sub_brand32,BOTELLA,RETORNABLE,330,0.206279054,10869.37695,0.495499998,0.152700007
5/23/2025,market1,ABI,brand12,sub_brand3,LATA,NO RETORNABLE,330,27.84441185,9544.708984,32938.79297,45.17850113
5/23/2025,market1,ABI,brand3,sub_brand12,LATA,NO RETORNABLE,473,3.234280586,8132.28125,1104.11499,5.012499809
5/23/2025,market1,ABI,brand71,sub_brand3,BOTELLA,RETORNABLE,175,10.7786541,15967,13274.00586,30.28289986
5/23/2025,market1,manufacturer10,brand14,sub_brand3,BOTELLA,RETORNABLE,330,5.111611366,8299.791016,4604.430664,10.48159981
5/23/2025,market1,manufacturer10,brand57,sub_brand25,LATA,NO RETORNABLE,310,1.439692259,9387.375977,755.3280029,5.731999874
5/23/2025,market1,ABI,brand16,sub_brand5,LATA,NO RETORNABLE,330,14.03716755,9356.808594,11332.72559,28.73990059
5/23/2025,market1,ABI,brand16,sub_brand5,BOTELLA,RETORNABLE,250,0.151752695,11159.58789,625.8336792,0.820800006
5/23/2025,market1,manufacturer10,brand22,sub_brand19,BOTELLA,NO RETORNABLE,330,0.266189784,26594.4082,11.07129955,0.955799997
5/23/2025,market1,manufacturer8,brand38,sub_brand2,BOTELLA,NO RETORNABLE,330,0.00649608,43152.21094,0.0049,0.196600005
5/23/2025,market1,manufacturer10,brand14,sub_brand5,LATA,NO RETORNABLE,330,0.192645296,7694.696777,27.6439991,0.115599997
5/23/2025,market1,manufacturer34,brand64,sub_brand2,BOTELLA,NO RETORNABLE,750,0.01520612,82346.59375,0,0.541700006
5/23/2025,market1,manufacturer10,brand22,sub_brand13,BOTELLA,NO RETORNABLE,300,3.524556398,17173.43945,893.8424072,8.447999954
5/23/2025,market1,ABI,brand50,sub_brand9,BOTELLA,NO RETORNABLE,210,28.71406555,16742.60938,24040.60938,62.79040146
5/23/2025,market1,ABI,brand16,sub_brand6,LATA,NO RETORNABLE,330,0.128231853,9038.819336,13.57120037,0.399800003
5/23/2025,market1,manufacturer16,brand31,sub_brand2,BOTELLA,NO RETORNABLE,500,0.201683432,29998.64844,44.2765007,2.30189991
5/23/2025,market1,manufacturer17,brand34,sub_brand3,BOTELLA,RETORNABLE,330,0.00970833,42424.17578,0.827199996,0.0027
5/23/2025,market1,manufacturer7,brand9,sub_brand2,BOTELLA,NO RETORNABLE,650,0.025977129,17799.93164,0,1.250399947
5/23/2025,market1,manufacturer22,brand46,sub_brand2,BOTELLA,NO RETORNABLE,250,0.019218851,29712.04297,0,0.917800009
5/23/2025,market1,manufacturer10,brand17,sub_brand3,LATA,NO RETORNABLE,310,1.170665264,9531.655273,331.5296021,4.97300005
5/23/2025,market1,ABI,brand1,sub_brand34,BOTELLA,RETORNABLE,,6.124228001,7234.708496,7937.905762,14.25230026
5/23/2025,market1,ABI,brand3,sub_brand3,BOTELLA,RETORNABLE,750,5.227411747,5221.822754,15574.13379,13.06089973
5/23/2025,market1,ABI,brand26,sub_brand9,BOTELLA,NO RETORNABLE,330,11.07336903,13560.24609,6512.140137,23.04980087
5/23/2025,market1,manufacturer30,brand59,sub_brand2,BOTELLA,NO RETORNABLE,500,0.04397716,34502.89844,35.65579987,1.44630003
5/23/2025,market1,manufacturer22,brand46,sub_brand2,LATA,NO RETORNABLE,500,0.0052799,11277.66309,0,0.153200001
5/23/2025,market1,ABI,brand1,sub_brand10,LATA,NO RETORNABLE,330,0.03791495,9094.02832,10.90390015,0.075900003
5/23/2025,market1,manufacturer45,brand79,sub_brand2,BOTELLA,NO RETORNABLE,500,0.03104583,33487.17969,0.299699992,1.259699941
5/23/2025,market1,manufacturer7,brand9,sub_brand2,LATA,NO RETORNABLE,330,0.00274555,8209.575195,0,0.065800004
5/23/2025,market1,ABI,brand61,sub_brand3,LATA,NO RETORNABLE,330,0.200106576,10191.87109,27.5673008,0.094599999
5/23/2025,market1,manufacturer37,brand67,sub_brand2,BOTELLA,NO RETORNABLE,330,0.00675828,37810.83984,0,0.377999991
5/23/2025,market1,manufacturer9,brand13,sub_brand2,BOTELLA,NO RETORNABLE,330,0.157171324,62166.38281,26.74780083,1.87409997
5/23/2025,market1,manufacturer22,brand46,sub_brand2,BOTELLA,RETORNABLE,330,0.083528563,17896.7168,0.841899991,0.690199971
5/23/2025,market1,ABI,brand16,sub_brand3,BOTELLA,NO RETORNABLE,330,0.299836695,8689.229492,564.0930786,1.177700043
5/23/2025,market1,ABI,brand12,sub_brand16,BOTELLA,RETORNABLE,330,0.313253194,7550.48877,41.05810165,0.059500001
5/23/2025,market1,manufacturer10,brand57,sub_brand25,BOTELLA,RETORNABLE,330,1.042839527,7695.901367,1579.165649,2.914499998
5/23/2025,market1,manufacturer17,brand34,sub_brand2,LATA,NO RETORNABLE,330,0.00065543,5324.120605,0.268599987,0.002
5/23/2025,market1,ABI,brand12,sub_brand3,BOTELLA,RETORNABLE,330,34.38736343,9461.617188,111624.1328,71.56300354
5/23/2025,market1,ABI,brand3,sub_brand3,BOTELLA,RETORNABLE,1000,0.211072579,4032.43042,60.18190002,0.320899993
5/23/2025,market1,ABI,brand12,sub_brand21,LATA,NO RETORNABLE,330,0.0002112,54545.45313,0,0.0002
5/23/2025,market1,manufacturer10,brand14,sub_brand3,LATA,NO RETORNABLE,310,7.505580902,8273.294922,4003.872559,13.84920025
5/23/2025,market1,manufacturer22,brand46,sub_brand2,LATA,NO RETORNABLE,,0.163217977,29183.80859,20.38669968,0.766099989
5/23/2025,market1,ABI,brand15,sub_brand3,BOTELLA,RETORNABLE,300,0.049881659,10833.05859,14.64760017,0.121699996
5/23/2025,market1,ABI,brand1,sub_brand1,LATA,NO RETORNABLE,355,0.01245502,8937.952148,30.69869995,0.035300002
5/23/2025,market1,manufacturer9,brand13,sub_brand2,BOTELLA,NO RETORNABLE,750,0.015839711,49942.76953,0,0.719500005
5/23/2025,market1,ABI,brand1,sub_brand1,LATA,NO RETORNABLE,330,21.47094727,10259.69141,16874.45508,38.42179871
5/23/2025,market1,manufacturer10,brand17,sub_brand3,LATA,NO RETORNABLE,269,0.346558005,9770.280273,121.8249969,0.628600001
5/23/2025,market1,manufacturer10,brand14,sub_brand5,LATA,NO RETORNABLE,310,1.650951743,7778.44043,1154.242065,6.027800083
5/23/2025,market1,ABI,brand7,sub_brand22,BOTELLA,NO RETORNABLE,330,0.08936657,14924.61816,2.956399918,0.380899996
5/23/2025,market1,manufacturer22,brand46,sub_brand37,LATA,NO RETORNABLE,330,0.01723692,25647.05469,3.516799927,0.466899991
5/23/2025,market1,manufacturer10,brand22,sub_brand13,BOTELLA,NO RETORNABLE,750,0.083307058,27275.39063,2.594899893,0.352299988
5/23/2025,market1,manufacturer10,brand14,sub_brand5,LATA,NO RETORNABLE,473,0.898302019,7851.719238,309.6740112,1.167400002
5/23/2025,market1,manufacturer10,brand22,sub_brand19,BOTELLA,NO RETORNABLE,300,0.073770009,22979.42188,4.52339983,1.819100022
5/23/2025,market1,ABI,brand12,sub_brand3,LATA,NO RETORNABLE,355,0.078826219,8602.639648,20.46859932,0.0416
5/23/2025,market1,manufacturer3,brand4,sub_brand2,BOTELLA,NO RETORNABLE,500,0.00653779,36401.33984,5.233500004,0.037900001
5/23/2025,market1,manufacturer10,brand14,sub_brand3,LATA,NO RETORNABLE,269,0.640963972,7715.682129,174.4266052,3.846899986
5/23/2025,market1,ABI,brand1,sub_brand32,LATA,NO RETORNABLE,330,0.016226429,9673.389648,2.713099957,0.0148
5/23/2025,market1,manufacturer16,brand43,sub_brand2,BOTELLA,NO RETORNABLE,500,0.03579152,34663.01953,12.73159981,1.305899978
5/23/2025,market1,ABI,brand36,sub_brand3,LATA,NO RETORNABLE,330,0.650274098,5597.42334,8.089099884,1.40079999
5/23/2025,market1,ABI,brand26,sub_brand6,LATA,NO RETORNABLE,269,0.142685875,10593.95703,10.99069977,2.052099943
5/23/2025,market1,manufacturer39,brand70,sub_brand3,BOTELLA,NO RETORNABLE,330,0.11940363,19585.73633,45.30239868,1.846099973
5/23/2025,market1,ABI,brand3,sub_brand12,BOTELLA,RETORNABLE,320,17.09962463,8426.198242,35067.85547,44.29119873
5/23/2025,market1,manufacturer46,brand82,sub_brand3,BOTELLA,NO RETORNABLE,330,0.348080158,9176.598633,37.4530983,0.151099995
5/23/2025,market1,manufacturer46,brand82,sub_brand35,LATA,NO RETORNABLE,330,0.00187148,9091.162109,0.231700003,0.0217
5/23/2025,market1,manufacturer46,brand82,sub_brand3,BOTELLA,NO RETORNABLE,400,0.00021178,4500,0,0.0022
5/23/2025,market1,manufacturer46,brand82,sub_brand39,LATA,NO RETORNABLE,330,0.662325382,8685.973633,58.77510071,0.817300022
5/23/2025,market1,manufacturer46,brand82,sub_brand36,LATA,NO RETORNABLE,330,0.01847055,8951.381836,2.582299948,0.026799999
5/23/2025,market1,manufacturer10,brand89,sub_brand3,BOTELLA,NO RETORNABLE,1500,9.107292175,3590.328613,2810.677979,25.19379997
5/23/2025,market1,manufacturer10,brand89,sub_brand3,BOTELLA,NO RETORNABLE,330,2.365222454,9078.841797,546.9660034,5.545300007
5/23/2025,market1,manufacturer46,brand82,sub_brand3,BOTELLA,NO RETORNABLE,1500,17.57252312,4056.328125,6167.928711,40.72309875
5/23/2025,market1,manufacturer46,brand82,sub_brand26,BOTELLA,RETORNABLE,330,0.02252112,7575.757324,37.61000061,0.039500002
5/23/2025,market1,manufacturer46,brand82,sub_brand3,LATA,NO RETORNABLE,269,0.315402359,5821.165039,9.079500198,1.501000047
5/23/2025,market1,manufacturer46,brand82,sub_brand3,LATA,NO RETORNABLE,330,37.61485291,7431.844238,7045.961914,66.813797
5/23/2025,market1,manufacturer46,brand82,sub_brand3,BOTELLA,RETORNABLE,330,17.53444481,9034.682617,7299.207031,45.10139847
5/23/2025,market1,manufacturer10,brand89,sub_brand3,LATA,NO RETORNABLE,310,20.49825859,8859.203125,2734.204102,41.42010117
11/22/2024,market1,manufacturer46,brand82,sub_brand3,LATA,NO RETORNABLE,330,33.84685516,7610.349609,6785.784668,67.10769653
11/22/2024,market1,manufacturer10,brand89,sub_brand3,LATA,NO RETORNABLE,310,23.53529167,8684.083984,3223.229736,50.15869904
11/22/2024,market1,manufacturer46,brand82,sub_brand3,BOTELLA,NO RETORNABLE,1500,17.45175362,3857.254883,5942.509766,41.4496994
11/22/2024,market1,manufacturer46,brand82,sub_brand26,BOTELLA,RETORNABLE,330,0.04389682,6762.744141,8.341500282,0.239600003
11/22/2024,market1,manufacturer46,brand82,sub_brand35,LATA,NO RETORNABLE,330,0.00021596,7878.788086,0,0.0024
11/22/2024,market1,manufacturer46,brand82,sub_brand39,LATA,NO RETORNABLE,330,4.066249847,8713.087891,375.9490967,11.32310009
11/22/2024,market1,manufacturer46,brand82,sub_brand3,BOTELLA,NO RETORNABLE,400,0.00021596,4500,0,0.0063
11/22/2024,market1,manufacturer46,brand82,sub_brand36,LATA,NO RETORNABLE,330,0.01682556,7612.107422,7.899300098,0.108199999
11/22/2024,market1,manufacturer10,brand89,sub_brand3,BOTELLA,NO RETORNABLE,1500,0.485013068,3202.213867,97.0286026,0.441000015
11/22/2024,market1,manufacturer46,brand82,sub_brand3,BOTELLA,RETORNABLE,330,16.22419548,8594.271484,6862.996094,46.11470032
11/22/2024,market1,manufacturer46,brand82,sub_brand3,BOTELLA,NO RETORNABLE,330,0.032085851,9090.90918,8.100500107,0.033199999
4/22/2025,market1,manufacturer16,brand43,sub_brand2,BOTELLA,NO RETORNABLE,500,0.113833487,27644.14453,5.370299816,1.861500025
4/22/2025,market1,manufacturer10,brand22,sub_brand18,BOTELLA,NO RETORNABLE,300,0.124910042,18083.99609,27.92259979,1.604099989
4/22/2025,market1,manufacturer16,brand43,sub_brand2,BOTELLA,NO RETORNABLE,500,0.03579428,34990.07031,6.365799904,1.280900002
4/22/2025,market1,manufacturer8,brand10,sub_brand2,BOTELLA,NO RETORNABLE,330,0.00147849,50909.08984,0,0.023499999
4/22/2025,market1,manufacturer45,brand79,sub_brand2,LATA,NO RETORNABLE,500,0.01562972,27364.10547,0,0.494199991
4/22/2025,market1,ABI,brand16,sub_brand3,LATA,NO RETORNABLE,355,0.124064013,9115.161133,151.0661926,0.094400004
4/22/2025,market1,manufacturer39,brand70,sub_brand3,LATA,NO RETORNABLE,330,0.048447549,19005.25977,0.274699986,1.197100043
4/22/2025,market1,manufacturer3,brand11,sub_brand2,BOTELLA,NO RETORNABLE,500,0.026190341,24777.35742,0,1.216699958
4/22/2025,market1,manufacturer7,brand9,sub_brand2,BOTELLA,NO RETORNABLE,650,0.02407822,11488.44434,0,1.090800047
4/22/2025,market1,ABI,brand71,sub_brand3,BOTELLA,RETORNABLE,175,10.44077015,16080.86719,14695.46973,29.97200012
4/22/2025,market1,ABI,brand16,sub_brand3,BOTELLA,RETORNABLE,250,0.211945996,11428.23438,183.5243988,0.490200013
4/22/2025,market1,manufacturer42,brand75,sub_brand2,BOTELLA,NO RETORNABLE,330,0.09160281,77451.38281,2.5079,0.670799971
4/22/2025,market1,ABI,brand3,sub_brand3,LATA,NO RETORNABLE,330,3.161986351,5900.105957,2518.138428,5.872399807
4/22/2025,market1,manufacturer3,brand11,sub_brand2,BOTELLA,NO RETORNABLE,330,0.02734578,29341.02539,6.302100182,0.787999988
4/22/2025,market1,manufacturer10,brand22,sub_brand13,BOTELLA,NO RETORNABLE,300,3.449834824,17623.01953,834.28479,8.241499901
4/22/2025,market1,ABI,brand61,sub_brand3,BOTELLA,NO RETORNABLE,275,0.37921685,10555.33105,19.08189964,0.358999997
4/22/2025,market1,ABI,brand16,sub_brand3,BOTELLA,RETORNABLE,1000,13.07004356,6384.716309,30876.60938,24.52160072
4/22/2025,market1,manufacturer10,brand14,sub_brand5,LATA,NO RETORNABLE,330,0.20923534,8699.983398,25.04459953,0.125499994
4/22/2025,market1,ABI,brand45,sub_brand2,BOTELLA,NO RETORNABLE,250,4.886037827,13080.94336,1863.202759,13.53890038
4/22/2025,market1,manufacturer11,brand19,sub_brand3,BOTELLA,NO RETORNABLE,330,0.04329766,41021.53516,1.749199986,0.077
4/22/2025,market1,manufacturer8,brand38,sub_brand2,BOTELLA,NO RETORNABLE,330,0.00608841,44184.02344,0.0059,0.158000007
4/22/2025,market1,manufacturer34,brand64,sub_brand2,BOTELLA,NO RETORNABLE,330,0.100962691,84817.17969,13.46459961,1.346199989
4/22/2025,market1,ABI,brand51,sub_brand3,BOTELLA,RETORNABLE,330,0.00230598,12121.24121,0.853299975,0.0045
4/22/2025,market1,ABI,brand16,sub_brand41,BOTELLA,NO RETORNABLE,330,0.100217491,12449.99902,5.168900013,2.054500103
4/22/2025,market1,manufacturer34,brand64,sub_brand2,BOTELLA,NO RETORNABLE,750,0.015840931,75987.15625,0,0.459199995
4/22/2025,market1,ABI,brand12,sub_brand3,LATA,NO RETORNABLE,355,0.04532731,12493.86621,38.93840027,0.048999999
4/22/2025,market1,manufacturer22,brand46,sub_brand2,BOTELLA,RETORNABLE,330,0.084158741,19186.51563,1.254400015,0.67839998
4/22/2025,market1,ABI,brand12,sub_brand3,LATA,NO RETORNABLE,473,14.93715954,8225.438477,22766.17969,19.95030022
4/22/2025,market1,ABI,brand16,sub_brand5,BOTELLA,RETORNABLE,750,4.916574955,7425.115723,9668.620117,8.538100243
4/22/2025,market1,manufacturer16,brand31,sub_brand2,LATA,NO RETORNABLE,500,0.060271978,42989.26563,13.23639965,0.1347
4/22/2025,market1,manufacturer10,brand35,sub_brand2,LATA,NO RETORNABLE,330,0.822998464,5673.056152,303.1498108,4.225399971
4/22/2025,market1,ABI,brand26,sub_brand9,BOTELLA,NO RETORNABLE,330,10.75915909,12864.55469,5639.525879,21.96660042
4/22/2025,market1,manufacturer16,brand31,sub_brand2,BOTELLA,NO RETORNABLE,500,0.202587783,34364.70703,38.62889862,2.307899952
4/22/2025,market1,ABI,brand16,sub_brand41,BOTELLA,RETORNABLE,330,0.795045555,11102.86621,789.550293,2.302400112
4/22/2025,market1,manufacturer28,brand55,sub_brand2,BOTELLA,NO RETORNABLE,500,0.01119426,55545.17578,0,0.377099991
4/22/2025,market1,manufacturer10,brand57,sub_brand25,LATA,NO RETORNABLE,310,1.546038389,8976.660156,1035.513672,5.563899994
4/22/2025,market1,manufacturer29,brand77,sub_brand2,LATA,NO RETORNABLE,500,0.03125944,7248.340332,0,0.998700023
4/22/2025,market1,manufacturer33,brand63,sub_brand2,BOTELLA,NO RETORNABLE,330,0.076999307,22036.30664,3.992599964,1.150099993
4/22/2025,market1,manufacturer22,brand46,sub_brand3,LATA,NO RETORNABLE,330,0.01203911,19946.6875,0,0.487100005
4/22/2025,market1,ABI,brand1,sub_brand1,LATA,NO RETORNABLE,473,9.678079605,8829.269531,7626.768066,14.15929985
4/22/2025,market1,manufacturer10,brand20,sub_brand17,LATA,NO RETORNABLE,250,0.740953267,11413.10352,286.89151,4.515299797
4/22/2025,market1,manufacturer7,brand9,sub_brand2,BOTELLA,NO RETORNABLE,330,0.00021121,24749.39648,0,0.0061
4/22/2025,market1,ABI,brand7,sub_brand4,LATA,NO RETORNABLE,269,0.749971509,13043.71387,64.46299744,3.614799976
4/22/2025,market1,ABI,brand26,sub_brand9,BOTELLA,NO RETORNABLE,210,0.148991123,17429.86523,138.0332031,0.478599995
4/22/2025,market1,ABI,brand1,sub_brand26,BOTELLA,RETORNABLE,330,3.304440022,12752.60449,2297.992188,10.10949993
4/22/2025,market1,ABI,brand3,sub_brand12,BOTELLA,RETORNABLE,320,17.22496414,8463.852539,37375.17578,44.42589951
4/22/2025,market1,ABI,brand16,sub_brand3,BOTELLA,NO RETORNABLE,330,0.345524013,7965.811523,1908.010132,1.057700038
4/22/2025,market1,ABI,brand45,sub_brand2,BOTELLA,RETORNABLE,250,2.22015357,12381.4502,1445.005493,6.265200138
4/22/2025,market1,manufacturer8,brand38,sub_brand2,LATA,NO RETORNABLE,330,0.023233371,37010.57031,0,0.863300025
4/22/2025,market1,manufacturer10,brand14,sub_brand3,LATA,NO RETORNABLE,330,1.256764054,8676.539063,513.0634766,1.772799969
4/22/2025,market1,manufacturer3,brand11,sub_brand2,LATA,NO RETORNABLE,500,0.119649783,23797.89453,1.802800059,2.00970006
4/22/2025,market1,manufacturer10,brand57,sub_brand25,LATA,NO RETORNABLE,330,0.082205303,8793.313477,10.88210011,0.338499993
4/22/2025,market1,ABI,brand26,sub_brand9,LATA,NO RETORNABLE,269,8.23005867,12809.2959,4485.327637,18.67060089
4/22/2025,market1,manufacturer4,brand5,sub_brand2,LATA,NO RETORNABLE,500,0.205461055,26406.13477,28.22229958,1.997400045
4/22/2025,market1,ABI,brand16,sub_brand5,LATA,NO RETORNABLE,473,12.31194496,8322.838867,10998.71875,17.83259964
4/22/2025,market1,ABI,brand16,sub_brand5,LATA,NO RETORNABLE,269,3.137979984,8672.926758,5805.290039,10.2887001
4/22/2025,market1,manufacturer10,brand22,sub_brand13,BOTELLA,NO RETORNABLE,330,0.237001196,15882.11621,96.39479828,0.496699989
4/22/2025,market1,ABI,brand16,sub_brand5,BOTELLA,NO RETORNABLE,330,0.120917678,8865.652344,184.8912964,0.157900006
4/22/2025,market1,manufacturer25,brand49,sub_brand2,BOTELLA,NO RETORNABLE,330,0.00021121,29545.45508,0,0.0037
4/22/2025,market1,ABI,brand16,sub_brand5,BOTELLA,RETORNABLE,330,36.01955795,9743.506836,83080.76563,73.75990295
4/22/2025,market1,ABI,brand12,sub_brand3,LATA,NO RETORNABLE,269,3.014461279,8138.48584,1896.377563,5.432700157
4/22/2025,market1,manufacturer27,brand54,sub_brand2,BOTELLA,NO RETORNABLE,330,0.118395358,54211.1875,21.55489922,1.114099979
4/22/2025,market1,manufacturer10,brand14,sub_brand5,LATA,NO RETORNABLE,310,1.723057508,7837.64502,749.4810791,6.343100071
4/22/2025,market1,manufacturer8,brand18,sub_brand2,BOTELLA,NO RETORNABLE,330,0.01630835,36270.19922,0,0.573700011
4/22/2025,market1,ABI,brand26,sub_brand6,BOTELLA,NO RETORNABLE,330,7.057785988,14404.40137,1378.814697,16.38809967
4/22/2025,market1,ABI,brand16,sub_brand3,LATA,NO RETORNABLE,330,32.75638962,9399.024414,42521.08594,54.53070068
4/22/2025,market1,ABI,brand50,sub_brand9,BOTELLA,NO RETORNABLE,207,0.033395961,13687.97754,64.84590149,0.045600001
4/22/2025,market1,manufacturer10,brand22,sub_brand19,BOTELLA,NO RETORNABLE,330,0.338844359,25582.73047,17.59140015,1.188799977
4/22/2025,market1,manufacturer10,brand17,sub_brand3,LATA,NO RETORNABLE,269,0.415694386,9501.235352,127.8625031,0.585799992
4/22/2025,market1,ABI,brand3,sub_brand12,LATA,NO RETORNABLE,269,0.267454028,7501.123535,335.2438965,0.870500028
4/22/2025,market1,ABI,brand81,sub_brand3,BOTELLA,NO RETORNABLE,355,0.451402754,7748.344238,105.7326965,0.674000025
4/22/2025,market1,ABI,brand25,sub_brand2,BOTELLA,NO RETORNABLE,300,7.737463951,15335.17773,2832.536621,20.1616993
4/22/2025,market1,manufacturer22,brand46,sub_brand37,BOTELLA,NO RETORNABLE,330,0.237847343,36252.91016,17.78700066,1.493199944
4/22/2025,market1,manufacturer44,brand78,sub_brand2,BOTELLA,NO RETORNABLE,750,0.00147849,75208.71094,0,0.042300001
4/22/2025,market1,ABI,brand73,sub_brand15,LATA,NO RETORNABLE,330,2.010496855,5231.720215,2767.386475,2.47239995
4/22/2025,market1,manufacturer10,brand14,sub_brand3,BOTELLA,NO RETORNABLE,250,0.333035171,9495.128906,9.872799873,0.112099998
4/22/2025,market1,ABI,brand1,sub_brand7,LATA,NO RETORNABLE,330,3.557170391,10991.97559,1854.181152,7.670700073
4/22/2025,market1,ABI,brand7,sub_brand29,BOTELLA,NO RETORNABLE,330,0.175305799,11160.26855,6.454299927,2.115400076
4/22/2025,market1,ABI,brand26,sub_brand9,BOTELLA,RETORNABLE,330,10.19529724,18687.34961,6093.703125,23.36779976
4/22/2025,market1,manufacturer10,brand33,sub_brand3,LATA,NO RETORNABLE,330,3.296736002,7556.307617,980.6846924,4.116099834
4/22/2025,market1,manufacturer22,brand46,sub_brand3,BOTELLA,NO RETORNABLE,330,0.00697001,53691.6875,0,0.222000003
4/22/2025,market1,manufacturer47,brand88,sub_brand3,BOTELLA,NO RETORNABLE,,0.00636586,31338.14648,1.648000002,0.057700001
4/22/2025,market1,manufacturer22,brand46,sub_brand2,LATA,NO RETORNABLE,330,0.073290721,28052.36523,0,1.136000037
4/22/2025,market1,manufacturer10,brand57,sub_brand24,BOTELLA,NO RETORNABLE,355,0.00443546,11220.65625,0,0.008
4/22/2025,market1,manufacturer10,brand14,sub_brand3,BOTELLA,RETORNABLE,750,2.514876366,5564.901855,4156.847168,5.302700043
4/22/2025,market1,ABI,brand44,sub_brand15,LATA,NO RETORNABLE,330,0.126000226,5381.265137,98.95929718,0.783200026
4/22/2025,market1,ABI,brand16,sub_brand5,LATA,NO RETORNABLE,330,14.88916588,9417.841797,11924.32129,29.30699921
4/22/2025,market1,manufacturer8,brand10,sub_brand2,LATA,NO RETORNABLE,330,0.016860239,37476.80859,0.0059,0.460099995
4/22/2025,market1,manufacturer14,brand27,sub_brand2,BOTELLA,NO RETORNABLE,330,0.186580256,27557.10156,31.01519966,0.280200005
4/22/2025,market1,ABI,brand25,sub_brand2,LATA,NO RETORNABLE,330,0.00316819,11504.33594,0,0.0039
4/22/2025,market1,manufacturer10,brand57,sub_brand25,BOTELLA,NO RETORNABLE,300,3.080236912,9329.708984,3265.615479,6.495500088
4/22/2025,market1,manufacturer10,brand20,sub_brand3,BOTELLA,NO RETORNABLE,250,4.952605724,13266.08691,2379.325439,12.81960011
4/22/2025,market1,manufacturer22,brand46,sub_brand37,LATA,NO RETORNABLE,500,0.087542951,21978.94531,7.627799988,1.747200012
4/22/2025,market1,manufacturer10,brand14,sub_brand5,BOTELLA,RETORNABLE,750,0.397576541,6007.77832,218.1475067,1.354900002
4/22/2025,market1,manufacturer7,brand9,sub_brand2,LATA,NO RETORNABLE,330,0.00443546,7759.536621,0,0.109300002
4/22/2025,market1,ABI,brand16,sub_brand20,BOTELLA,RETORNABLE,330,0.441124827,9654.914063,139.4241028,0.552900016
4/22/2025,market1,manufacturer22,brand46,sub_brand37,LATA,NO RETORNABLE,330,0.02175488,26433.95703,0,0.939899981
4/22/2025,market1,manufacturer10,brand33,sub_brand3,LATA,NO RETORNABLE,355,0.142823234,6897.216309,34.94580078,0.025599999
4/22/2025,market1,manufacturer11,brand19,sub_brand3,LATA,NO RETORNABLE,500,0.08390484,31013.74609,1.147799969,1.781700015
4/22/2025,market1,ABI,brand51,sub_brand3,LATA,NO RETORNABLE,296,0.047654089,11448.98438,16.39019966,0.061799999
4/22/2025,market1,ABI,brand42,sub_brand5,LATA,NO RETORNABLE,330,0.045225061,9090.910156,2.263799906,0.057500001
4/22/2025,market1,ABI,brand26,sub_brand9,BOTELLA,NO RETORNABLE,355,0.429050207,16247.88477,260.9952087,0.83069998
4/22/2025,market1,ABI,brand1,sub_brand32,BOTELLA,RETORNABLE,330,0.206225589,10606.06055,8.256899834,0.045299999
4/22/2025,market1,manufacturer16,brand31,sub_brand2,LATA,NO RETORNABLE,500,0.00908213,28177.48047,0,0.535700023
4/22/2025,market1,manufacturer10,brand90,sub_brand3,LATA,NO RETORNABLE,330,0.158871606,5392.217773,22.03820038,0.222900003
4/22/2025,market1,manufacturer10,brand14,sub_brand3,LATA,NO RETORNABLE,310,7.980205536,7874.749023,4476.294922,13.80280018
4/22/2025,market1,ABI,brand51,sub_brand40,LATA,NO RETORNABLE,269,2.311563969,13267.72656,743.3806152,6.717700005
4/22/2025,market1,ABI,brand15,sub_brand3,LATA,NO RETORNABLE,330,1.87354362,7253.911133,775.4802246,2.366899967
4/22/2025,market1,manufacturer19,brand39,sub_brand2,BOTELLA,NO RETORNABLE,330,0.02509197,37500.73438,9.139900208,0.0049
4/22/2025,market1,ABI,brand50,sub_brand9,BOTELLA,RETORNABLE,210,6.047819138,18137.33789,3343.437256,14.80900002
4/22/2025,market1,manufacturer3,brand4,sub_brand2,BOTELLA,NO RETORNABLE,500,0.00636586,36399.31641,6.074800014,0.027000001
4/22/2025,market1,ABI,brand7,sub_brand22,BOTELLA,NO RETORNABLE,330,0.06581293,14984.28027,2.788100004,0.47330001
4/22/2025,market1,manufacturer10,brand57,sub_brand25,BOTELLA,NO RETORNABLE,250,0.199614108,6362.357422,63.07830048,1.024600029
4/22/2025,market1,manufacturer9,brand13,sub_brand2,BOTELLA,NO RETORNABLE,750,0.01478487,50254.28906,0,0.557900012
4/22/2025,market1,ABI,brand84,sub_brand37,BOTELLA,NO RETORNABLE,355,0.09034732,17678.57227,8.950400352,0.092
4/22/2025,market1,manufacturer10,brand14,sub_brand5,BOTELLA,NO RETORNABLE,300,0.693707764,8756.765625,1054.54834,2.269799948
4/22/2025,market1,manufacturer10,brand57,sub_brand25,LATA,NO RETORNABLE,269,0.350844413,10282.81934,59.93510056,0.272599995
4/22/2025,market1,manufacturer10,brand17,sub_brand3,BOTELLA,NO RETORNABLE,330,1.050322413,14073.92188,236.1853943,3.932699919
4/22/2025,market1,manufacturer10,brand20,sub_brand17,BOTELLA,NO RETORNABLE,330,0.070171617,11445.91211,15.63899994,0.165600002
4/22/2025,market1,manufacturer10,brand14,sub_brand3,BOTELLA,RETORNABLE,250,0.509382963,7671.381348,218.3202972,0.915899992
4/22/2025,market1,ABI,brand1,sub_brand1,LATA,NO RETORNABLE,355,0.01245598,8886.382813,36.72430038,0.0403
4/22/2025,market1,manufacturer10,brand33,sub_brand3,BOTELLA,RETORNABLE,750,4.033407211,4789.09668,6143.571289,7.249499798
4/22/2025,market1,manufacturer22,brand46,sub_brand2,LATA,NO RETORNABLE,330,0.02703519,26883.18555,0,0.979600012
4/22/2025,market1,ABI,brand32,sub_brand2,BOTELLA,RETORNABLE,330,2.683808088,5871.462402,3619.138916,6.86920023
4/22/2025,market1,ABI,brand16,sub_brand6,LATA,NO RETORNABLE,330,0.18436341,9142.265625,34.51950073,0.388200015
4/22/2025,market1,ABI,brand51,sub_brand3,BOTELLA,NO RETORNABLE,250,0.00536268,24774.3418,3.776799917,0.002
4/22/2025,market1,manufacturer17,brand34,sub_brand3,BOTELLA,RETORNABLE,330,0.00989613,42424.23438,0.138099998,0.0019
4/22/2025,market1,manufacturer22,brand46,sub_brand2,LATA,NO RETORNABLE,500,0.00633637,15951.51172,0,0.1963
4/22/2025,market1,ABI,brand7,sub_brand40,BOTELLA,NO RETORNABLE,330,0.638259709,14341.37891,58.52090073,3.405600071
4/22/2025,market1,ABI,brand61,sub_brand3,LATA,NO RETORNABLE,330,0.214232802,9642.598633,34.09159851,0.100599997
4/22/2025,market1,ABI,brand45,sub_brand2,LATA,NO RETORNABLE,355,0.216778666,6805.154297,103.7946014,0.110799998
4/22/2025,market1,ABI,brand16,sub_brand5,BOTELLA,RETORNABLE,1000,10.24681377,6300.547363,21086.20508,20.24099922
4/22/2025,market1,manufacturer10,brand22,sub_brand2,BOTELLA,NO RETORNABLE,330,0.00429513,16060.50586,0.166899994,0.0024
4/22/2025,market1,ABI,brand1,sub_brand1,BOTELLA,RETORNABLE,330,24.93727112,11706.04395,30658.28711,59.83950043
4/22/2025,market1,manufacturer10,brand14,sub_brand3,LATA,NO RETORNABLE,269,0.538172841,8117.914551,167.3892975,3.579900026
4/22/2025,market1,manufacturer10,brand14,sub_brand5,LATA,NO RETORNABLE,473,0.900209665,7806.066895,272.1694031,1.008100033
4/22/2025,market1,ABI,brand1,sub_brand33,BOTELLA,NO RETORNABLE,330,0.047709052,10500.20313,2.70630002,0.0152
4/22/2025,market1,ABI,brand1,sub_brand1,LATA,NO RETORNABLE,330,21.73136139,9971.212891,16711.85352,36.93709946
4/22/2025,market1,manufacturer22,brand46,sub_brand2,LATA,NO RETORNABLE,355,0.00485789,39085.26953,0,0.169599995
4/22/2025,market1,manufacturer39,brand70,sub_brand3,BOTELLA,NO RETORNABLE,330,0.126918167,19832.95508,20.61269951,1.866700053
4/22/2025,market1,ABI,brand61,sub_brand3,LATA,NO RETORNABLE,355,0.08828669,9859.151367,14.60140038,0.0447
4/22/2025,market1,manufacturer10,brand20,sub_brand3,BOTELLA,RETORNABLE,330,0.054218318,12032.94824,20.70240021,0.065300003
4/22/2025,market1,manufacturer9,brand23,sub_brand2,BOTELLA,NO RETORNABLE,330,0.11449416,61999.70313,15.76900005,1.215399981
4/22/2025,market1,manufacturer11,brand19,sub_brand3,BOTELLA,NO RETORNABLE,500,0.416006476,35419.58984,54.18050003,2.302299976
4/22/2025,market1,ABI,brand1,sub_brand26,LATA,NO RETORNABLE,330,4.199653149,10671.05371,2496.783447,9.047100067
4/22/2025,market1,ABI,brand36,sub_brand3,LATA,NO RETORNABLE,330,0.615688086,5597.59375,5.956099987,1.497200012
4/22/2025,market1,manufacturer31,brand69,sub_brand2,LATA,NO RETORNABLE,330,0.045968208,11625.34375,1.824699998,0.950999975
4/22/2025,market1,manufacturer11,brand19,sub_brand14,LATA,NO RETORNABLE,500,0.050306279,29711.72461,2.29279995,1.056499958
4/22/2025,market1,ABI,brand15,sub_brand3,BOTELLA,RETORNABLE,300,0.047953311,10776.64355,21.64480019,0.151299998
4/22/2025,market1,ABI,brand1,sub_brand33,LATA,NO RETORNABLE,330,1.029649496,11119.63086,167.0027008,1.350000024
4/22/2025,market1,manufacturer5,brand6,sub_brand2,LATA,NO RETORNABLE,500,0.01816427,30114.13281,0,0.779299974
4/22/2025,market1,manufacturer10,brand22,sub_brand27,BOTELLA,NO RETORNABLE,330,0.614378095,18279.88672,81.29460144,1.769500017
4/22/2025,market1,ABI,brand3,sub_brand3,BOTELLA,RETORNABLE,330,13.75190639,6577.20166,32432.95703,33.70529938
4/22/2025,market1,manufacturer21,brand41,sub_brand3,LATA,NO RETORNABLE,473,0.01415123,28007.17969,0,0.483399987
4/22/2025,market1,manufacturer10,brand33,sub_brand3,LATA,NO RETORNABLE,269,0.041160379,8055.424316,23.91570091,0.031800002
4/22/2025,market1,manufacturer10,brand22,sub_brand19,BOTELLA,NO RETORNABLE,300,0.052902479,17075.97461,9.166700363,1.254799962
4/22/2025,market1,manufacturer10,brand22,sub_brand13,LATA,NO RETORNABLE,269,2.105990648,12608.00293,574.9606934,6.219600201
4/22/2025,market1,ABI,brand16,sub_brand3,BOTELLA,RETORNABLE,330,40.33112717,9178.631836,174508.0156,77.41860199
4/22/2025,market1,ABI,brand25,sub_brand2,LATA,NO RETORNABLE,250,0.01126922,15200,0.072400004,0.0022
4/22/2025,market1,ABI,brand83,sub_brand3,BOTELLA,NO RETORNABLE,330,0.229526684,14136.5,35.32820129,3.177900076
4/22/2025,market1,ABI,brand25,sub_brand2,BARRIL,NO RETORNABLE,,0.00253455,10832.98145,0,0.150800005
4/22/2025,market1,ABI,brand3,sub_brand3,BOTELLA,RETORNABLE,1000,0.613812089,4404.774902,70.20639801,0.838400006
4/22/2025,market1,ABI,brand50,sub_brand9,BOTELLA,NO RETORNABLE,210,28.19899178,16862.31641,23189.47656,61.27980042
4/22/2025,market1,manufacturer30,brand59,sub_brand2,BOTELLA,NO RETORNABLE,500,0.036255039,31715.7832,0.009,1.37590003
4/22/2025,market1,ABI,brand16,sub_brand5,LATA,NO RETORNABLE,300,0.01795969,10359.64453,0,0.045499999
4/22/2025,market1,manufacturer10,brand14,sub_brand3,BOTELLA,NO RETORNABLE,300,0.33308959,8985.305664,193.8061981,0.800499976
4/22/2025,market1,ABI,brand16,sub_brand5,BOTELLA,RETORNABLE,250,0.333019704,10882.0498,443.8294983,1.136399984
4/22/2025,market1,ABI,brand58,sub_brand3,LATA,NO RETORNABLE,330,1.072036028,5449.338379,595.0106201,2.305900097
4/22/2025,market1,ABI,brand16,sub_brand6,BOTELLA,NO RETORNABLE,330,0.00651996,7377.175293,0.108599998,0.0113
4/22/2025,market1,ABI,brand12,sub_brand3,BOTELLA,RETORNABLE,1000,14.84177685,6300.879883,47380.79297,28.16410065
4/22/2025,market1,manufacturer10,brand20,sub_brand3,LATA,NO RETORNABLE,330,0.096585862,11195.47363,22.29070091,0.109300002
4/22/2025,market1,ABI,brand3,sub_brand12,LATA,NO RETORNABLE,330,20.06403351,8927.398438,18482.09961,39.60240173
4/22/2025,market1,manufacturer37,brand67,sub_brand2,BOTELLA,NO RETORNABLE,330,0.0050691,37986.30078,0,0.1866
4/22/2025,market1,ABI,brand12,sub_brand16,LATA,NO RETORNABLE,330,0.132168174,10332.03516,47.1330986,0.242400005
4/22/2025,market1,ABI,brand12,sub_brand3,BOTELLA,RETORNABLE,750,8.243009567,7180.55127,15240.53906,12.23659992
4/22/2025,market1,manufacturer45,brand79,sub_brand2,BOTELLA,NO RETORNABLE,330,0.01858669,33124.28125,0,0.781300008
4/22/2025,market1,ABI,brand16,sub_brand3,LATA,NO RETORNABLE,269,4.386268616,9529.262695,3941.664063,10.8920002
4/22/2025,market1,ABI,brand1,sub_brand26,BOTELLA,NO RETORNABLE,330,0.02831444,2250.3125,125.7929001,0.018100001
4/22/2025,market1,ABI,brand45,sub_brand2,LATA,NO RETORNABLE,269,24.96401787,10488.48926,20450.31445,48.78659821
4/22/2025,market1,ABI,brand15,sub_brand3,BOTELLA,RETORNABLE,750,0.00047671,8241.670898,1.085000038,0.0004
4/22/2025,market1,manufacturer11,brand19,sub_brand14,BOTELLA,NO RETORNABLE,500,0.122683778,38847.85156,7.656899929,1.90199995
4/22/2025,market1,ABI,brand32,sub_brand2,BOTELLA,RETORNABLE,250,0.03554615,4800,0.528599977,0.044799998
4/22/2025,market1,manufacturer14,brand27,sub_brand2,BOTELLA,NO RETORNABLE,300,0.051635209,36380.82422,0,1.706699967
4/22/2025,market1,ABI,brand15,sub_brand3,BOTELLA,RETORNABLE,330,6.921655655,11266.56348,12290.02832,9.434700012
4/22/2025,market1,manufacturer22,brand46,sub_brand2,BOTELLA,NO RETORNABLE,250,0.01562972,29812.98242,0,0.857200027
4/22/2025,market1,ABI,brand3,sub_brand3,BOTELLA,RETORNABLE,750,5.895415306,5157.044434,12276.07227,13.56449986
4/22/2025,market1,ABI,brand1,sub_brand32,LATA,NO RETORNABLE,330,0.018629851,11642.46777,0.224199995,0.085100003
4/22/2025,market1,manufacturer10,brand20,sub_brand3,LATA,NO RETORNABLE,269,1.071849823,11287.45898,530.1105957,1.170899987
4/22/2025,market1,ABI,brand12,sub_brand21,BOTELLA,RETORNABLE,330,0.037546031,8299.052734,362.0151978,0.0986
4/22/2025,market1,ABI,brand1,sub_brand42,LATA,NO RETORNABLE,269,0.760319293,13303.20508,148.7727966,3.691900015
4/22/2025,market1,ABI,brand1,sub_brand7,BOTELLA,NO RETORNABLE,330,0.154047266,12519.50781,38.70470047,0.0557
4/22/2025,market1,ABI,brand1,sub_brand10,BOTELLA,RETORNABLE,330,0.034691241,10239.38574,5.033899784,0.039000001
4/22/2025,market1,ABI,brand1,sub_brand7,BOTELLA,RETORNABLE,330,3.615137577,12865.7373,1956.751343,9.21969986
4/22/2025,market1,manufacturer44,brand78,sub_brand2,BOTELLA,NO RETORNABLE,330,0.0101382,59494.98828,0.659399986,0.339300007
4/22/2025,market1,ABI,brand7,sub_brand23,LATA,NO RETORNABLE,269,0.181629181,10527.9502,7.221700191,0.035799999
4/22/2025,market1,manufacturer10,brand57,sub_brand25,BOTELLA,RETORNABLE,330,1.204734445,7699.246094,898.6317139,3.124599934
4/22/2025,market1,ABI,brand15,sub_brand3,BOTELLA,RETORNABLE,1000,3.544374943,6803.686035,8075.189453,5.356299877
4/22/2025,market1,ABI,brand12,sub_brand3,BOTELLA,RETORNABLE,250,1.113292694,10151.21094,3898.5896,3.873800039
4/22/2025,market1,manufacturer36,brand66,sub_brand2,LATA,NO RETORNABLE,500,0.314815104,30327.22852,24.12579918,2.187700033
4/22/2025,market1,ABI,brand16,sub_brand3,BOTELLA,RETORNABLE,750,3.836055279,7933.199707,14227.33691,8.20510006
4/22/2025,market1,manufacturer10,brand22,sub_brand18,BOTELLA,NO RETORNABLE,330,0.778828859,17987.67383,56.40629959,2.153899908
4/22/2025,market1,ABI,brand1,sub_brand1,BOTELLA,NO RETORNABLE,330,0.280533105,10270.67773,106.5681,2.256200075
4/22/2025,market1,ABI,brand12,sub_brand3,OTROS ENVASES,NO RETORNABLE,330,0.407881826,9595.801758,658.0036011,0.268900007
4/22/2025,market1,ABI,brand12,sub_brand3,LATA,NO RETORNABLE,330,27.77698326,9344.381836,33533.0625,45.17419815
4/22/2025,market1,ABI,brand1,sub_brand1,LATA,NO RETORNABLE,269,2.097795248,9093.458984,502.4078064,3.358700037
4/22/2025,market1,ABI,brand7,sub_brand4,BOTELLA,NO RETORNABLE,330,0.636601686,14564.58789,37.06620026,3.59100008
4/22/2025,market1,manufacturer10,brand17,sub_brand3,BOTELLA,NO RETORNABLE,355,0.00063364,12472.61328,0,0.001
4/22/2025,market1,manufacturer38,brand68,sub_brand2,LATA,NO RETORNABLE,500,0.00359061,24009.07617,0,0.394600004
4/22/2025,market1,manufacturer10,brand17,sub_brand3,LATA,NO RETORNABLE,310,1.148825765,9408.178711,225.8583984,4.833600044
4/22/2025,market1,ABI,brand3,sub_brand12,LATA,NO RETORNABLE,473,1.888702631,8120.052246,534.9608154,2.345700026
4/22/2025,market1,ABI,brand16,sub_brand5,LATA,NO RETORNABLE,296,0.035127211,8147.661621,26.0855999,0.1831
4/22/2025,market1,manufacturer10,brand33,sub_brand3,BOTELLA,RETORNABLE,330,6.334803581,6296.952637,7971.362305,13.36019993
4/22/2025,market1,ABI,brand81,sub_brand3,LATA,NO RETORNABLE,269,5.376377106,9817.90918,968.8201294,9.292699814
4/22/2025,market1,ABI,brand12,sub_brand3,BOTELLA,RETORNABLE,330,34.36867523,9436.236328,113026.5703,70.85240173
4/22/2025,market1,manufacturer28,brand55,sub_brand2,BOTELLA,NO RETORNABLE,330,0.022276681,53049.82813,0,0.675000012
4/22/2025,market1,ABI,brand15,sub_brand3,LATA,NO RETORNABLE,473,7.081822872,8548.814453,6122.744629,9.029000282
4/22/2025,market1,manufacturer10,brand20,sub_brand3,BOTELLA,RETORNABLE,250,1.335556984,13815.01563,1784.766846,4.95690012
4/22/2025,market1,manufacturer17,brand34,sub_brand2,LATA,NO RETORNABLE,330,0.569029152,6818.185059,0.985499978,1.451799989
4/22/2025,market1,manufacturer24,brand48,sub_brand2,BOTELLA,NO RETORNABLE,750,0.00401304,87711.25,0,0.106600001
4/22/2025,market1,manufacturer2,brand2,sub_brand2,BOTELLA,NO RETORNABLE,500,0.00636586,18999.82031,9.600899696,0.027000001
4/22/2025,market1,manufacturer10,brand22,sub_brand27,BOTELLA,NO RETORNABLE,300,0.112279259,18836.29883,27.28289986,2.455699921
4/22/2025,market1,ABI,brand12,sub_brand16,BOTELLA,RETORNABLE,330,0.16511032,9090.738281,39.34600067,0.0025
4/22/2025,market1,ABI,brand1,sub_brand7,LATA,NO RETORNABLE,355,0.0100621,8934.675781,12.89099979,0.025
4/22/2025,market1,manufacturer10,brand17,sub_brand3,BOTELLA,NO RETORNABLE,250,1.039603114,11996.86426,243.1784973,3.773699999
4/22/2025,market1,manufacturer47,brand88,sub_brand3,LATA,NO RETORNABLE,355,0.00371873,22535.21289,3.557899952,0.0026
4/22/2025,market1,manufacturer10,brand14,sub_brand5,LATA,NO RETORNABLE,269,0.817615211,8447.207031,698.171875,4.676000118
4/22/2025,market1,manufacturer45,brand79,sub_brand2,BOTELLA,NO RETORNABLE,500,0.025767921,32243.76953,0.299699992,1.043400049
4/22/2025,market1,manufacturer10,brand14,sub_brand5,BOTELLA,NO RETORNABLE,250,0.355965823,9101.15918,438.4187927,2.073400021
4/22/2025,market1,ABI,brand25,sub_brand2,BOTELLA,NO RETORNABLE,330,0.540295064,20585.17188,303.0823059,1.098999977
4/22/2025,market1,manufacturer5,brand6,sub_brand2,BOTELLA,NO RETORNABLE,500,0.0135176,42041.73828,0,0.653100014
4/22/2025,market1,manufacturer26,brand53,sub_brand2,BOTELLA,NO RETORNABLE,250,0.172134995,57552.66797,25.10589981,2.188199997
4/22/2025,market1,manufacturer22,brand46,sub_brand2,BOTELLA,NO RETORNABLE,330,0.325941652,42073.83594,96.24890137,2.639300108
4/22/2025,market1,ABI,brand12,sub_brand3,BOTELLA,NO RETORNABLE,330,0.0100621,7143.046387,228.1461945,0.025
4/22/2025,market1,manufacturer10,brand20,sub_brand3,LATA,NO RETORNABLE,310,11.10856819,10132.60156,5087.724609,22.85009956
4/22/2025,market1,manufacturer22,brand46,sub_brand2,LATA,NO RETORNABLE,,0.109928638,29866.64258,17.72220039,0.709599972
4/22/2025,market1,manufacturer18,brand37,sub_brand2,BOTELLA,NO RETORNABLE,330,0.075721517,37460.8125,34.93069839,0.085100003
4/22/2025,market1,ABI,brand7,sub_brand40,LATA,NO RETORNABLE,269,2.891061306,15140.92383,356.434906,7.46089983
4/22/2025,market1,manufacturer9,brand13,sub_brand2,BOTELLA,NO RETORNABLE,330,0.146275416,60205.32422,24.98609924,1.902899981
4/22/2025,market1,manufacturer21,brand41,sub_brand3,LATA,NO RETORNABLE,330,0.0101382,30005.54688,0,0.412499994
4/22/2025,market1,manufacturer3,brand11,sub_brand2,BARRIL,NO RETORNABLE,5000,0.0152073,26868.91211,0,0.584100008
4/22/2025,market1,ABI,brand16,sub_brand3,LATA,NO RETORNABLE,473,8.123954773,8305.014648,6196.45752,12.37660027
4/22/2025,market1,manufacturer7,brand9,sub_brand2,LATA,NO RETORNABLE,500,0.021588931,27914.10156,0,0.0101
4/22/2025,market1,manufacturer38,brand80,sub_brand2,LATA,NO RETORNABLE,500,0.103424437,32310.15625,0,2.02760005
4/22/2025,market1,manufacturer10,brand14,sub_brand5,BOTELLA,RETORNABLE,330,3.224788189,8503.823242,2914.391846,7.644499779
4/22/2025,market1,manufacturer10,brand14,sub_brand3,LATA,NO RETORNABLE,473,10.45153332,7563.504395,9013.753906,11.94120026
4/22/2025,market1,manufacturer22,brand46,sub_brand2,LATA,NO RETORNABLE,500,0.144892961,33104.51953,41.91619873,1.085100055
4/22/2025,market1,ABI,brand1,sub_brand10,LATA,NO RETORNABLE,330,0.05090902,10606.12305,11.55970001,0.0016
4/22/2025,market1,ABI,brand7,sub_brand11,BOTELLA,NO RETORNABLE,330,0.0093837,15103.22559,0.532599986,0.026000001
4/22/2025,market1,ABI,brand16,sub_brand30,BOTELLA,RETORNABLE,175,0.048476931,9595.737305,166.9398041,0.0084
4/22/2025,market1,manufacturer24,brand48,sub_brand2,BOTELLA,NO RETORNABLE,330,0.00460992,81564.32813,0.407499999,0.0175
4/22/2025,market1,manufacturer10,brand14,sub_brand3,LATA,NO RETORNABLE,355,0.01031173,7257.984375,14.54810047,0.097400002
4/22/2025,market1,manufacturer10,brand22,sub_brand13,BOTELLA,NO RETORNABLE,750,0.223157659,15361.79395,11.86530018,1.682399988
4/22/2025,market1,ABI,brand12,sub_brand21,LATA,NO RETORNABLE,330,0.00105606,73212.125,0,0.0013
4/22/2025,market1,ABI,brand16,sub_brand20,LATA,NO RETORNABLE,330,7.153867245,7062.649902,1561.357666,15.63630009
4/22/2025,market1,ABI,brand51,sub_brand3,LATA,NO RETORNABLE,269,16.76173782,12141.50391,5827.187012,32.8689003
4/22/2025,market1,manufacturer10,brand20,sub_brand3,LATA,NO RETORNABLE,473,3.01102066,9228.160156,1724.252808,5.920400143
4/22/2025,market1,ABI,brand1,sub_brand34,BOTELLA,RETORNABLE,,6.304494381,7270.516602,7618.653809,14.60910034
4/22/2025,market1,manufacturer22,brand46,sub_brand2,BOTELLA,NO RETORNABLE,500,0.086280599,41670.93359,12.14340019,0.974399984
4/22/2025,market1,manufacturer10,brand20,sub_brand3,BOTELLA,NO RETORNABLE,330,2.082278013,13956.16895,657.2581787,6.062300205
4/22/2025,market1,manufacturer10,brand14,sub_brand3,BOTELLA,RETORNABLE,330,5.435196877,8257.504883,5227.659668,10.9406004
4/22/2025,market1,manufacturer8,brand18,sub_brand2,LATA,NO RETORNABLE,330,0.022599731,36488.88281,0,0.824800014
4/22/2025,market1,ABI,brand1,sub_brand33,BOTELLA,RETORNABLE,330,0.147458583,11105.12988,18.98469925,0.194199994
4/22/2025,market1,manufacturer11,brand19,sub_brand3,BOTELLA,NO RETORNABLE,500,0.03473822,34447.125,8.275500298,1.328400016
4/22/2025,market1,manufacturer32,brand62,sub_brand2,BOTELLA,NO RETORNABLE,330,0.119456433,52410.28125,6.552000046,1.984200001
4/22/2025,market1,manufacturer13,brand24,sub_brand2,LATA,NO RETORNABLE,500,0.03879343,32371.69141,0,0.411300004
4/22/2025,market1,manufacturer10,brand22,sub_brand7,BOTELLA,NO RETORNABLE,330,1.160505176,18465.46289,135.3334045,3.623899937
4/22/2025,market1,manufacturer23,brand47,sub_brand2,BOTELLA,NO RETORNABLE,330,0.00021121,11969.69727,0,0.0011
4/22/2025,market1,ABI,brand25,sub_brand2,LATA,NO RETORNABLE,269,11.40019035,12948.53516,2131.119385,19.82010078
7/23/2025,market1,manufacturer46,brand82,sub_brand3,BOTELLA,NO RETORNABLE,1500,17.20121193,4040.75415,6867.257813,42.14630127
7/23/2025,market1,manufacturer46,brand82,sub_brand3,LATA,NO RETORNABLE,330,39.52440643,7913.36377,6909.930176,68.18250275
7/23/2025,market1,manufacturer46,brand82,sub_brand36,LATA,NO RETORNABLE,330,0.0138647,7881.780273,0,0.2042
7/23/2025,market1,manufacturer10,brand89,sub_brand3,BOTELLA,NO RETORNABLE,1500,9.639447212,3672.223389,2403.433105,22.95599937
7/23/2025,market1,manufacturer46,brand82,sub_brand39,LATA,NO RETORNABLE,330,0.54206568,8619.799805,41.91590118,0.751399994
7/23/2025,market1,manufacturer10,brand89,sub_brand3,BOTELLA,NO RETORNABLE,330,2.809116125,9327.923828,470.5867004,5.695199966
7/23/2025,market1,manufacturer46,brand82,sub_brand3,BOTELLA,NO RETORNABLE,330,0.341650456,8863.430664,29.10680008,0.1294
7/23/2025,market1,manufacturer10,brand89,sub_brand3,LATA,NO RETORNABLE,310,19.85612106,9072.826172,2507.741943,38.54240036
7/23/2025,market1,manufacturer46,brand82,sub_brand3,BOTELLA,RETORNABLE,330,16.70717239,9061.700195,7291.930176,41.36589813
7/23/2025,market1,manufacturer46,brand82,sub_brand35,LATA,NO RETORNABLE,330,0.00142265,6564.77832,0.273600012,0.0113
7/23/2025,market1,manufacturer46,brand82,sub_brand3,LATA,NO RETORNABLE,269,0.882547319,5868.247559,94.77829742,3.275000095
1/23/2025,market1,manufacturer39,brand70,sub_brand3,LATA,NO RETORNABLE,330,0.039790541,19669.35352,0.452399999,0.994700015
1/23/2025,market1,manufacturer10,brand17,sub_brand3,BOTELLA,NO RETORNABLE,330,1.185008645,12482.16797,265.9653931,5.151899815
1/23/2025,market1,ABI,brand26,sub_brand9,BOTELLA,NO RETORNABLE,330,10.70228863,12674.73926,6633.995117,25.67910004
1/23/2025,market1,manufacturer33,brand63,sub_brand2,BOTELLA,NO RETORNABLE,330,0.109105118,19663.7168,9.611700058,1.066699982
1/23/2025,market1,manufacturer10,brand22,sub_brand19,BOTELLA,NO RETORNABLE,330,0.477466196,19989.73047,38.18989944,2.056200027
1/23/2025,market1,manufacturer10,brand20,sub_brand3,LATA,NO RETORNABLE,310,12.14745235,9981.477539,6336.710938,26.18149948
1/23/2025,market1,ABI,brand83,sub_brand3,BOTELLA,NO RETORNABLE,330,0.209876686,14202.6875,93.12169647,3.128700018
1/23/2025,market1,manufacturer9,brand13,sub_brand2,BOTELLA,NO RETORNABLE,750,0.01732029,40428.73438,0,0.593999982
1/23/2025,market1,ABI,brand1,sub_brand33,LATA,NO RETORNABLE,330,3.340766191,10877.36621,1372.48584,6.741099834
1/23/2025,market1,manufacturer10,brand14,sub_brand3,BOTELLA,RETORNABLE,330,5.691512585,7850.86084,6756.166504,10.56359959
1/23/2025,market1,manufacturer10,brand22,sub_brand13,BOTELLA,NO RETORNABLE,750,0.101270728,25382.08789,3.739000082,1.950399995
1/23/2025,market1,manufacturer24,brand48,sub_brand2,BOTELLA,NO RETORNABLE,750,0.00612547,82742.09375,0,0.153600007
1/23/2025,market1,ABI,brand16,sub_brand5,LATA,NO RETORNABLE,269,3.306058645,8645.071289,3447.93457,9.02630043
1/23/2025,market1,ABI,brand16,sub_brand5,LATA,NO RETORNABLE,473,10.76613522,8222.104492,11743.53027,16.77540016
1/23/2025,market1,manufacturer9,brand13,sub_brand2,BOTELLA,NO RETORNABLE,330,0.175073639,58853.40625,45.2983017,2.261899948
1/23/2025,market1,manufacturer10,brand33,sub_brand3,BOTELLA,RETORNABLE,330,6.223535538,6166.147461,8403.928711,12.60569954
1/23/2025,market1,ABI,brand12,sub_brand26,LATA,NO RETORNABLE,330,0.0114627,12121.02148,0.737399995,0.0051
1/23/2025,market1,manufacturer22,brand46,sub_brand2,LATA,NO RETORNABLE,330,0.038865048,12404.29102,0,1.978399992
1/23/2025,market1,manufacturer10,brand14,sub_brand3,BOTELLA,RETORNABLE,250,0.652252436,7786.411621,175.574295,0.863399982
1/23/2025,market1,ABI,brand12,sub_brand3,LATA,NO RETORNABLE,355,0.044402979,14143.63672,26.54850006,0.042599998
1/23/2025,market1,manufacturer10,brand33,sub_brand3,BOTELLA,RETORNABLE,750,3.675303936,4836.408691,8125.191895,6.7572999
1/23/2025,market1,manufacturer10,brand14,sub_brand3,LATA,NO RETORNABLE,355,0.023641249,7202.019531,24.25720024,0.076200001
1/23/2025,market1,ABI,brand16,sub_brand20,LATA,NO RETORNABLE,330,2.830325365,7569.071777,747.196228,8.529700279
1/23/2025,market1,manufacturer22,brand46,sub_brand2,LATA,NO RETORNABLE,355,0.00431305,40894.10156,0,0.145300001
1/23/2025,market1,manufacturer17,brand34,sub_brand2,LATA,NO RETORNABLE,330,0.588158548,6538.976074,4.430300236,2.100300074
1/23/2025,market1,manufacturer5,brand6,sub_brand2,BOTELLA,NO RETORNABLE,330,0.00021122,43030.30469,0,0.0049
1/23/2025,market1,ABI,brand25,sub_brand2,LATA,NO RETORNABLE,269,13.56796837,12832.99512,2780.460938,27.22190094
1/23/2025,market1,manufacturer10,brand20,sub_brand3,LATA,NO RETORNABLE,250,0.00712134,9600.098633,3.057800055,0.0239
1/23/2025,market1,manufacturer8,brand18,sub_brand2,BOTELLA,NO RETORNABLE,330,0.00697036,39718.67188,0,0.491400003
1/23/2025,market1,ABI,brand7,sub_brand4,BOTELLA,NO RETORNABLE,330,0.721336782,13809.87695,98.47940063,4.288599968
1/23/2025,market1,ABI,brand26,sub_brand6,BOTELLA,NO RETORNABLE,330,4.864889145,12692.35547,1016.330505,13.54319954
1/23/2025,market1,ABI,brand16,sub_brand5,BOTELLA,NO RETORNABLE,200,0.00021122,5916.666504,0,0.0039
1/23/2025,market1,manufacturer13,brand24,sub_brand2,LATA,NO RETORNABLE,500,0.056213468,32354.30469,0.970000029,0.729300022
1/23/2025,market1,ABI,brand16,sub_brand5,BOTELLA,RETORNABLE,330,36.93319321,9633.779297,86492.125,71.40309906
1/23/2025,market1,manufacturer11,brand19,sub_brand14,BOTELLA,NO RETORNABLE,330,0.02878732,45454.55469,0.0059,0.0064
1/23/2025,market1,manufacturer22,brand46,sub_brand2,LATA,NO RETORNABLE,500,0.00908259,17788.68555,0,0.635399997
1/23/2025,market1,manufacturer4,brand5,sub_brand2,LATA,NO RETORNABLE,500,0.254241407,27464.51563,50.65010071,2.360199928
1/23/2025,market1,ABI,brand12,sub_brand3,LATA,NO RETORNABLE,269,3.005571127,8030.282715,2577.820313,6.863200188
1/23/2025,market1,manufacturer10,brand57,sub_brand25,LATA,NO RETORNABLE,269,0.57399857,10977.90137,92.63369751,0.447600007
1/23/2025,market1,manufacturer10,brand14,sub_brand5,LATA,NO RETORNABLE,473,0.720373333,8050.603516,208.0429993,0.792800009
1/23/2025,market1,manufacturer10,brand14,sub_brand5,BOTELLA,NO RETORNABLE,300,0.59425801,8509.013672,1198.61438,2.062099934
1/23/2025,market1,manufacturer34,brand64,sub_brand2,BOTELLA,NO RETORNABLE,330,0.234791785,70492.88281,28.60989952,1.151600003
1/23/2025,market1,ABI,brand16,sub_brand3,BOTELLA,NO RETORNABLE,330,0.326071948,8096.970703,577.4315796,0.941299975
1/23/2025,market1,manufacturer22,brand46,sub_brand3,BOTELLA,NO RETORNABLE,330,0.00908259,49327.88281,0,0.293300003
1/23/2025,market1,ABI,brand15,sub_brand3,BOTELLA,RETORNABLE,750,0.01167757,7960.860352,5.426799774,0.023
1/23/2025,market1,manufacturer10,brand14,sub_brand5,BOTELLA,RETORNABLE,330,3.269867182,8512.178711,3995.110352,7.016499996
1/23/2025,market1,manufacturer23,brand47,sub_brand2,BOTELLA,NO RETORNABLE,330,0.00042245,28428.24023,0,0.0018
1/23/2025,market1,ABI,brand3,sub_brand12,BOTELLA,RETORNABLE,320,17.07663727,8352.914063,34003.41797,41.11429977
1/23/2025,market1,manufacturer44,brand78,sub_brand2,BOTELLA,NO RETORNABLE,330,0.01022729,64973.24219,0,0.442699999
1/23/2025,market1,ABI,brand15,sub_brand3,LATA,NO RETORNABLE,473,7.00688076,8213.292969,8095.719238,8.349200249
1/23/2025,market1,ABI,brand16,sub_brand3,LATA,NO RETORNABLE,473,6.321661949,8165.054199,6999.45752,9.899499893
1/23/2025,market1,ABI,brand12,sub_brand16,BOTELLA,RETORNABLE,330,0.062666424,9091.019531,20.97060013,0.0046
1/23/2025,market1,ABI,brand50,sub_brand9,BOTELLA,RETORNABLE,210,5.851736069,17869.12695,3773.216797,13.15410042
1/23/2025,market1,ABI,brand7,sub_brand40,LATA,NO RETORNABLE,269,3.985859156,14557.91016,366.3479004,9.537400246
1/23/2025,market1,manufacturer6,brand8,sub_brand2,LATA,NO RETORNABLE,330,0.061702669,6083.773926,45.56079865,0.0106
1/23/2025,market1,ABI,brand3,sub_brand3,BOTELLA,RETORNABLE,750,5.802686214,5104.681641,15518.2002,13.95580006
1/23/2025,market1,ABI,brand12,sub_brand3,BOTELLA,RETORNABLE,300,0.0221637,10000,0,0.0162
1/23/2025,market1,manufacturer8,brand18,sub_brand2,LATA,NO RETORNABLE,330,0.032317132,34637.98828,0,1.310799956
1/23/2025,market1,manufacturer10,brand33,sub_brand3,LATA,NO RETORNABLE,355,0.192557201,5300.069824,418.2687073,0.090400003
1/23/2025,market1,ABI,brand7,sub_brand29,BOTELLA,NO RETORNABLE,330,0.161112934,10610.13086,9.030200005,2.645800114
1/23/2025,market1,manufacturer3,brand11,sub_brand2,BARRIL,NO RETORNABLE,5000,0.01541928,26331.85156,0,0.818400025
1/23/2025,market1,ABI,brand51,sub_brand3,BOTELLA,NO RETORNABLE,250,0.00105612,24492.30664,0,0.0035
1/23/2025,market1,ABI,brand16,sub_brand6,LATA,NO RETORNABLE,330,0.05054412,6659.852539,3.137300014,0.086900003
1/23/2025,market1,ABI,brand25,sub_brand2,BOTELLA,NO RETORNABLE,330,1.084947109,19134.02539,465.7900085,2.470400095
1/23/2025,market1,ABI,brand1,sub_brand33,BOTELLA,NO RETORNABLE,330,0.559097111,10828.67188,84.99150085,2.047899961
1/23/2025,market1,manufacturer10,brand22,sub_brand13,BOTELLA,NO RETORNABLE,330,0.410525739,14398.11914,75.51679993,0.634599984
1/23/2025,market1,manufacturer11,brand19,sub_brand14,BOTELLA,NO RETORNABLE,500,0.123766519,42841.29297,39.16419983,1.736199975
1/23/2025,market1,ABI,brand3,sub_brand3,BOTELLA,RETORNABLE,1000,0.652641833,4588.694336,530.880127,0.552600026
1/23/2025,market1,manufacturer10,brand20,sub_brand3,BARRIL,NO RETORNABLE,,0.00042245,15749.875,0,0.040800001
1/23/2025,market1,manufacturer16,brand31,sub_brand2,LATA,NO RETORNABLE,500,0.021967201,20706.36328,0,1.038800001
1/23/2025,market1,ABI,brand16,sub_brand30,BOTELLA,RETORNABLE,330,0.176479861,8049.206543,4.572299957,0.0023
1/23/2025,market1,ABI,brand16,sub_brand3,LATA,NO RETORNABLE,330,33.4933815,9498.702148,52541.59375,57.46889877
1/23/2025,market1,manufacturer10,brand57,sub_brand24,BOTELLA,NO RETORNABLE,355,0.00464691,11221.0498,0,0.0138
1/23/2025,market1,manufacturer9,brand23,sub_brand2,BOTELLA,NO RETORNABLE,330,0.116422713,55081.21094,13.52490044,0.673699975
1/23/2025,market1,ABI,brand26,sub_brand9,BOTELLA,NO RETORNABLE,355,0.909452915,16491.89844,500.0910034,1.994400024
1/23/2025,market1,manufacturer42,brand75,sub_brand2,BOTELLA,NO RETORNABLE,330,0.091644302,78054.1875,12.7961998,0.522000015
1/23/2025,market1,manufacturer10,brand14,sub_brand3,LATA,NO RETORNABLE,330,1.866562366,8524.842773,552.984375,2.695899963
1/23/2025,market1,ABI,brand12,sub_brand3,BOTELLA,RETORNABLE,750,9.039679527,7229.152344,19805.66602,14.73779964
1/23/2025,market1,manufacturer10,brand20,sub_brand3,BOTELLA,NO RETORNABLE,330,2.021060228,13970.77637,639.1013184,6.80009985
1/23/2025,market1,ABI,brand25,sub_brand2,BARRIL,NO RETORNABLE,,0.0027459,10769.79785,0,0.167799994
1/23/2025,market1,ABI,brand81,sub_brand3,BOTELLA,NO RETORNABLE,355,1.066904783,8090.925293,529.9318237,3.54640007
1/23/2025,market1,manufacturer16,brand31,sub_brand2,LATA,NO RETORNABLE,500,0.068898603,41681.66406,8.272800446,0.090400003
1/23/2025,market1,manufacturer21,brand41,sub_brand3,LATA,NO RETORNABLE,330,0.00781525,28141.42383,0,0.2368
1/23/2025,market1,manufacturer11,brand19,sub_brand14,LATA,NO RETORNABLE,500,0.074465528,27550.31445,7.574500084,1.253000021
1/23/2025,market1,ABI,brand7,sub_brand38,BOTELLA,NO RETORNABLE,330,0.00021122,13030.30273,0,0.002
1/23/2025,market1,manufacturer10,brand14,sub_brand3,BOTELLA,RETORNABLE,750,2.420063496,5470.370117,5054.308594,5.265500069
1/23/2025,market1,ABI,brand16,sub_brand3,BOTELLA,RETORNABLE,1000,12.90477753,6267.233887,35267.46094,24.2234993
1/23/2025,market1,ABI,brand25,sub_brand2,LATA,NO RETORNABLE,250,0.01121692,14257.93652,0.072400004,0.0147
1/23/2025,market1,ABI,brand15,sub_brand3,LATA,NO RETORNABLE,355,0.00079958,6948.443848,0.521899998,0.0011
1/23/2025,market1,ABI,brand15,sub_brand3,LATA,NO RETORNABLE,330,2.065594196,7925.834473,1040.974243,2.906500101
1/23/2025,market1,ABI,brand16,sub_brand5,BOTELLA,NO RETORNABLE,330,0.075101987,9026.405273,68.1815033,0.0244
1/23/2025,market1,manufacturer5,brand6,sub_brand2,BOTELLA,NO RETORNABLE,500,0.0109836,40833.53125,0,0.454299986
1/23/2025,market1,manufacturer22,brand46,sub_brand37,BOTELLA,NO RETORNABLE,330,0.228332311,34321.08594,41.06639862,1.683500051
1/23/2025,market1,manufacturer10,brand20,sub_brand3,BOTELLA,RETORNABLE,330,0.00395072,18181.85156,0.344099998,0.0014
1/23/2025,market1,manufacturer11,brand19,sub_brand3,BOTELLA,NO RETORNABLE,330,0.046487998,42254.92188,3.35619998,0.062799998
1/23/2025,market1,manufacturer10,brand20,sub_brand3,LATA,NO RETORNABLE,330,0.266032636,11007.90918,34.07120132,0.38440001
1/23/2025,market1,ABI,brand26,sub_brand9,BOTELLA,NO RETORNABLE,210,0.397616923,15418.4668,130.5973053,0.476999998
1/23/2025,market1,manufacturer12,brand21,sub_brand8,BOTELLA,NO RETORNABLE,330,0.00910699,15151.51953,0,0.0241
1/23/2025,market1,ABI,brand12,sub_brand3,LATA,NO RETORNABLE,473,13.07275867,8133.860352,25936.49219,18.66250038
1/23/2025,market1,manufacturer22,brand46,sub_brand3,LATA,NO RETORNABLE,330,0.00739281,18280.62891,0,0.231399998
1/23/2025,market1,ABI,brand1,sub_brand7,BOTELLA,NO RETORNABLE,330,0.00084489,8829.178711,0,0.203999996
1/23/2025,market1,ABI,brand16,sub_brand5,LATA,NO RETORNABLE,296,0.016052781,8278.056641,21.00429916,0.098300003
1/23/2025,market1,ABI,brand61,sub_brand3,LATA,NO RETORNABLE,330,0.275443405,7990.583008,67.23419952,0.260199994
1/23/2025,market1,manufacturer29,brand77,sub_brand2,LATA,NO RETORNABLE,500,0.023956791,17060.12305,0,1.056399941
1/23/2025,market1,ABI,brand16,sub_brand5,LATA,NO RETORNABLE,330,15.14752674,9501.158203,12702.78906,33.12459946
1/23/2025,market1,manufacturer10,brand22,sub_brand2,BOTELLA,NO RETORNABLE,330,0.00021122,16666.66602,0,0.0003
1/23/2025,market1,ABI,brand12,sub_brand3,OTROS ENVASES,NO RETORNABLE,330,0.404406607,8607.19043,1203.59375,0.347600013
1/23/2025,market1,manufacturer38,brand80,sub_brand2,LATA,NO RETORNABLE,500,0.129262581,30691.20313,0.785399973,2.489700079
1/23/2025,market1,manufacturer14,brand27,sub_brand2,BOTELLA,NO RETORNABLE,300,0.054894719,29722.51367,21.38909912,2.018100023
1/23/2025,market1,manufacturer8,brand38,sub_brand2,LATA,NO RETORNABLE,330,0.03319801,36353.19531,2.59890008,0.768899977
1/23/2025,market1,manufacturer10,brand17,sub_brand3,BOTELLA,NO RETORNABLE,355,0.00937148,12394.36621,0.569299996,0.0003
1/23/2025,market1,ABI,brand1,sub_brand1,LATA,NO RETORNABLE,355,0.01290305,8926.083008,68.88690186,0.052099999
1/23/2025,market1,ABI,brand51,sub_brand3,LATA,NO RETORNABLE,269,9.2253685,11960.72168,3807.677979,23.29409981
1/23/2025,market1,manufacturer5,brand6,sub_brand2,LATA,NO RETORNABLE,500,0.01309583,28916.89063,0,0.388900012
1/23/2025,market1,ABI,brand15,sub_brand3,BOTELLA,RETORNABLE,330,7.246533394,11129.67285,11988.68652,8.659199715
1/23/2025,market1,manufacturer10,brand33,sub_brand3,LATA,NO RETORNABLE,330,4.272034168,7196.001953,1660.84375,5.131700039
1/23/2025,market1,ABI,brand16,sub_brand6,LATA,NO RETORNABLE,355,0.01038592,7042.349609,1.614899993,0.021500001
1/23/2025,market1,manufacturer21,brand41,sub_brand3,LATA,NO RETORNABLE,473,0.01246216,27095.39258,0,0.4463
1/23/2025,market1,ABI,brand1,sub_brand26,BOTELLA,NO RETORNABLE,330,0.065534323,9696.969727,0,0.027899999
1/23/2025,market1,manufacturer14,brand27,sub_brand2,BOTELLA,NO RETORNABLE,330,0.197834224,36111.67969,57.60269928,0.313600004
1/23/2025,market1,ABI,brand45,sub_brand2,BOTELLA,NO RETORNABLE,250,5.363415718,12691.73828,1950.615234,13.80440044
1/23/2025,market1,ABI,brand58,sub_brand3,LATA,NO RETORNABLE,330,1.052809119,5428.716797,270.2237854,2.867899895
1/23/2025,market1,ABI,brand16,sub_brand20,BOTELLA,RETORNABLE,330,0.599663198,9797.448242,208.2846985,0.987299979
1/23/2025,market1,ABI,brand45,sub_brand2,LATA,NO RETORNABLE,355,0.196489379,8257.106445,120.452301,0.483900011
1/23/2025,market1,manufacturer19,brand39,sub_brand2,BOTELLA,NO RETORNABLE,330,0.02575532,37272.70703,9.328000069,0.002
1/23/2025,market1,manufacturer10,brand22,sub_brand7,BOTELLA,NO RETORNABLE,330,1.249675632,19712.01172,144.7846985,4.112199783
1/23/2025,market1,manufacturer39,brand70,sub_brand3,BOTELLA,NO RETORNABLE,330,0.074862227,19474.31836,18.61389923,1.580500007
1/23/2025,market1,ABI,brand1,sub_brand32,LATA,NO RETORNABLE,330,0.033746559,12248.53125,11.68410015,0.0016
1/23/2025,market1,ABI,brand16,sub_brand3,BOTELLA,RETORNABLE,330,40.46601105,8992.188477,176906.6719,74.01699829
1/23/2025,market1,manufacturer28,brand55,sub_brand2,BOTELLA,NO RETORNABLE,500,0.01267338,54374.65234,0,0.423599988
1/23/2025,market1,ABI,brand3,sub_brand12,LATA,NO RETORNABLE,330,19.39837074,8706.808594,21339.97266,40.65140152
1/23/2025,market1,ABI,brand1,sub_brand1,LATA,NO RETORNABLE,473,7.640901566,8750.569336,9068.754883,13.19610023
1/23/2025,market1,ABI,brand25,sub_brand2,BOTELLA,NO RETORNABLE,300,7.564207554,15183.40918,2897.618408,19.32850075
1/23/2025,market1,ABI,brand1,sub_brand10,BOTELLA,RETORNABLE,330,0.150779292,10497.81543,3.580300093,0.118199997
1/23/2025,market1,manufacturer10,brand87,sub_brand3,LATA,NO RETORNABLE,269,0.00199916,11152.4248,0.1206,0.009
1/23/2025,market1,manufacturer32,brand62,sub_brand2,BOTELLA,NO RETORNABLE,330,0.147529766,52572.6875,11.9691,1.919999957
1/23/2025,market1,manufacturer10,brand57,sub_brand25,BOTELLA,NO RETORNABLE,250,0.204381943,7458.822266,85.3259964,1.352599978
1/23/2025,market1,ABI,brand16,sub_brand5,BOTELLA,RETORNABLE,1000,11.62170315,6204.869629,28496.39844,21.51099968
1/23/2025,market1,ABI,brand12,sub_brand3,BOTELLA,NO RETORNABLE,300,0.00021122,4895.833496,0,0.0024
1/23/2025,market1,ABI,brand7,sub_brand22,BOTELLA,NO RETORNABLE,330,0.0491191,14464.32715,1.608800054,0.722100019
1/23/2025,market1,manufacturer31,brand69,sub_brand2,LATA,NO RETORNABLE,330,0.027724739,11743.58203,0,0.99150002
1/23/2025,market1,ABI,brand1,sub_brand1,LATA,NO RETORNABLE,269,2.378181458,8134.711426,357.2518005,4.924799919
1/23/2025,market1,manufacturer10,brand57,sub_brand25,LATA,NO RETORNABLE,330,0.208865061,8878.303711,236.7444,0.253199995
1/23/2025,market1,ABI,brand12,sub_brand21,BOTELLA,RETORNABLE,330,0.056960929,9695.364258,47.1257019,0.111199997
1/23/2025,market1,ABI,brand16,sub_brand20,LATA,NO RETORNABLE,355,0.01038592,8845.193359,2.28309989,0.021500001
1/23/2025,market1,ABI,brand12,sub_brand21,LATA,NO RETORNABLE,330,0.00021122,124242.4219,0,0.0004
1/23/2025,market1,ABI,brand16,sub_brand5,BOTELLA,RETORNABLE,750,5.389502048,7306.469727,13218.5918,9.70470047
1/23/2025,market1,ABI,brand16,sub_brand6,BOTELLA,RETORNABLE,330,0.02125443,21212.50391,8.785200119,0.0012
1/23/2025,market1,ABI,brand1,sub_brand26,LATA,NO RETORNABLE,355,0.00208315,7383.98584,0.587000012,0.0098
1/23/2025,market1,manufacturer10,brand14,sub_brand3,LATA,NO RETORNABLE,473,9.67874527,7461.759277,10143.73145,12.82499981
1/23/2025,market1,manufacturer16,brand31,sub_brand2,BOTELLA,NO RETORNABLE,500,0.183063477,33751.6875,46.91989899,2.453999996
1/23/2025,market1,ABI,brand1,sub_brand10,LATA,NO RETORNABLE,330,0.215207994,9228.633789,9.72480011,0.055799998
1/23/2025,market1,manufacturer17,brand34,sub_brand2,LATA,NO RETORNABLE,330,0.00826267,5039.411621,3.334800005,0.0288
1/23/2025,market1,manufacturer37,brand67,sub_brand2,BOTELLA,NO RETORNABLE,330,0.00316835,37582.1875,0,0.119400002
1/23/2025,market1,ABI,brand16,sub_brand5,BOTELLA,NO RETORNABLE,300,0.05111444,10000,16.02840042,0.0103
1/23/2025,market1,ABI,brand73,sub_brand15,LATA,NO RETORNABLE,330,1.057388544,5257.013184,687.7163086,1.792199969
1/23/2025,market1,ABI,brand16,sub_brand3,LATA,NO RETORNABLE,355,0.121936023,7835.90625,154.4149933,0.055100001
1/23/2025,market1,ABI,brand1,sub_brand7,LATA,NO RETORNABLE,355,0.01038592,8934.676758,22.41309929,0.0285
1/23/2025,market1,manufacturer45,brand79,sub_brand2,BOTELLA,NO RETORNABLE,500,0.05171727,33645.0625,5.361700058,0.551500022
1/23/2025,market1,ABI,brand1,sub_brand1,BOTELLA,RETORNABLE,330,24.70994949,11437.40918,31643.47461,56.76610184
1/23/2025,market1,manufacturer10,brand57,sub_brand25,BOTELLA,NO RETORNABLE,300,3.373806,9206.496094,5973.907227,8.822899818
1/23/2025,market1,manufacturer3,brand11,sub_brand2,BOTELLA,NO RETORNABLE,330,0.01007488,36363.61328,0,0.056400001
1/23/2025,market1,manufacturer3,brand11,sub_brand2,BOTELLA,NO RETORNABLE,330,0.023627499,27304.01563,0.068999998,1.060600042
1/23/2025,market1,ABI,brand1,sub_brand33,BOTELLA,RETORNABLE,330,0.110653661,10035.48242,11.66969967,0.0964
1/23/2025,market1,manufacturer10,brand22,sub_brand13,BOTELLA,NO RETORNABLE,300,3.284445524,15832.96484,834.8491211,7.912799835
1/23/2025,market1,manufacturer10,brand20,sub_brand3,LATA,NO RETORNABLE,473,2.649591923,9000.993164,1788.016479,5.569300175
1/23/2025,market1,manufacturer22,brand46,sub_brand2,BOTELLA,NO RETORNABLE,250,0.020066191,18794.70117,0,1.164499998
1/23/2025,market1,manufacturer18,brand37,sub_brand2,BOTELLA,NO RETORNABLE,330,0.094404079,28609.17773,31.45809937,0.1206
1/23/2025,market1,manufacturer22,brand46,sub_brand2,BOTELLA,NO RETORNABLE,330,0.36256659,41840.09375,143.6138,2.570199966
1/23/2025,market1,manufacturer22,brand46,sub_brand2,BOTELLA,NO RETORNABLE,500,0.052228279,40787.30859,8.476599693,0.829200029
1/23/2025,market1,manufacturer36,brand66,sub_brand2,LATA,NO RETORNABLE,500,0.35415411,28676.7168,36.4695015,2.916599989
1/23/2025,market1,ABI,brand1,sub_brand1,BOTELLA,NO RETORNABLE,330,0.258722454,9575.476563,74.56809998,2.335999966
1/23/2025,market1,ABI,brand44,sub_brand15,LATA,NO RETORNABLE,330,0.094562687,5178.236328,8.8895998,0.977100015
1/23/2025,market1,manufacturer34,brand64,sub_brand2,BOTELLA,NO RETORNABLE,750,0.01309583,83207.52344,0,0.439399987
1/23/2025,market1,ABI,brand7,sub_brand15,BARRIL,NO RETORNABLE,,0.00021122,6026.513672,0,0.0081
1/23/2025,market1,manufacturer22,brand46,sub_brand37,LATA,NO RETORNABLE,330,0.022178421,26270.79297,0,0.945599973
1/23/2025,market1,ABI,brand16,sub_brand5,BOTELLA,RETORNABLE,250,0.234394222,10800.94043,562.5916138,1.007400036
1/23/2025,market1,ABI,brand45,sub_brand2,BOTELLA,RETORNABLE,250,2.658801317,12208.93262,957.1203003,6.269899845
1/23/2025,market1,ABI,brand61,sub_brand3,BOTELLA,NO RETORNABLE,275,0.312372744,12112.47266,27.1590004,0.220500007
1/23/2025,market1,manufacturer6,brand29,sub_brand2,BOTELLA,NO RETORNABLE,330,0.00021122,10157.45215,0,0.025699999
1/23/2025,market1,manufacturer25,brand49,sub_brand2,BOTELLA,NO RETORNABLE,330,0.00080746,35956.62109,0,0.0046
1/23/2025,market1,manufacturer10,brand14,sub_brand3,LATA,NO RETORNABLE,310,8.621834755,8025.972656,6595.260742,16.41699982
1/23/2025,market1,manufacturer10,brand14,sub_brand5,BOTELLA,NO RETORNABLE,250,0.318408757,9036.886719,523.8864136,2.837500095
1/23/2025,market1,manufacturer10,brand20,sub_brand3,BOTELLA,NO RETORNABLE,250,5.679940701,13355.40527,2980.633057,15.87209988
1/23/2025,market1,manufacturer8,brand38,sub_brand2,BOTELLA,NO RETORNABLE,330,0.00766569,41100.56641,0.0059,0.432700008
1/23/2025,market1,manufacturer7,brand9,sub_brand2,BOTELLA,NO RETORNABLE,330,0.00051103,22414.67383,0,0.0209
1/23/2025,market1,manufacturer10,brand14,sub_brand5,LATA,NO RETORNABLE,330,0.330865175,7840.828125,47.08919907,1.031999946
1/23/2025,market1,ABI,brand50,sub_brand9,BOTELLA,NO RETORNABLE,207,0.038079679,13725.24219,20.44440079,0.033599999
1/23/2025,market1,manufacturer24,brand48,sub_brand2,BOTELLA,NO RETORNABLE,330,0.00491979,47296.19922,0.023800001,0.1061
1/23/2025,market1,manufacturer45,brand79,sub_brand2,LATA,NO RETORNABLE,500,0.01626418,28159.19922,0,0.45629999
1/23/2025,market1,manufacturer22,brand46,sub_brand2,BOTELLA,RETORNABLE,330,0.171267837,20413.49805,5.116700172,0.586899996
1/23/2025,market1,ABI,brand15,sub_brand3,BOTELLA,RETORNABLE,300,0.073109306,11673.49414,61.63890076,0.201399997
1/23/2025,market1,ABI,brand12,sub_brand3,BOTELLA,RETORNABLE,1000,15.42490101,6204.060547,52654.19531,28.45840073
1/23/2025,market1,ABI,brand71,sub_brand3,BOTELLA,RETORNABLE,175,10.70824432,15735.76074,11684.66309,28.35420036
1/23/2025,market1,ABI,brand7,sub_brand23,LATA,NO RETORNABLE,269,0.230210766,12720.35938,10.5085001,0.270900011
1/23/2025,market1,ABI,brand1,sub_brand26,BOTELLA,RETORNABLE,330,2.861166477,11788.01758,892.6276855,7.171599865
1/23/2025,market1,manufacturer22,brand46,sub_brand2,LATA,NO RETORNABLE,330,0.071481988,29415.51758,0,1.220999956
1/23/2025,market1,ABI,brand12,sub_brand3,BOTELLA,RETORNABLE,330,35.86832047,9156.573242,116666.4531,68.77829742
1/23/2025,market1,manufacturer16,brand43,sub_brand2,BOTELLA,NO RETORNABLE,500,0.038964432,22624.52344,37.55820084,1.680999994
1/23/2025,market1,ABI,brand32,sub_brand2,BOTELLA,RETORNABLE,250,0.025636571,4800,149.7270966,0.0138
1/23/2025,market1,manufacturer10,brand33,sub_brand3,LATA,NO RETORNABLE,269,0.057880022,8031.378418,34.93119812,0.0407
1/23/2025,market1,ABI,brand1,sub_brand1,LATA,NO RETORNABLE,330,24.32189941,9735.762695,19535.15039,44.16650009
1/23/2025,market1,manufacturer17,brand34,sub_brand3,BOTELLA,RETORNABLE,330,0.01049088,36363.63672,0.276300013,0.0017
1/23/2025,market1,ABI,brand16,sub_brand6,BOTELLA,NO RETORNABLE,330,0.00049207,8484.853516,0.296000004,0.0005
1/23/2025,market1,manufacturer10,brand14,sub_brand3,LATA,NO RETORNABLE,269,0.801898241,7548.56543,767.6386108,5.19990015
1/23/2025,market1,ABI,brand81,sub_brand3,LATA,NO RETORNABLE,269,5.095300198,8770.452148,556.8607178,7.565999985
1/23/2025,market1,ABI,brand16,sub_brand30,LATA,NO RETORNABLE,269,0.00728937,7373.303223,5.21969986,0.0012
1/23/2025,market1,ABI,brand61,sub_brand3,LATA,NO RETORNABLE,269,0.07160458,11152.42285,0.663600028,0.056699999
1/23/2025,market1,manufacturer38,brand68,sub_brand2,LATA,NO RETORNABLE,500,0.00367938,23839.50391,0,0.295599997
1/23/2025,market1,ABI,brand25,sub_brand2,LATA,NO RETORNABLE,330,0.0027459,11703.08203,0,0.004
1/23/2025,market1,ABI,brand26,sub_brand9,LATA,NO RETORNABLE,269,9.866317749,12560.40625,3707.106201,21.91399956
1/23/2025,market1,ABI,brand26,sub_brand9,BOTELLA,RETORNABLE,330,10.57896709,18051.7793,6489.921387,23.97220039
1/23/2025,market1,manufacturer10,brand20,sub_brand3,BOTELLA,RETORNABLE,250,1.438880444,13399.88672,1439.079956,4.700699806
1/23/2025,market1,manufacturer10,brand22,sub_brand18,BOTELLA,NO RETORNABLE,330,0.982706249,15822.41504,141.2480011,4.034100056
1/23/2025,market1,manufacturer10,brand17,sub_brand3,LATA,NO RETORNABLE,269,1.098617196,9832.916992,199.572403,1.626000047
1/23/2025,market1,ABI,brand51,sub_brand3,LATA,NO RETORNABLE,296,0.04969665,11824.31934,2.625200033,0.0087
1/23/2025,market1,manufacturer10,brand14,sub_brand3,BOTELLA,NO RETORNABLE,300,0.525660336,8646.942383,238.7288055,0.796700001
1/23/2025,market1,manufacturer10,brand14,sub_brand5,LATA,NO RETORNABLE,269,0.556193352,7898.776367,1002.854309,5.019199848
1/23/2025,market1,manufacturer10,brand14,sub_brand5,LATA,NO RETORNABLE,310,2.452185392,7862.836426,1557.273804,9.082799911
1/23/2025,market1,manufacturer10,brand20,sub_brand17,BOTELLA,NO RETORNABLE,330,0.074454248,11583.85938,17.15789986,0.275700003
1/23/2025,market1,ABI,brand7,sub_brand4,LATA,NO RETORNABLE,269,0.626159728,12231.00293,85.23560333,4.225800037
1/23/2025,market1,manufacturer7,brand9,sub_brand2,LATA,NO RETORNABLE,330,0.01574349,14342.02539,0,0.514199972
1/23/2025,market1,ABI,brand1,sub_brand32,BOTELLA,RETORNABLE,330,0.2594015,10796.34961,28.12599945,0.211099997
1/23/2025,market1,manufacturer10,brand20,sub_brand17,LATA,NO RETORNABLE,250,0.798988044,11731.90332,392.5815125,4.98360014
1/23/2025,market1,ABI,brand3,sub_brand12,LATA,NO RETORNABLE,269,0.085013151,8955.542969,48.15710068,0.1417
1/23/2025,market1,manufacturer27,brand54,sub_brand2,BOTELLA,NO RETORNABLE,330,0.125182226,53773.30469,37.4233017,0.718900025
1/23/2025,market1,manufacturer22,brand46,sub_brand2,LATA,NO RETORNABLE,,0.136815816,30240.08203,13.70979977,0.684000015
1/23/2025,market1,manufacturer11,brand19,sub_brand3,BOTELLA,NO RETORNABLE,500,0.0329508,28086.48242,0,1.369899988
1/23/2025,market1,ABI,brand42,sub_brand5,LATA,NO RETORNABLE,330,0.04113616,8981.011719,1.346099973,0.075300001
1/23/2025,market1,manufacturer28,brand55,sub_brand2,BOTELLA,NO RETORNABLE,330,0.0551962,56718.24609,8.580400467,0.591899991
1/23/2025,market1,manufacturer10,brand22,sub_brand27,BOTELLA,NO RETORNABLE,330,0.646724105,17385.59961,138.451004,3.418299913
1/23/2025,market1,ABI,brand1,sub_brand34,BOTELLA,RETORNABLE,,6.66327858,7233.020508,10416.17969,15.58530045
1/23/2025,market1,manufacturer30,brand59,sub_brand2,BOTELLA,NO RETORNABLE,500,0.047375619,29681.08789,0.017999999,1.980399966
1/23/2025,market1,ABI,brand32,sub_brand2,BOTELLA,RETORNABLE,330,3.102506161,5883.930176,4303.640137,7.638500214
1/23/2025,market1,manufacturer10,brand22,sub_brand13,LATA,NO RETORNABLE,269,2.11466074,12506.80762,748.9415283,6.795800209
1/23/2025,market1,manufacturer44,brand78,sub_brand2,BOTELLA,NO RETORNABLE,750,0.0054918,77167.35938,0,0.144400001
1/23/2025,market1,manufacturer8,brand10,sub_brand2,LATA,NO RETORNABLE,330,0.02118396,35133.52344,0.0059,0.661199987
1/23/2025,market1,ABI,brand45,sub_brand2,BOTELLA,NO RETORNABLE,,0.00021122,7380.952637,0,0.0031
1/23/2025,market1,ABI,brand36,sub_brand3,LATA,NO RETORNABLE,330,0.706723332,5444.655273,72.95069885,2.330899954
1/23/2025,market1,manufacturer26,brand53,sub_brand2,BOTELLA,NO RETORNABLE,330,0.00042245,49127.60938,0,0.006
1/23/2025,market1,manufacturer3,brand11,sub_brand2,BOTELLA,NO RETORNABLE,500,0.02830389,26147.27344,0,1.373900056
1/23/2025,market1,ABI,brand12,sub_brand3,LATA,NO RETORNABLE,330,30.65841866,9363.306641,46178.14453,50.3783989
1/23/2025,market1,manufacturer10,brand20,sub_brand3,LATA,NO RETORNABLE,269,1.683257222,11894.18066,623.4785156,2.059600115
1/23/2025,market1,manufacturer10,brand17,sub_brand3,BOTELLA,NO RETORNABLE,250,1.114719629,12796.79395,354.7121887,3.571399927
1/23/2025,market1,manufacturer10,brand14,sub_brand5,LATA,NO RETORNABLE,,0.00095464,10970.38086,0.419800013,0.0006
1/23/2025,market1,manufacturer11,brand19,sub_brand3,LATA,NO RETORNABLE,500,0.133520663,27044.79297,6.928599834,2.060199976
1/23/2025,market1,ABI,brand3,sub_brand12,BOTELLA,NO RETORNABLE,320,0.041000322,6649.848633,35.28079987,0.036600001
1/23/2025,market1,ABI,brand16,sub_brand3,BOTELLA,RETORNABLE,250,0.062662199,11381.27734,114.4494019,0.557200015
1/23/2025,market1,ABI,brand84,sub_brand37,BOTELLA,NO RETORNABLE,355,0.284712046,16719.81445,131.614502,1.278399944
1/23/2025,market1,ABI,brand12,sub_brand3,BOTELLA,NO RETORNABLE,330,0.01038592,7011.595215,336.4606934,0.0285
1/23/2025,market1,ABI,brand1,sub_brand7,BOTELLA,RETORNABLE,330,3.164664984,12369.31934,1048.180542,7.261700153
1/23/2025,market1,ABI,brand3,sub_brand3,BOTELLA,RETORNABLE,350,0.258256406,1974.759644,398.5101013,0.256099999
1/23/2025,market1,ABI,brand1,sub_brand7,LATA,NO RETORNABLE,330,3.718979836,11031.04199,1494.10437,7.114999771
1/23/2025,market1,ABI,brand45,sub_brand2,LATA,NO RETORNABLE,269,26.21888733,10319.25781,21240.43945,52.72470093
1/23/2025,market1,manufacturer7,brand9,sub_brand2,LATA,NO RETORNABLE,500,0.0038906,26760.29883,0,0.116899997
1/23/2025,market1,manufacturer10,brand35,sub_brand2,LATA,NO RETORNABLE,330,0.819980323,6464.703613,541.5460815,3.724900007
1/23/2025,market1,ABI,brand50,sub_brand9,BOTELLA,NO RETORNABLE,210,27.73651505,15925.04395,24807.22656,62.77999878
1/23/2025,market1,manufacturer3,brand11,sub_brand2,LATA,NO RETORNABLE,500,0.122653671,24080.78125,1.169199944,2.501300097
1/23/2025,market1,manufacturer26,brand53,sub_brand2,BOTELLA,NO RETORNABLE,250,0.210802406,56504.03516,18.12660027,2.239500046
1/23/2025,market1,ABI,brand15,sub_brand3,BOTELLA,RETORNABLE,1000,3.799332619,6784.477051,9087.569336,4.658199787
1/23/2025,market1,ABI,brand12,sub_brand16,LATA,NO RETORNABLE,330,0.390861243,9330.109375,94.92459869,0.3477
1/23/2025,market1,ABI,brand7,sub_brand40,BOTELLA,NO RETORNABLE,330,0.888975143,14723.13965,113.8444977,5.097199917
1/23/2025,market1,ABI,brand3,sub_brand3,LATA,NO RETORNABLE,330,3.308478594,5419.419434,4837.337402,6.959599972
1/23/2025,market1,manufacturer22,brand46,sub_brand37,LATA,NO RETORNABLE,500,0.04731397,23188.85547,0,1.975800037
1/23/2025,market1,manufacturer10,brand57,sub_brand25,BOTELLA,RETORNABLE,330,0.073072433,6890.483398,135.3058014,0.123099998
1/23/2025,market1,manufacturer10,brand90,sub_brand3,LATA,NO RETORNABLE,330,0.170217261,5007.248535,478.6513977,0.355800003
1/23/2025,market1,ABI,brand16,sub_brand3,LATA,NO RETORNABLE,269,3.496744633,9202.980469,2351.804199,8.264800072
1/23/2025,market1,manufacturer7,brand9,sub_brand2,BOTELLA,NO RETORNABLE,650,0.02851511,9881.023438,0,1.349400043
1/23/2025,market1,manufacturer10,brand14,sub_brand3,BOTELLA,NO RETORNABLE,250,0.33684805,9318.740234,10.9975996,0.331400007
1/23/2025,market1,manufacturer2,brand2,sub_brand2,BOTELLA,NO RETORNABLE,,0.030172391,21276.59766,0,0.0042
1/23/2025,market1,manufacturer22,brand46,sub_brand2,LATA,NO RETORNABLE,500,0.056377299,21416.03711,13.87559986,0.984200001
1/23/2025,market1,manufacturer10,brand17,sub_brand3,LATA,NO RETORNABLE,310,1.236151218,7549.196777,613.0343018,6.258399963
1/23/2025,market1,ABI,brand12,sub_brand3,BOTELLA,RETORNABLE,250,1.087198019,10170.10156,2412.739258,2.832799911
1/23/2025,market1,manufacturer8,brand10,sub_brand2,BOTELLA,NO RETORNABLE,330,0.00697036,46195.50391,0,0.493200004
1/23/2025,market1,manufacturer16,brand43,sub_brand2,BOTELLA,NO RETORNABLE,500,0.145179927,32385.54297,16.40620041,2.161000013
1/23/2025,market1,ABI,brand16,sub_brand3,BOTELLA,RETORNABLE,750,3.72492218,7863.506348,12660.49219,8.835700035
1/23/2025,market1,manufacturer10,brand57,sub_brand25,LATA,NO RETORNABLE,310,1.22558558,8872.769531,922.1135254,6.759300232
1/23/2025,market1,ABI,brand3,sub_brand3,BOTELLA,RETORNABLE,330,13.20855522,6398.472656,33735.05078,32.37459946
1/23/2025,market1,ABI,brand1,sub_brand26,LATA,NO RETORNABLE,330,4.34287262,10961.2959,2868.626221,7.113299847
1/23/2025,market1,manufacturer11,brand19,sub_brand3,BOTELLA,NO RETORNABLE,500,0.255362958,35146.28906,125.1465988,2.346999884
1/23/2025,market1,manufacturer46,brand82,sub_brand3,LATA,NO RETORNABLE,330,36.14150238,7734.669434,7527.969238,69.37850189
1/23/2025,market1,manufacturer46,brand82,sub_brand3,BOTELLA,NO RETORNABLE,330,0.045143809,9090.90918,2.523900032,0.030300001
1/23/2025,market1,manufacturer46,brand82,sub_brand36,LATA,NO RETORNABLE,330,0.017208951,7807.094727,1.501899958,0.045400001
1/23/2025,market1,manufacturer10,brand89,sub_brand3,LATA,NO RETORNABLE,310,24.35977745,8497.432617,3346.993896,48.03699875
1/23/2025,market1,manufacturer46,brand82,sub_brand3,BOTELLA,NO RETORNABLE,400,0.00042692,4500.032715,0,0.0118
1/23/2025,market1,manufacturer46,brand82,sub_brand3,BOTELLA,NO RETORNABLE,1500,17.27816772,3920.034912,6915.00293,40.52980042
1/23/2025,market1,manufacturer46,brand82,sub_brand35,LATA,NO RETORNABLE,330,0.00312686,8477.564453,0.752399981,0.0115
1/23/2025,market1,manufacturer10,brand89,sub_brand3,BOTELLA,NO RETORNABLE,330,0.0334571,8353.425781,16.59110069,0.0211
1/23/2025,market1,manufacturer10,brand89,sub_brand3,BOTELLA,NO RETORNABLE,1500,6.129147053,3554.337402,2137.726563,11.48740005
1/23/2025,market1,manufacturer46,brand82,sub_brand39,LATA,NO RETORNABLE,330,1.922202468,8993.605469,163.8471069,4.293499947
1/23/2025,market1,manufacturer46,brand82,sub_brand3,BOTELLA,RETORNABLE,330,17.22211838,8630.536133,7723.832031,44.54930115
12/23/2024,market1,ABI,brand16,sub_brand5,LATA,NO RETORNABLE,300,0.052707721,10002.69531,2.755199909,0.113799997
12/23/2024,market1,ABI,brand1,sub_brand33,LATA,NO RETORNABLE,330,3.651065826,10295.24707,1804.943237,10.53050041
12/23/2024,market1,manufacturer39,brand70,sub_brand3,LATA,NO RETORNABLE,330,0.040635262,16803.72656,0.206699997,1.696200013
12/23/2024,market1,manufacturer10,brand14,sub_brand5,BOTELLA,NO RETORNABLE,250,0.366399467,9044.074219,569.7600098,4.007699966
12/23/2024,market1,ABI,brand12,sub_brand26,LATA,NO RETORNABLE,355,0.069336213,8450.708984,1.567999959,0.040399998
12/23/2024,market1,ABI,brand51,sub_brand3,LATA,NO RETORNABLE,296,0.059696909,11161.00391,3.583300114,0.0175
12/23/2024,market1,ABI,brand16,sub_brand5,BOTELLA,RETORNABLE,330,36.61753082,9599.645508,88519.30469,70.96070099
12/23/2024,market1,manufacturer10,brand14,sub_brand5,LATA,NO RETORNABLE,330,0.361607432,7959.507324,54.42060089,1.746399999
12/23/2024,market1,manufacturer3,brand11,sub_brand2,BOTELLA,NO RETORNABLE,330,0.080470912,36504.13672,3.980799913,0.165700004
12/23/2024,market1,ABI,brand45,sub_brand2,LATA,NO RETORNABLE,355,0.193605244,8679.666016,136.5771942,0.371499985
12/23/2024,market1,manufacturer22,brand46,sub_brand2,BOTELLA,NO RETORNABLE,500,0.088375524,39201.39844,10.65139961,1.551200032
12/23/2024,market1,ABI,brand16,sub_brand5,LATA,NO RETORNABLE,330,14.50308609,8869.489258,13201.90723,32.74359894
12/23/2024,market1,manufacturer22,brand46,sub_brand2,BOTELLA,NO RETORNABLE,750,0.00569961,73334.10938,5.325699806,0.031500001
12/23/2024,market1,ABI,brand12,sub_brand3,OTROS ENVASES,NO RETORNABLE,330,0.374309778,8706.538086,1189.1698,0.353100002
12/23/2024,market1,manufacturer10,brand20,sub_brand3,LATA,NO RETORNABLE,310,11.4487257,8847.94043,6530.678711,25.62409973
12/23/2024,market1,manufacturer11,brand19,sub_brand3,BOTELLA,NO RETORNABLE,330,0.054150969,49472.41797,2.813899994,0.059300002
12/23/2024,market1,manufacturer10,brand33,sub_brand3,BOTELLA,RETORNABLE,750,3.327772856,4913.312012,8730.548828,6.722499847
12/23/2024,market1,manufacturer8,brand38,sub_brand2,LATA,NO RETORNABLE,330,0.03889079,34645.49219,2.121999979,1.144600034
12/23/2024,market1,manufacturer17,brand34,sub_brand3,BOTELLA,RETORNABLE,330,0.0099804,36363.63672,0.966300011,0.0017
12/23/2024,market1,manufacturer10,brand20,sub_brand3,LATA,NO RETORNABLE,269,1.854343534,11887.33398,736.1734009,2.405200005
12/23/2024,market1,manufacturer9,brand13,sub_brand2,BOTELLA,NO RETORNABLE,330,0.178043827,58043.26953,29.19659996,3.427900076
12/23/2024,market1,ABI,brand16,sub_brand30,BOTELLA,RETORNABLE,330,0.237646803,8092.645508,36.0019989,0.088100001
12/23/2024,market1,ABI,brand36,sub_brand3,LATA,NO RETORNABLE,330,0.613645315,5554.69873,65.2039032,1.744500041
12/23/2024,market1,manufacturer28,brand55,sub_brand2,BOTELLA,NO RETORNABLE,330,0.02167931,54015.14063,10.52110004,0.800199986
12/23/2024,market1,manufacturer10,brand20,sub_brand3,BOTELLA,RETORNABLE,330,0.03518619,9052.492188,0.114,0.261500001
12/23/2024,market1,ABI,brand16,sub_brand3,LATA,NO RETORNABLE,269,3.599418879,9013.013672,2806.494385,9.419599533
12/23/2024,market1,ABI,brand7,sub_brand40,BOTELLA,NO RETORNABLE,330,0.851345897,13714.68945,78.04090118,6.684800148
12/23/2024,market1,manufacturer10,brand14,sub_brand5,LATA,NO RETORNABLE,,0.00078682,10548.4707,0.430200011,0.0004
12/23/2024,market1,ABI,brand12,sub_brand3,BOTELLA,RETORNABLE,1000,15.13299179,6187.845215,57622.02344,28.92519951
12/23/2024,market1,manufacturer10,brand14,sub_brand3,BOTELLA,RETORNABLE,750,2.443193674,5488.155762,5563.941406,5.728000164
12/23/2024,market1,ABI,brand1,sub_brand33,BOTELLA,RETORNABLE,330,0.121089108,9266.421875,6.071800232,0.167899996
12/23/2024,market1,manufacturer10,brand22,sub_brand27,BOTELLA,NO RETORNABLE,330,0.719149351,18090.92383,57.38219833,4.148600101
12/23/2024,market1,manufacturer42,brand75,sub_brand2,BOTELLA,NO RETORNABLE,330,0.090346932,76334.84375,12.81980038,1.042500019
12/23/2024,market1,manufacturer28,brand55,sub_brand2,BOTELLA,NO RETORNABLE,500,0.01410567,52133.44922,0,0.666100025
12/23/2024,market1,manufacturer10,brand20,sub_brand3,LATA,NO RETORNABLE,330,0.281696618,10925.24902,18.02330017,0.475100011
12/23/2024,market1,ABI,brand15,sub_brand3,LATA,NO RETORNABLE,355,0.01538134,11267.74902,1.613299966,0.0195
12/23/2024,market1,manufacturer7,brand9,sub_brand2,LATA,NO RETORNABLE,500,0.00519138,26829.05273,0,0.211600006
12/23/2024,market1,manufacturer16,brand43,sub_brand2,BOTELLA,NO RETORNABLE,500,0.095684007,29524.71875,15.32579994,3.267800093
12/23/2024,market1,ABI,brand83,sub_brand3,BOTELLA,NO RETORNABLE,330,0.242286578,16010.49023,69.85320282,4.489299774
12/23/2024,market1,ABI,brand7,sub_brand38,BOTELLA,NO RETORNABLE,330,0.00021372,13997.17969,0,0.043499999
12/23/2024,market1,manufacturer22,brand46,sub_brand2,LATA,NO RETORNABLE,500,0.00897634,16784.69922,0,1.040099978
12/23/2024,market1,manufacturer6,brand29,sub_brand2,BOTELLA,NO RETORNABLE,330,0.00021372,10157.48633,0,0.045899998
12/23/2024,market1,manufacturer10,brand22,sub_brand13,BOTELLA,NO RETORNABLE,330,0.670601904,16810.79297,79.25,0.725300014
12/23/2024,market1,manufacturer10,brand14,sub_brand3,BOTELLA,NO RETORNABLE,300,0.491980612,8555.5,392.0849915,0.711399972
12/23/2024,market1,ABI,brand1,sub_brand1,LATA,NO RETORNABLE,269,2.150796175,8338.564453,383.1846924,3.725399971
12/23/2024,market1,ABI,brand16,sub_brand5,BOTELLA,RETORNABLE,750,5.486871719,7295.418945,12205.50781,9.454899788
12/23/2024,market1,manufacturer22,brand46,sub_brand37,LATA,NO RETORNABLE,500,0.045095399,22728.44922,0,2.943500042
12/23/2024,market1,ABI,brand15,sub_brand3,BOTELLA,RETORNABLE,750,0.00060915,8244.005859,1.486500025,0.0004
12/23/2024,market1,ABI,brand50,sub_brand9,BOTELLA,RETORNABLE,210,5.403978348,17851.11328,3721.891846,13.94470024
12/23/2024,market1,ABI,brand7,sub_brand4,BOTELLA,NO RETORNABLE,330,0.759390175,13970.23828,74.75409698,5.316500187
12/23/2024,market1,manufacturer10,brand22,sub_brand13,BOTELLA,NO RETORNABLE,750,0.065185301,26583.99023,0,2.520800114
12/23/2024,market1,ABI,brand73,sub_brand15,LATA,NO RETORNABLE,330,1.234353423,5358.299316,576.6665039,1.809700012
12/23/2024,market1,manufacturer10,brand57,sub_brand25,LATA,NO RETORNABLE,310,1.222067237,8534.573242,940.0048218,8.571900368
12/23/2024,market1,ABI,brand61,sub_brand3,LATA,NO RETORNABLE,269,0.069054343,11152.41797,0.765799999,0.029899999
12/23/2024,market1,ABI,brand15,sub_brand3,BOTELLA,RETORNABLE,330,7.100169182,11014.98438,13270.76855,9.149700165
12/23/2024,market1,manufacturer7,brand9,sub_brand2,LATA,NO RETORNABLE,330,0.01696942,13491.44043,0.241099998,0.894699991
12/23/2024,market1,manufacturer26,brand53,sub_brand2,BOTELLA,NO RETORNABLE,330,0.00042744,43143.57422,0,0.009
12/23/2024,market1,manufacturer13,brand24,sub_brand2,LATA,NO RETORNABLE,500,0.13825582,32160.15234,10.34819984,2.089799881
12/23/2024,market1,manufacturer10,brand14,sub_brand5,BOTELLA,RETORNABLE,330,3.01970458,8724.260742,4237.558594,6.430600166
12/23/2024,market1,ABI,brand25,sub_brand2,BOTELLA,NO RETORNABLE,300,7.236170292,14827.60547,3006.764404,20.41460037
12/23/2024,market1,manufacturer10,brand22,sub_brand18,BOTELLA,NO RETORNABLE,330,1.132182956,16605.25977,123.3072968,5.849100113
12/23/2024,market1,manufacturer16,brand31,sub_brand2,LATA,NO RETORNABLE,500,0.02500551,13960.22168,0,2.077199936
12/23/2024,market1,ABI,brand1,sub_brand26,LATA,NO RETORNABLE,330,4.706026554,10769.53711,2811.657227,9.336000443
12/23/2024,market1,ABI,brand1,sub_brand1,BOTELLA,NO RETORNABLE,900,0.00042744,9866.860352,0,0.0084
12/23/2024,market1,ABI,brand32,sub_brand2,BOTELLA,RETORNABLE,330,3.216251612,5895.818359,4790.232422,8.305100441
12/23/2024,market1,manufacturer26,brand53,sub_brand2,BOTELLA,NO RETORNABLE,250,0.19395183,58362.90625,7.973999977,3.528899908
12/23/2024,market1,manufacturer22,brand46,sub_brand2,LATA,NO RETORNABLE,,0.099485703,34290.58203,4.658400059,1.087599993
12/23/2024,market1,manufacturer10,brand33,sub_brand3,BOTELLA,RETORNABLE,330,6.006320953,6103.072754,10660.45117,12.53689957
12/23/2024,market1,manufacturer10,brand33,sub_brand3,LATA,NO RETORNABLE,355,0.14002198,6978.721191,60.75350189,0.108099997
12/23/2024,market1,ABI,brand16,sub_brand5,BOTELLA,RETORNABLE,250,0.382894188,10621.84668,741.2998047,0.989300013
12/23/2024,market1,manufacturer10,brand14,sub_brand3,LATA,NO RETORNABLE,310,9.169376373,6629.347168,7405.760254,18.25970078
12/23/2024,market1,manufacturer8,brand10,sub_brand2,BOTELLA,NO RETORNABLE,330,0.00705284,41034.54688,0,0.853699982
12/23/2024,market1,manufacturer9,brand13,sub_brand2,BOTELLA,NO RETORNABLE,750,0.01453312,38177.65625,0,0.868399978
12/23/2024,market1,ABI,brand1,sub_brand7,BOTELLA,NO RETORNABLE,330,0.047427628,8808.533203,14.9751997,0.787800014
12/23/2024,market1,manufacturer10,brand33,sub_brand3,LATA,NO RETORNABLE,269,0.054270521,8032.593262,34.53160095,0.0491
12/23/2024,market1,manufacturer10,brand17,sub_brand3,BOTELLA,NO RETORNABLE,250,1.264875293,11762.24902,322.5820007,5.235599995
12/23/2024,market1,manufacturer7,brand9,sub_brand2,BOTELLA,NO RETORNABLE,330,0.0015581,21780.51172,0,0.0973
12/23/2024,market1,manufacturer21,brand41,sub_brand3,LATA,NO RETORNABLE,473,0.01303706,26907.73242,0,0.819199979
12/23/2024,market1,manufacturer29,brand77,sub_brand2,LATA,NO RETORNABLE,500,0.02521923,17144.58008,0,1.708299994
12/23/2024,market1,ABI,brand15,sub_brand3,BOTELLA,RETORNABLE,300,0.103420503,11288.65918,77.62619781,0.278899997
12/23/2024,market1,ABI,brand51,sub_brand3,LATA,NO RETORNABLE,269,11.22090244,11818.23242,3949.213379,24.98940086
12/23/2024,market1,manufacturer8,brand10,sub_brand2,LATA,NO RETORNABLE,330,0.023348309,36181.6875,0,1.062600017
12/23/2024,market1,manufacturer12,brand21,sub_brand8,BOTELLA,NO RETORNABLE,450,0.02855595,22222.21875,0,0.0084
12/23/2024,market1,ABI,brand12,sub_brand3,LATA,NO RETORNABLE,269,2.869683027,7548.70166,3040.589844,6.424699783
12/23/2024,market1,manufacturer36,brand66,sub_brand2,LATA,NO RETORNABLE,500,0.28624326,27925.82813,24.37120056,3.234200001
12/23/2024,market1,manufacturer10,brand14,sub_brand5,LATA,NO RETORNABLE,310,2.409899712,6436.288086,2267.207031,10.36260033
12/23/2024,market1,ABI,brand3,sub_brand3,LATA,NO RETORNABLE,330,3.308534384,5840.492188,4626.03125,7.031199932
12/23/2024,market1,manufacturer10,brand20,sub_brand3,BARRIL,NO RETORNABLE,,0.00042744,11835.5918,0,0.121299997
12/23/2024,market1,manufacturer10,brand14,sub_brand3,BOTELLA,NO RETORNABLE,250,0.07600604,8590.242188,19.7737999,0.157499999
12/23/2024,market1,ABI,brand26,sub_brand9,BOTELLA,NO RETORNABLE,330,9.964792252,12145.36426,7302.791504,25.3491993
12/23/2024,market1,ABI,brand16,sub_brand3,BOTELLA,RETORNABLE,330,40.17105484,8963.169922,192414.375,73.4957962
12/23/2024,market1,manufacturer10,brand14,sub_brand3,BOTELLA,RETORNABLE,330,5.579869747,8004.950195,7395.654785,10.46210003
12/23/2024,market1,ABI,brand3,sub_brand3,BOTELLA,RETORNABLE,750,5.543175697,5092.412109,16339.26172,13.07600021
12/23/2024,market1,manufacturer21,brand41,sub_brand3,LATA,NO RETORNABLE,330,0.00748028,27295.5957,0,0.468800008
12/23/2024,market1,ABI,brand1,sub_brand7,LATA,NO RETORNABLE,330,4.114596844,10189.83984,2090.378662,11.11439991
12/23/2024,market1,ABI,brand12,sub_brand21,BOTELLA,RETORNABLE,330,0.05399647,9878.847656,154.7039948,0.0581
12/23/2024,market1,manufacturer10,brand14,sub_brand3,LATA,NO RETORNABLE,473,9.707032204,7366.611328,11789.98926,14.26869965
12/23/2024,market1,manufacturer10,brand22,sub_brand7,BOTELLA,NO RETORNABLE,330,1.370941043,18447.23633,149.5511017,6.16079998
12/23/2024,market1,ABI,brand32,sub_brand2,BOTELLA,RETORNABLE,250,0.018939899,4799.999023,0.861000001,0.0111
12/23/2024,market1,ABI,brand16,sub_brand3,BOTELLA,RETORNABLE,250,0.189037234,11348.06934,316.5741882,0.727699995
12/23/2024,market1,ABI,brand25,sub_brand2,BARRIL,NO RETORNABLE,,0.00299211,11090.63965,0,0.213499993
12/23/2024,market1,manufacturer11,brand19,sub_brand14,BOTELLA,NO RETORNABLE,330,0.034232259,45482.25781,0.917299986,0.0097
12/23/2024,market1,ABI,brand16,sub_brand20,BOTELLA,RETORNABLE,330,0.597389877,9323.326172,224.3542938,1.097800016
12/23/2024,market1,manufacturer4,brand5,sub_brand2,LATA,NO RETORNABLE,500,0.197048634,23376.62695,31.13380051,3.668800116
12/23/2024,market1,manufacturer10,brand20,sub_brand3,BOTELLA,RETORNABLE,250,1.392637134,13034.16406,2158.487305,4.2020998
12/23/2024,market1,manufacturer5,brand6,sub_brand2,BOTELLA,NO RETORNABLE,330,0.00042744,34424.24219,0,0.0156
12/23/2024,market1,manufacturer8,brand38,sub_brand2,BOTELLA,NO RETORNABLE,330,0.00838775,35183.53906,0.0034,0.921999991
12/23/2024,market1,ABI,brand3,sub_brand12,BOTELLA,RETORNABLE,320,17.05822182,8374.711914,36901.98828,40.70510101
12/23/2024,market1,ABI,brand12,sub_brand16,BOTELLA,RETORNABLE,330,0.257044673,7648.335449,23.41650009,0.137600005
12/23/2024,market1,ABI,brand16,sub_brand5,LATA,NO RETORNABLE,473,11.02864265,8196.629883,16433.15234,17.55139923
12/23/2024,market1,ABI,brand16,sub_brand3,LATA,NO RETORNABLE,355,0.072624177,3863.345215,94.25740051,0.035999998
12/23/2024,market1,ABI,brand50,sub_brand9,BOTELLA,NO RETORNABLE,210,27.7909565,15035.62793,27562.14063,61.27500153
12/23/2024,market1,manufacturer22,brand46,sub_brand2,LATA,NO RETORNABLE,330,0.046591461,11285.96875,0,3.462300062
12/23/2024,market1,manufacturer6,brand8,sub_brand2,LATA,NO RETORNABLE,330,0.056116272,6083.832031,72.13899994,0.0141
12/23/2024,market1,ABI,brand7,sub_brand11,BOTELLA,NO RETORNABLE,330,0.01883558,16666.69141,0.389099985,0.0061
12/23/2024,market1,manufacturer8,brand18,sub_brand2,BOTELLA,NO RETORNABLE,330,0.00748028,34865.01172,0,0.921999991
12/23/2024,market1,ABI,brand1,sub_brand10,BOTELLA,RETORNABLE,330,0.348396569,10362.75684,21.88170052,0.116999999
12/23/2024,market1,manufacturer45,brand79,sub_brand2,BOTELLA,NO RETORNABLE,500,0.019662449,32740.02539,0,0.881600022
12/23/2024,market1,manufacturer10,brand14,sub_brand3,LATA,NO RETORNABLE,269,0.932543755,5902.655762,156.8636932,6.370399952
12/23/2024,market1,manufacturer5,brand6,sub_brand2,LATA,NO RETORNABLE,500,0.01731151,26722.48828,0,0.9023
12/23/2024,market1,manufacturer22,brand46,sub_brand2,BOTELLA,NO RETORNABLE,330,0.399823338,40407.76172,83.84220123,3.569700003
12/23/2024,market1,manufacturer24,brand48,sub_brand2,BOTELLA,NO RETORNABLE,750,0.00748028,79247.88281,0,0.361200005
12/23/2024,market1,manufacturer22,brand46,sub_brand37,BOTELLA,NO RETORNABLE,330,0.194920763,42885.96094,30.5034008,2.310899973
12/23/2024,market1,manufacturer34,brand64,sub_brand2,BOTELLA,NO RETORNABLE,330,0.160665706,77706.375,17.13899994,1.502799988
12/23/2024,market1,ABI,brand3,sub_brand12,LATA,NO RETORNABLE,269,0.075358249,10104.69434,33.55759811,0.108900003
12/23/2024,market1,ABI,brand61,sub_brand3,BOTELLA,NO RETORNABLE,275,0.443192244,8041.981445,348.3489075,0.433499992
12/23/2024,market1,manufacturer10,brand57,sub_brand25,BOTELLA,NO RETORNABLE,250,0.225044847,5590.42334,81.70819855,1.590499997
12/23/2024,market1,manufacturer14,brand27,sub_brand2,BOTELLA,NO RETORNABLE,330,0.189701036,35229.69922,27.47970009,0.278600007
12/23/2024,market1,manufacturer10,brand14,sub_brand5,LATA,NO RETORNABLE,269,0.588174999,7179.546387,326.3901062,6.411099911
12/23/2024,market1,ABI,brand58,sub_brand3,LATA,NO RETORNABLE,330,1.160465002,5283.709961,441.9848938,2.876100063
12/23/2024,market1,ABI,brand12,sub_brand26,LATA,NO RETORNABLE,330,0.00864524,9595.946289,0,0.0007
12/23/2024,market1,manufacturer11,brand96,sub_brand2,BOTELLA,NO RETORNABLE,330,0.00613917,21630.16602,0,0.0105
12/23/2024,market1,ABI,brand3,sub_brand3,BOTELLA,RETORNABLE,1000,0.443502426,4576.016602,482.3891907,0.272300005
12/23/2024,market1,manufacturer10,brand17,sub_brand3,LATA,NO RETORNABLE,310,1.26394701,7271.669922,544.3156738,7.027400017
12/23/2024,market1,manufacturer23,brand47,sub_brand2,BOTELLA,NO RETORNABLE,330,0.0019235,31267.97852,0,0.0198
12/23/2024,market1,manufacturer11,brand19,sub_brand14,LATA,NO RETORNABLE,500,0.045525972,25909.27344,1.00849998,2.087500095
12/23/2024,market1,ABI,brand16,sub_brand6,BOTELLA,NO RETORNABLE,330,0.035242081,11947.95215,14.06729984,0.0294
12/23/2024,market1,ABI,brand25,sub_brand2,LATA,NO RETORNABLE,250,0.01213699,12873.71484,0.0691,0.0027
12/23/2024,market1,manufacturer10,brand22,sub_brand2,BOTELLA,NO RETORNABLE,330,0.00021372,15151.51563,0,0.001
12/23/2024,market1,manufacturer10,brand20,sub_brand3,BOTELLA,NO RETORNABLE,250,5.994657516,13147.19727,3176.931885,18.52560043
12/23/2024,market1,manufacturer27,brand54,sub_brand2,BOTELLA,NO RETORNABLE,330,0.120195366,54197.1875,20.85810089,1.117900014
12/23/2024,market1,manufacturer10,brand22,sub_brand13,LATA,NO RETORNABLE,269,2.145953655,11925.85449,728.001709,7.286200047
12/23/2024,market1,ABI,brand3,sub_brand3,BOTELLA,RETORNABLE,350,0.390853912,2090.363037,520.5698853,0.449200004
12/23/2024,market1,ABI,brand7,sub_brand4,LATA,NO RETORNABLE,269,0.656026304,12344.58008,76.02680206,5.048600197
12/23/2024,market1,manufacturer11,brand19,sub_brand3,BOTELLA,NO RETORNABLE,500,0.18243371,37185.51563,53.05289841,3.443700075
12/23/2024,market1,manufacturer34,brand64,sub_brand2,BOTELLA,NO RETORNABLE,750,0.01624289,79727.00781,0,0.748899996
12/23/2024,market1,manufacturer8,brand18,sub_brand2,LATA,NO RETORNABLE,330,0.034623008,33937.53516,0,2.101500034
12/23/2024,market1,ABI,brand16,sub_brand30,LATA,NO RETORNABLE,269,0.00784453,7372.986328,5.430799961,0.0045
12/23/2024,market1,manufacturer10,brand35,sub_brand2,LATA,NO RETORNABLE,330,0.712102652,5946.767578,428.0245972,4.40749979
12/23/2024,market1,ABI,brand16,sub_brand3,BOTELLA,RETORNABLE,750,3.696222782,7933.091309,10351.54492,8.103300095
12/23/2024,market1,manufacturer22,brand46,sub_brand2,LATA,NO RETORNABLE,330,0.079277188,28988.50977,0,1.95630002
12/23/2024,market1,manufacturer10,brand14,sub_brand3,BOTELLA,RETORNABLE,250,0.717864335,7777.430664,359.9195862,1.245499969
12/23/2024,market1,ABI,brand50,sub_brand9,BOTELLA,NO RETORNABLE,207,0.00274278,11728.20215,0.681999981,0.003
12/23/2024,market1,ABI,brand45,sub_brand2,LATA,NO RETORNABLE,269,26.24595451,10187.36914,24087.17969,51.73300171
12/23/2024,market1,ABI,brand12,sub_brand3,BOTELLA,RETORNABLE,250,1.124113202,9867.480469,3996.109619,2.758599997
12/23/2024,market1,ABI,brand71,sub_brand3,BOTELLA,RETORNABLE,175,10.88007355,15909.91602,15812.91309,28.01309967
12/23/2024,market1,ABI,brand12,sub_brand3,BOTELLA,RETORNABLE,330,35.54220581,9149.862305,125209.4219,68.23690033
12/23/2024,market1,ABI,brand26,sub_brand9,BOTELLA,RETORNABLE,330,11.23713112,17770.6543,7342.279297,26.54380035
12/23/2024,market1,ABI,brand51,sub_brand3,BOTELLA,NO RETORNABLE,250,0.00149606,23352.35352,0,0.0089
12/23/2024,market1,manufacturer25,brand49,sub_brand2,BOTELLA,NO RETORNABLE,330,0.0011933,34942.34375,0,0.015
12/23/2024,market1,manufacturer10,brand87,sub_brand3,LATA,NO RETORNABLE,269,0.035160761,11152.41699,0.260899991,0.087700002
12/23/2024,market1,manufacturer17,brand34,sub_brand2,LATA,NO RETORNABLE,330,0.59226954,7021.851074,4.507599831,1.749600053
12/23/2024,market1,ABI,brand16,sub_brand5,BOTELLA,NO RETORNABLE,330,0.071086511,7768.904297,68.09690094,0.162100002
12/23/2024,market1,ABI,brand1,sub_brand1,BOTELLA,RETORNABLE,330,24.55929184,11418.08105,33584.6875,57.22740173
12/23/2024,market1,ABI,brand1,sub_brand1,BOTELLA,NO RETORNABLE,330,0.264627755,9612.032227,86.07109833,2.849400043
12/23/2024,market1,manufacturer22,brand46,sub_brand2,BOTELLA,RETORNABLE,330,0.131294683,26247.98438,4.709400177,0.990100026
12/23/2024,market1,manufacturer38,brand80,sub_brand2,LATA,NO RETORNABLE,500,0.131310105,30564.10547,0.782999992,3.0079
12/23/2024,market1,ABI,brand16,sub_brand6,LATA,NO RETORNABLE,355,0.053468589,9859.151367,54.86410141,0.0199
12/23/2024,market1,manufacturer16,brand31,sub_brand2,LATA,NO RETORNABLE,500,0.00106861,35886.79297,0,0.024499999
12/23/2024,market1,manufacturer19,brand39,sub_brand2,BOTELLA,NO RETORNABLE,330,0.026851021,37272.72266,9.595700264,0.0038
12/23/2024,market1,ABI,brand16,sub_brand6,LATA,NO RETORNABLE,330,0.065419197,6817.806152,11.60109997,0.044399999
12/23/2024,market1,ABI,brand1,sub_brand32,BOTELLA,RETORNABLE,330,0.241691053,10656.45117,28.10289955,0.075099997
12/23/2024,market1,manufacturer22,brand46,sub_brand3,LATA,NO RETORNABLE,330,0.007694,18090.46875,0,0.409399986
12/23/2024,market1,ABI,brand81,sub_brand3,BOTELLA,NO RETORNABLE,355,1.164110065,9480.442383,1135.279175,3.614500046
12/23/2024,market1,ABI,brand12,sub_brand3,BOTELLA,RETORNABLE,300,0.031600978,10075.18457,2.220799923,0.0189
12/23/2024,market1,ABI,brand1,sub_brand10,LATA,NO RETORNABLE,330,0.209703475,9339.823242,11.08080006,0.172199994
12/23/2024,market1,manufacturer11,brand19,sub_brand14,BOTELLA,NO RETORNABLE,500,0.118675403,37738.28516,27.61840057,2.315500021
12/23/2024,market1,ABI,brand16,sub_brand20,LATA,NO RETORNABLE,355,0.01538134,8845.193359,2.795700073,0.0195
12/23/2024,market1,manufacturer44,brand78,sub_brand2,BOTELLA,NO RETORNABLE,750,0.00705284,72287.01563,0,0.356099993
12/23/2024,market1,ABI,brand1,sub_brand7,LATA,NO RETORNABLE,355,0.01538134,8934.676758,24.7765007,0.033199999
12/23/2024,market1,manufacturer16,brand31,sub_brand2,BOTELLA,NO RETORNABLE,500,0.1895338,33412.45703,43.15779877,3.752399921
12/23/2024,market1,ABI,brand7,sub_brand23,LATA,NO RETORNABLE,269,0.265657514,13032.80664,13.9126997,0.172399998
12/23/2024,market1,ABI,brand15,sub_brand3,LATA,NO RETORNABLE,473,7.144392014,8201.458008,9322.941406,9.007800102
12/23/2024,market1,ABI,brand1,sub_brand34,BOTELLA,RETORNABLE,,6.507730484,7080.237793,10865.81445,15.51819992
12/23/2024,market1,manufacturer44,brand78,sub_brand2,BOTELLA,NO RETORNABLE,330,0.01132728,63823.18359,0,0.75
12/23/2024,market1,manufacturer3,brand11,sub_brand2,LATA,NO RETORNABLE,500,0.120124653,24380.85156,1.559599996,3.714299917
12/23/2024,market1,manufacturer18,brand37,sub_brand2,BOTELLA,NO RETORNABLE,330,0.05927192,33398.82422,44.93460083,0.083800003
12/23/2024,market1,ABI,brand16,sub_brand20,LATA,NO RETORNABLE,330,3.091042757,7557.027832,879.3950195,9.958800316
12/23/2024,market1,manufacturer22,brand46,sub_brand37,LATA,NO RETORNABLE,330,0.092845581,23566.6875,2.343300104,1.658499956
12/23/2024,market1,ABI,brand16,sub_brand3,BOTELLA,RETORNABLE,1000,12.65594482,6284.291992,36686.10156,24.97640038
12/23/2024,market1,ABI,brand16,sub_brand5,LATA,NO RETORNABLE,296,0.03568957,8179.592285,28.98320007,0.160500005
12/23/2024,market1,manufacturer10,brand14,sub_brand3,LATA,NO RETORNABLE,330,2.146530867,8483.119141,605.7102051,3.059200048
12/23/2024,market1,ABI,brand44,sub_brand15,LATA,NO RETORNABLE,330,0.12245775,5289.727539,6.974999905,0.845899999
12/23/2024,market1,ABI,brand7,sub_brand15,BARRIL,NO RETORNABLE,,0.00064117,7631.975098,0,0.027899999
12/23/2024,market1,manufacturer38,brand68,sub_brand2,LATA,NO RETORNABLE,500,0.00427445,24257.48633,0,0.671199977
12/23/2024,market1,ABI,brand7,sub_brand22,BOTELLA,NO RETORNABLE,330,0.06424471,14984.31934,4.411499977,1.035699964
12/23/2024,market1,manufacturer22,brand46,sub_brand2,LATA,NO RETORNABLE,500,0.140144438,28880.07227,17.11260033,1.822100043
12/23/2024,market1,ABI,brand61,sub_brand3,LATA,NO RETORNABLE,330,0.285346806,8234.435547,68.07309723,0.405900002
12/23/2024,market1,manufacturer10,brand20,sub_brand17,BOTELLA,NO RETORNABLE,330,0.102429122,26863.6543,23.74950027,0.138600007
12/23/2024,market1,manufacturer10,brand57,sub_brand25,LATA,NO RETORNABLE,330,0.158724993,9339.314453,28.84119987,0.408600003
12/23/2024,market1,manufacturer9,brand23,sub_brand2,BOTELLA,NO RETORNABLE,330,0.11428909,57127.91406,10.83059978,0.939100027
12/23/2024,market1,ABI,brand26,sub_brand9,BOTELLA,NO RETORNABLE,210,0.25756377,16487.32422,59.76240158,0.337599993
12/23/2024,market1,manufacturer5,brand6,sub_brand2,BOTELLA,NO RETORNABLE,500,0.01175473,39354.35547,0,0.738699973
12/23/2024,market1,manufacturer22,brand46,sub_brand3,BOTELLA,NO RETORNABLE,330,0.00897634,47429.80078,0,0.551800013
12/23/2024,market1,manufacturer10,brand90,sub_brand3,LATA,NO RETORNABLE,330,0.122771747,4745.856445,326.6512146,0.305000007
12/23/2024,market1,ABI,brand3,sub_brand3,BOTELLA,RETORNABLE,330,12.35279846,6354.944336,36612.76563,31.16930008
12/23/2024,market1,ABI,brand1,sub_brand1,LATA,NO RETORNABLE,330,24.68647575,9299.460938,21602.14648,44.99000168
12/23/2024,market1,manufacturer10,brand33,sub_brand3,LATA,NO RETORNABLE,330,4.253615379,7377.549805,1797.011841,4.611999989
12/23/2024,market1,manufacturer3,brand11,sub_brand2,BOTELLA,NO RETORNABLE,330,0.02302531,26229.17578,0.064400002,1.702700019
12/23/2024,market1,ABI,brand16,sub_brand3,LATA,NO RETORNABLE,330,32.15914154,8941.620117,55723.01563,56.32839966
12/23/2024,market1,manufacturer10,brand14,sub_brand3,LATA,NO RETORNABLE,355,0.01206341,7121.660645,20.26189995,0.0105
12/23/2024,market1,ABI,brand1,sub_brand26,BOTELLA,RETORNABLE,330,3.601426601,11848.06836,1470.5802,8.382200241
12/23/2024,market1,manufacturer3,brand11,sub_brand2,BOTELLA,NO RETORNABLE,500,0.036903068,30571.36328,6.147699833,2.361799955
12/23/2024,market1,manufacturer16,brand43,sub_brand2,BOTELLA,NO RETORNABLE,500,0.04283781,14968.34375,15.30350018,2.719099998
12/23/2024,market1,ABI,brand15,sub_brand3,BOTELLA,RETORNABLE,1000,3.957894564,6702.697266,10346.00781,5.387499809
12/23/2024,market1,manufacturer14,brand27,sub_brand2,BOTELLA,NO RETORNABLE,300,0.048942409,27355.24219,0,3.058399916
12/23/2024,market1,ABI,brand16,sub_brand3,LATA,NO RETORNABLE,473,6.289809704,8078.584473,7215.76709,10.58530045
12/23/2024,market1,ABI,brand51,sub_brand3,BOTELLA,RETORNABLE,330,0.077462427,7096.304688,124.5748978,0.088699996
12/23/2024,market1,ABI,brand26,sub_brand6,BOTELLA,NO RETORNABLE,330,4.831306458,12864.76074,1115.051758,13.94620037
12/23/2024,market1,manufacturer12,brand21,sub_brand8,BOTELLA,NO RETORNABLE,330,0.046308622,14898.96875,0.361699998,0.0075
12/23/2024,market1,ABI,brand16,sub_brand5,BOTELLA,RETORNABLE,1000,11.68377018,6191.976074,33676.96094,22.30080032
12/23/2024,market1,manufacturer10,brand22,sub_brand19,BOTELLA,NO RETORNABLE,330,0.431230068,16961.16797,34.09420013,2.655800104
12/23/2024,market1,manufacturer3,brand11,sub_brand2,BARRIL,NO RETORNABLE,5000,0.01902128,26575.99805,0,1.645900011
12/23/2024,market1,manufacturer33,brand63,sub_brand2,BOTELLA,NO RETORNABLE,330,0.096377432,20262.47656,7.011700153,1.511700034
12/23/2024,market1,manufacturer11,brand19,sub_brand3,BOTELLA,NO RETORNABLE,500,0.035050459,28457.86719,0,2.571099997
12/23/2024,market1,ABI,brand16,sub_brand3,BOTELLA,NO RETORNABLE,330,0.273006052,8209.121094,722.12323,0.765500009
12/23/2024,market1,manufacturer37,brand67,sub_brand2,BOTELLA,NO RETORNABLE,330,0.00277839,35765.875,0,0.238900006
12/23/2024,market1,manufacturer10,brand20,sub_brand3,LATA,NO RETORNABLE,473,2.644355059,7924.219727,1616.884521,6.41809988
12/23/2024,market1,manufacturer10,brand57,sub_brand24,BOTELLA,NO RETORNABLE,355,0.00512934,11220.7373,0,0.0131
12/23/2024,market1,manufacturer10,brand22,sub_brand13,BOTELLA,NO RETORNABLE,300,3.440776587,14796.31152,856.4099121,10.64990044
12/23/2024,market1,ABI,brand84,sub_brand37,BOTELLA,NO RETORNABLE,355,0.409704179,18339.13477,255.8726959,2.420099974
12/23/2024,market1,manufacturer22,brand46,sub_brand2,LATA,NO RETORNABLE,355,0.00470189,40869.74219,0,0.299400002
12/23/2024,market1,ABI,brand15,sub_brand3,LATA,NO RETORNABLE,330,2.407732487,7113.125488,1019.114807,3.612499952
12/23/2024,market1,ABI,brand12,sub_brand16,LATA,NO RETORNABLE,330,0.322151154,9136.893555,57.95800018,0.270200014
12/23/2024,market1,ABI,brand1,sub_brand32,LATA,NO RETORNABLE,330,0.063885868,11547.4707,11.7414999,0.213699996
12/23/2024,market1,manufacturer17,brand34,sub_brand2,LATA,NO RETORNABLE,330,0.00864543,6401.991699,6.240300179,0.0022
12/23/2024,market1,manufacturer10,brand57,sub_brand25,BOTELLA,RETORNABLE,330,0.03989663,7878.773926,4.658400059,0.0004
12/23/2024,market1,manufacturer39,brand70,sub_brand3,BOTELLA,NO RETORNABLE,330,0.085052952,18722.38672,12.54880047,2.781199932
12/23/2024,market1,ABI,brand12,sub_brand3,BOTELLA,NO RETORNABLE,330,0.01538134,7011.595215,371.9403076,0.033199999
12/23/2024,market1,ABI,brand12,sub_brand3,LATA,NO RETORNABLE,473,12.47905827,8082.133301,32256.79492,18.22590065
12/23/2024,market1,manufacturer24,brand48,sub_brand2,BOTELLA,NO RETORNABLE,330,0.00519894,46596.83594,0.453799993,0.149499997
12/23/2024,market1,ABI,brand3,sub_brand12,BOTELLA,NO RETORNABLE,320,0.10504581,8916.292969,48.8117981,0.316799998
12/23/2024,market1,manufacturer31,brand69,sub_brand2,LATA,NO RETORNABLE,330,0.049149461,11549.36426,2.121999979,1.659100056
12/23/2024,market1,ABI,brand12,sub_brand3,LATA,NO RETORNABLE,355,0.044607751,12909.01367,27.38879967,0.045600001
12/23/2024,market1,ABI,brand1,sub_brand1,LATA,NO RETORNABLE,473,7.321847916,8838.717773,9576.172852,14.61800003
12/23/2024,market1,manufacturer7,brand9,sub_brand2,BOTELLA,NO RETORNABLE,650,0.030989731,7901.42041,0,2.320899963
12/23/2024,market1,ABI,brand3,sub_brand12,LATA,NO RETORNABLE,330,18.47619057,8611.49707,26222.36914,39.93780136
12/23/2024,market1,ABI,brand16,sub_brand5,LATA,NO RETORNABLE,269,3.982657909,8507.078125,4311.435547,11.77980042
12/23/2024,market1,ABI,brand16,sub_brand6,BOTELLA,RETORNABLE,330,0.03200423,6751.08252,8.382399559,0.0141
12/23/2024,market1,ABI,brand12,sub_brand3,BOTELLA,RETORNABLE,750,8.940485001,7213.482422,22180.12305,13.62609959
12/23/2024,market1,manufacturer45,brand79,sub_brand2,LATA,NO RETORNABLE,500,0.02343856,28980.1582,5.023099899,0.9296
12/23/2024,market1,manufacturer10,brand17,sub_brand3,LATA,NO RETORNABLE,269,1.314755559,10069.09766,227.7774048,2.540499926
12/23/2024,market1,manufacturer22,brand46,sub_brand2,BOTELLA,NO RETORNABLE,250,0.022654559,14257.38184,0,2.111299992
12/23/2024,market1,ABI,brand45,sub_brand2,BOTELLA,NO RETORNABLE,250,5.584404945,12660.56445,2388.089844,14.17440033
12/23/2024,market1,ABI,brand83,sub_brand3,BOTELLA,NO RETORNABLE,310,0.00883139,51398.96875,1.467700005,0.102899998
12/23/2024,market1,ABI,brand81,sub_brand3,LATA,NO RETORNABLE,269,3.043535948,8135.424805,398.411499,5.718299866
12/23/2024,market1,manufacturer10,brand57,sub_brand25,BOTELLA,NO RETORNABLE,300,3.119271278,9560.62793,9323.200195,8.745200157
12/23/2024,market1,ABI,brand26,sub_brand9,BOTELLA,NO RETORNABLE,355,1.009441018,16242.2334,482.3151855,1.7148
12/23/2024,market1,manufacturer10,brand17,sub_brand3,BOTELLA,NO RETORNABLE,330,1.227868915,12436.21484,293.6133118,6.359399796
12/23/2024,market1,ABI,brand25,sub_brand2,BOTELLA,NO RETORNABLE,330,1.33459568,18079.20313,546.9822998,3.594199896
12/23/2024,market1,ABI,brand1,sub_brand1,LATA,NO RETORNABLE,355,0.062288981,8933.307617,101.946701,0.167600006
12/23/2024,market1,ABI,brand7,sub_brand29,BOTELLA,NO RETORNABLE,330,0.128380194,10255.17773,7.372799873,4.029099941
12/23/2024,market1,ABI,brand1,sub_brand26,LATA,NO RETORNABLE,355,0.00042744,6862.57666,0,0.0035
12/23/2024,market1,ABI,brand1,sub_brand26,BOTELLA,NO RETORNABLE,330,0.120963551,8155.351563,40.12189865,0.0012
12/23/2024,market1,manufacturer10,brand57,sub_brand25,LATA,NO RETORNABLE,269,0.486869872,8378.165039,105.8986969,0.28639999
12/23/2024,market1,manufacturer32,brand62,sub_brand2,BOTELLA,NO RETORNABLE,330,0.1143068,51642.14063,7.0552001,3.093699932
12/23/2024,market1,manufacturer30,brand59,sub_brand2,BOTELLA,NO RETORNABLE,500,0.051773369,27540.05469,0.0104,3.095299959
12/23/2024,market1,manufacturer10,brand20,sub_brand3,BOTELLA,NO RETORNABLE,330,2.321707726,12732.87891,638.5341187,9.038700104
12/23/2024,market1,ABI,brand45,sub_brand2,BOTELLA,RETORNABLE,250,2.852494478,11621.8623,1448.664673,6.621500015
12/23/2024,market1,ABI,brand25,sub_brand2,LATA,NO RETORNABLE,269,14.32475185,12264.31348,3000.905762,28.33650017
12/23/2024,market1,ABI,brand25,sub_brand2,LATA,NO RETORNABLE,330,0.00085489,11516.86133,0,0.0014
12/23/2024,market1,ABI,brand7,sub_brand40,LATA,NO RETORNABLE,269,3.712747335,14207.80469,321.0885925,9.52820015
12/23/2024,market1,manufacturer10,brand14,sub_brand5,LATA,NO RETORNABLE,473,0.809816778,8221.736328,214.3345947,0.923300028
12/23/2024,market1,manufacturer11,brand19,sub_brand3,LATA,NO RETORNABLE,500,0.125996053,25871.0918,5.139800072,3.427400112
12/23/2024,market1,manufacturer10,brand20,sub_brand17,LATA,NO RETORNABLE,250,0.893591464,10899.18555,358.6759033,6.313700199
12/23/2024,market1,ABI,brand1,sub_brand7,BOTELLA,RETORNABLE,330,3.805763006,12416.05566,1605.852295,8.636199951
12/23/2024,market1,ABI,brand12,sub_brand3,LATA,NO RETORNABLE,330,29.977808,9064.353516,50213.87891,49.53760147
12/23/2024,market1,ABI,brand26,sub_brand9,LATA,NO RETORNABLE,269,9.771673203,12551.30859,4156.626465,22.13050079
12/23/2024,market1,ABI,brand1,sub_brand33,BOTELLA,NO RETORNABLE,330,0.908506632,11560.55078,208.0554962,4.560200214
12/23/2024,market1,manufacturer10,brand14,sub_brand5,BOTELLA,NO RETORNABLE,300,0.540717006,8436.175781,1648.038452,2.005500078
12/23/2024,market1,manufacturer10,brand17,sub_brand3,BOTELLA,NO RETORNABLE,355,0.078728162,12532.19434,1.41110003,0.063100003
3/23/2025,market1,ABI,brand12,sub_brand3,BOTELLA,RETORNABLE,1000,14.68627834,6290.275879,49673.37109,28.02039909
3/23/2025,market1,manufacturer10,brand33,sub_brand3,BOTELLA,RETORNABLE,750,3.822520256,4840.231934,7652.084961,7.500100136
3/23/2025,market1,manufacturer37,brand67,sub_brand2,BOTELLA,NO RETORNABLE,330,0.00274589,38744.28906,0,0.120300002
3/23/2025,market1,manufacturer10,brand14,sub_brand3,LATA,NO RETORNABLE,330,1.366696358,8300.75,1089.293945,1.489799976
3/23/2025,market1,ABI,brand16,sub_brand6,BOTELLA,NO RETORNABLE,330,0.00047673,8484.739258,0.106600001,0.0004
3/23/2025,market1,ABI,brand1,sub_brand33,BOTELLA,NO RETORNABLE,330,0.10549479,10228.94727,3.028399944,0.265500009
3/23/2025,market1,manufacturer5,brand6,sub_brand2,BOTELLA,NO RETORNABLE,500,0.01161723,41444.77344,0,0.492199987
3/23/2025,market1,ABI,brand26,sub_brand9,BOTELLA,NO RETORNABLE,355,0.538764775,16351.33008,229.186203,1.272899985
3/23/2025,market1,manufacturer16,brand31,sub_brand2,LATA,NO RETORNABLE,500,0.060335591,42950.41406,14.89099979,0.136000007
3/23/2025,market1,ABI,brand12,sub_brand3,LATA,NO RETORNABLE,473,14.44287872,8179.74707,22635.34375,19.42560005
3/23/2025,market1,ABI,brand26,sub_brand6,BOTELLA,NO RETORNABLE,330,6.235643864,14237.96875,1240.992554,14.36340046
3/23/2025,market1,ABI,brand1,sub_brand1,LATA,NO RETORNABLE,330,21.76383781,9691.446289,17460.32617,36.7560997
3/23/2025,market1,manufacturer11,brand19,sub_brand14,BOTELLA,NO RETORNABLE,500,0.143383846,41161.85156,9.189800262,1.580899954
3/23/2025,market1,manufacturer9,brand13,sub_brand2,BOTELLA,NO RETORNABLE,330,0.151743487,67810.49219,24.43420029,1.854799986
3/23/2025,market1,manufacturer10,brand17,sub_brand3,LATA,NO RETORNABLE,310,1.145468235,9256.696289,343.3078918,4.627999783
3/23/2025,market1,ABI,brand61,sub_brand3,BOTELLA,RETORNABLE,275,0.01201165,9090.908203,4.455800056,0.0206
3/23/2025,market1,manufacturer10,brand14,sub_brand5,BOTELLA,RETORNABLE,330,3.245803595,8685.436523,2978.56665,8.054699898
3/23/2025,market1,manufacturer11,brand19,sub_brand3,BOTELLA,NO RETORNABLE,500,0.025346691,29879.18164,0,0.957799971
3/23/2025,market1,manufacturer24,brand48,sub_brand2,BOTELLA,NO RETORNABLE,750,0.00422445,77926.79688,0,0.124700002
3/23/2025,market1,manufacturer3,brand11,sub_brand2,BARRIL,NO RETORNABLE,5000,0.01394068,25742.95508,0,0.43689999
3/23/2025,market1,ABI,brand15,sub_brand3,BOTELLA,RETORNABLE,300,0.03916781,10547.38379,30.17029953,0.148599997
3/23/2025,market1,ABI,brand16,sub_brand3,BOTELLA,RETORNABLE,330,39.99469757,9155.088867,172074.9844,77.93669891
3/23/2025,market1,manufacturer10,brand57,sub_brand25,LATA,NO RETORNABLE,310,1.559149623,9329.254883,746.9708862,5.595099926
3/23/2025,market1,manufacturer10,brand20,sub_brand17,LATA,NO RETORNABLE,250,0.722851694,12573.45605,285.3940125,4.134900093
3/23/2025,market1,manufacturer10,brand22,sub_brand18,BOTELLA,NO RETORNABLE,300,0.01599515,64404.45703,10.73009968,0.071699999
3/23/2025,market1,ABI,brand16,sub_brand5,LATA,NO RETORNABLE,300,0.035243239,10000,0,0.0438
3/23/2025,market1,ABI,brand26,sub_brand9,BOTELLA,NO RETORNABLE,210,0.168033496,16605.63867,106.3375015,0.298700005
3/23/2025,market1,ABI,brand1,sub_brand7,LATA,NO RETORNABLE,355,0.01006257,8934.676758,15.81439972,0.0206
3/23/2025,market1,manufacturer22,brand46,sub_brand2,BOTELLA,RETORNABLE,330,0.053773649,16358.66797,1.134699941,0.532100022
3/23/2025,market1,manufacturer10,brand22,sub_brand18,BOTELLA,NO RETORNABLE,330,0.876992285,17796.88672,87.36289978,3.039499998
3/23/2025,market1,manufacturer10,brand57,sub_brand25,LATA,NO RETORNABLE,330,0.08034236,9161.491211,24.49620056,0.210500002
3/23/2025,market1,ABI,brand50,sub_brand9,BOTELLA,NO RETORNABLE,207,0.033113901,13887.83496,79.11299896,0.054000001
3/23/2025,market1,ABI,brand51,sub_brand3,LATA,NO RETORNABLE,296,0.096584238,9883.513672,31.90189934,0.142100006
3/23/2025,market1,ABI,brand16,sub_brand3,BOTELLA,NO RETORNABLE,330,0.232810035,8149.492676,560.911499,0.585200012
3/23/2025,market1,ABI,brand61,sub_brand3,BOTELLA,NO RETORNABLE,275,0.382424265,11007.54395,27.30760002,0.0261
3/23/2025,market1,manufacturer10,brand17,sub_brand3,BOTELLA,NO RETORNABLE,355,0.018013891,11650.96094,0.82889998,0.0135
3/23/2025,market1,manufacturer30,brand59,sub_brand2,BOTELLA,NO RETORNABLE,500,0.039847519,29691.9043,0.017999999,1.355399966
3/23/2025,market1,manufacturer31,brand69,sub_brand2,LATA,NO RETORNABLE,330,0.02928381,11549.5498,2.840500116,0.58950001
3/23/2025,market1,manufacturer4,brand5,sub_brand2,LATA,NO RETORNABLE,500,0.213603646,26502.4668,32.27059937,2.063499928
3/23/2025,market1,manufacturer5,brand6,sub_brand2,LATA,NO RETORNABLE,500,0.01689779,28786.04492,0,0.654900014
3/23/2025,market1,manufacturer21,brand41,sub_brand3,LATA,NO RETORNABLE,330,0.00802645,30036.51563,0,0.322899997
3/23/2025,market1,manufacturer10,brand35,sub_brand2,LATA,NO RETORNABLE,330,0.790854335,5596.345703,300.1795044,3.307899952
3/23/2025,market1,manufacturer22,brand46,sub_brand2,LATA,NO RETORNABLE,,0.097268291,33107.97266,12.8451004,0.497200012
3/23/2025,market1,manufacturer10,brand22,sub_brand27,BOTELLA,NO RETORNABLE,330,0.793492913,18059.12109,115.6852036,2.629100084
3/23/2025,market1,ABI,brand16,sub_brand20,LATA,NO RETORNABLE,330,5.490053654,7344.305176,1196.401733,11.54749966
3/23/2025,market1,manufacturer25,brand49,sub_brand2,BOTELLA,NO RETORNABLE,330,0.00021122,29545.45508,0,0.0034
3/23/2025,market1,manufacturer10,brand14,sub_brand5,LATA,NO RETORNABLE,330,0.220389768,8105.930176,30.95750046,0.056000002
3/23/2025,market1,manufacturer10,brand20,sub_brand3,BOTELLA,NO RETORNABLE,250,5.219556808,13366.74121,2319.172119,14.63469982
3/23/2025,market1,manufacturer13,brand24,sub_brand2,LATA,NO RETORNABLE,500,0.046328969,30611.77148,0.416200012,0.506699979
3/23/2025,market1,ABI,brand1,sub_brand1,BOTELLA,NO RETORNABLE,900,0.00021122,3333.678955,0,0.0046
3/23/2025,market1,manufacturer7,brand9,sub_brand2,LATA,NO RETORNABLE,330,0.00464689,11179.48926,0,0.096900001
3/23/2025,market1,ABI,brand16,sub_brand3,LATA,NO RETORNABLE,269,4.170562744,9393.360352,3794.063965,9.187999725
3/23/2025,market1,ABI,brand1,sub_brand1,BOTELLA,RETORNABLE,330,24.8118248,11692.01758,30928.46094,60.02709961
3/23/2025,market1,ABI,brand16,sub_brand6,LATA,NO RETORNABLE,330,0.040949389,9229.248047,23.67690086,0.1338
3/23/2025,market1,manufacturer11,brand19,sub_brand14,LATA,NO RETORNABLE,500,0.074800439,29788.64844,14.95009995,0.799099982
3/23/2025,market1,ABI,brand16,sub_brand5,LATA,NO RETORNABLE,330,15.42500401,9100.319336,10933.31934,29.71109962
3/23/2025,market1,ABI,brand16,sub_brand5,LATA,NO RETORNABLE,296,0.00454293,7770.270508,0.738799989,0.0074
3/23/2025,market1,manufacturer22,brand46,sub_brand2,LATA,NO RETORNABLE,500,0.00760401,14181.21289,0,0.184799999
3/23/2025,market1,ABI,brand26,sub_brand9,BOTELLA,RETORNABLE,330,10.08909607,18760.78125,6218.901855,22.31329918
3/23/2025,market1,manufacturer3,brand11,sub_brand2,LATA,NO RETORNABLE,500,0.120207757,23102.83594,0.722299993,1.906000018
3/23/2025,market1,ABI,brand3,sub_brand3,BOTELLA,RETORNABLE,350,0.348965585,6815.308594,577.8804932,0.1646
3/23/2025,market1,manufacturer8,brand38,sub_brand2,LATA,NO RETORNABLE,330,0.031396031,36088.13672,1.421300054,0.762000024
3/23/2025,market1,ABI,brand16,sub_brand6,LATA,NO RETORNABLE,355,0.03958983,9859.213867,15.09739971,0.0082
3/23/2025,market1,ABI,brand1,sub_brand7,LATA,NO RETORNABLE,330,3.398635387,10417.9375,1457.305664,6.320799828
3/23/2025,market1,ABI,brand26,sub_brand9,LATA,NO RETORNABLE,269,8.789111137,12715.35742,3692.997559,18.62210083
3/23/2025,market1,manufacturer22,brand46,sub_brand2,BOTELLA,NO RETORNABLE,500,0.0812466,43560.96094,11.58189964,0.957099974
3/23/2025,market1,manufacturer19,brand39,sub_brand2,BOTELLA,NO RETORNABLE,330,0.02558957,37577.49219,12.03619957,0.0066
3/23/2025,market1,ABI,brand3,sub_brand12,LATA,NO RETORNABLE,330,19.61534119,8685.921875,17670.38672,38.77130127
3/23/2025,market1,ABI,brand7,sub_brand40,BOTELLA,NO RETORNABLE,330,0.681759775,15286.63086,57.48120117,3.426100016
3/23/2025,market1,manufacturer10,brand33,sub_brand3,LATA,NO RETORNABLE,330,3.466920853,7349.260254,1100.661133,3.857599974
3/23/2025,market1,manufacturer21,brand41,sub_brand3,LATA,NO RETORNABLE,473,0.01330701,27893.50195,0,0.433899999
3/23/2025,market1,ABI,brand61,sub_brand3,LATA,NO RETORNABLE,269,0.00824386,9293.745117,3.310199976,0.0086
3/23/2025,market1,manufacturer6,brand8,sub_brand2,LATA,NO RETORNABLE,330,0.069338709,6083.734375,51.42430115,0.019200001
3/23/2025,market1,manufacturer16,brand31,sub_brand2,LATA,NO RETORNABLE,500,0.0122509,28102.32031,0,0.489199996
3/23/2025,market1,ABI,brand15,sub_brand3,LATA,NO RETORNABLE,473,7.015151978,8387.378906,6694.171875,8.882699966
3/23/2025,market1,manufacturer10,brand22,sub_brand2,BOTELLA,NO RETORNABLE,330,0.00445732,16060.5957,0.209800005,0.0018
3/23/2025,market1,manufacturer17,brand34,sub_brand2,LATA,NO RETORNABLE,330,0.57227087,6818.245117,0.974399984,1.33739996
3/23/2025,market1,ABI,brand15,sub_brand3,BOTELLA,RETORNABLE,750,0.00047673,8217.706055,1.853000045,0.0004
3/23/2025,market1,manufacturer16,brand43,sub_brand2,BOTELLA,NO RETORNABLE,500,0.034877252,33603.60547,15.27789974,1.09860003
3/23/2025,market1,manufacturer22,brand46,sub_brand3,LATA,NO RETORNABLE,330,0.00823767,19886.66797,0,0.298000008
3/23/2025,market1,manufacturer45,brand79,sub_brand2,BOTELLA,NO RETORNABLE,330,0.01457434,33377.50781,0,0.622300029
3/23/2025,market1,manufacturer9,brand13,sub_brand2,BOTELLA,NO RETORNABLE,750,0.01372945,50427.95313,0,0.503099978
3/23/2025,market1,ABI,brand7,sub_brand23,LATA,NO RETORNABLE,269,0.178378344,14251.83984,8.860500336,0.025
3/23/2025,market1,ABI,brand12,sub_brand21,BOTELLA,RETORNABLE,330,0.03114444,8561.179688,382.9996948,0.137099996
3/23/2025,market1,manufacturer22,brand46,sub_brand37,LATA,NO RETORNABLE,500,0.078762017,20937.10742,18.10029984,1.565000057
3/23/2025,market1,ABI,brand25,sub_brand2,LATA,NO RETORNABLE,250,0.0113185,15300,0.072400004,0.0018
3/23/2025,market1,ABI,brand12,sub_brand16,LATA,NO RETORNABLE,330,0.251173347,10379.15625,58.45750046,0.592499971
3/23/2025,market1,manufacturer44,brand78,sub_brand2,BOTELLA,NO RETORNABLE,330,0.00866012,61035.95313,0,0.287900001
3/23/2025,market1,ABI,brand7,sub_brand22,BOTELLA,NO RETORNABLE,330,0.090254731,15161.60059,2.698499918,0.48210001
3/23/2025,market1,manufacturer10,brand14,sub_brand3,BOTELLA,NO RETORNABLE,300,0.383527219,9213.957031,207.6325989,0.799499989
3/23/2025,market1,ABI,brand50,sub_brand9,BOTELLA,NO RETORNABLE,210,28.53629684,16955.86133,23287.55859,61.88949966
3/23/2025,market1,ABI,brand16,sub_brand3,LATA,NO RETORNABLE,473,7.423501492,8361.298828,5368.474121,12.0486002
3/23/2025,market1,ABI,brand12,sub_brand21,LATA,NO RETORNABLE,330,0.00021122,117882.75,0,0.0003
3/23/2025,market1,ABI,brand50,sub_brand9,BOTELLA,RETORNABLE,210,5.631502628,18029.24219,4029.373535,14.17160034
3/23/2025,market1,manufacturer10,brand14,sub_brand3,LATA,NO RETORNABLE,355,0.01028978,7261.714355,16.38290024,0.0037
3/23/2025,market1,ABI,brand7,sub_brand4,BOTELLA,NO RETORNABLE,330,0.658022285,14490.98633,48.78950119,3.507999897
3/23/2025,market1,manufacturer10,brand33,sub_brand3,BOTELLA,RETORNABLE,330,6.461714268,6225.097656,8451.128906,13.84710026
3/23/2025,market1,manufacturer28,brand55,sub_brand2,BOTELLA,NO RETORNABLE,330,0.020514131,54706.79297,2.100699902,0.637300014
3/23/2025,market1,ABI,brand1,sub_brand26,BOTELLA,RETORNABLE,330,3.424115658,12339.67383,2200.927979,8.885800362
3/23/2025,market1,ABI,brand16,sub_brand5,BOTELLA,NO RETORNABLE,330,0.116410419,9271.736328,122.3249969,0.140000001
3/23/2025,market1,manufacturer7,brand9,sub_brand2,LATA,NO RETORNABLE,500,0.032025348,25449.83203,0.2315,0.095200002
3/23/2025,market1,ABI,brand1,sub_brand10,BOTELLA,RETORNABLE,330,0.089145839,10900.77734,5.273600101,0.050700001
3/23/2025,market1,ABI,brand25,sub_brand2,LATA,NO RETORNABLE,269,12.19050884,12618.71484,1974.576294,21.50279999
3/23/2025,market1,ABI,brand16,sub_brand5,BOTELLA,RETORNABLE,250,0.216735423,10884.49512,802.1461182,1.006000042
3/23/2025,market1,ABI,brand45,sub_brand2,BOTELLA,NO RETORNABLE,250,5.045719624,12756.27832,1783.937866,13.7439003
3/23/2025,market1,manufacturer10,brand57,sub_brand25,BOTELLA,NO RETORNABLE,300,3.289411545,9696.155273,3958.636963,7.962600231
3/23/2025,market1,ABI,brand12,sub_brand3,LATA,NO RETORNABLE,330,28.41421127,9382.763672,36585,44.94229889
3/23/2025,market1,ABI,brand1,sub_brand1,BOTELLA,NO RETORNABLE,330,0.359722525,10263.44238,150.5843048,2.283600092
3/23/2025,market1,ABI,brand12,sub_brand3,LATA,NO RETORNABLE,355,0.043439489,7485.702148,183.9958038,0.0418
3/23/2025,market1,manufacturer18,brand37,sub_brand2,BOTELLA,NO RETORNABLE,330,0.0520382,36682.11719,29.58790016,0.095299996
3/23/2025,market1,ABI,brand16,sub_brand5,LATA,NO RETORNABLE,269,2.976995468,8279.640625,7345.058594,9.233200073
3/23/2025,market1,ABI,brand83,sub_brand3,BOTELLA,NO RETORNABLE,330,0.203019723,13766.36523,76.49909973,2.715600014
3/23/2025,market1,ABI,brand16,sub_brand3,BOTELLA,RETORNABLE,1000,12.43478298,6351.16748,31296.36133,25.35149956
3/23/2025,market1,manufacturer17,brand34,sub_brand3,BOTELLA,RETORNABLE,330,0.00989659,42424.22266,0.55250001,0.0024
3/23/2025,market1,manufacturer22,brand46,sub_brand37,BOTELLA,NO RETORNABLE,330,0.203226939,34789.67188,20.95330048,1.34739995
3/23/2025,market1,ABI,brand1,sub_brand10,LATA,NO RETORNABLE,330,0.231126517,9766.132813,21.5340004,0.053399999
3/23/2025,market1,ABI,brand81,sub_brand3,LATA,NO RETORNABLE,269,5.257530212,8617.583008,772.4666748,8.239700317
3/23/2025,market1,manufacturer8,brand18,sub_brand2,LATA,NO RETORNABLE,330,0.023234461,33818.87109,0,0.822899997
3/23/2025,market1,ABI,brand16,sub_brand5,BOTELLA,RETORNABLE,750,5.024662495,7436.064453,9064.107422,9.017499924
3/23/2025,market1,manufacturer10,brand14,sub_brand3,LATA,NO RETORNABLE,269,0.614486098,8634.733398,225.5765991,3.670900106
3/23/2025,market1,ABI,brand25,sub_brand2,BOTELLA,NO RETORNABLE,300,7.86804533,14633.46191,3040.212891,21.28000069
3/23/2025,market1,ABI,brand16,sub_brand30,BOTELLA,RETORNABLE,175,0.047048029,9595.737305,167.7021942,0.0083
3/23/2025,market1,ABI,brand12,sub_brand3,BOTELLA,NO RETORNABLE,330,0.01006257,7143.046387,210.0290985,0.0206
3/23/2025,market1,manufacturer10,brand17,sub_brand3,LATA,NO RETORNABLE,269,0.668083787,9474.25,170.6768036,0.601199985
3/23/2025,market1,ABI,brand3,sub_brand12,LATA,NO RETORNABLE,269,0.05069755,7523.259766,66.65409851,0.034400001
3/23/2025,market1,manufacturer22,brand46,sub_brand2,BOTELLA,NO RETORNABLE,250,0.0103499,29954.27734,0,0.516300023
3/23/2025,market1,ABI,brand12,sub_brand3,BOTELLA,RETORNABLE,750,8.096221924,7176.668945,17781.38281,12.31579971
3/23/2025,market1,manufacturer8,brand10,sub_brand2,BOTELLA,NO RETORNABLE,330,0.001901,50908.91406,0,0.034200002
3/23/2025,market1,manufacturer10,brand33,sub_brand3,LATA,NO RETORNABLE,269,0.063710943,8345.202148,24.59399986,0.049699999
3/23/2025,market1,manufacturer10,brand14,sub_brand5,LATA,NO RETORNABLE,473,0.69400686,7702.033691,189.5536957,0.806299984
3/23/2025,market1,manufacturer38,brand80,sub_brand2,LATA,NO RETORNABLE,500,0.107372239,31834.12891,0.416200012,1.82980001
3/23/2025,market1,manufacturer10,brand57,sub_brand25,LATA,NO RETORNABLE,269,0.498448193,10423.24121,58.08779907,0.558399975
3/23/2025,market1,manufacturer24,brand48,sub_brand2,BOTELLA,NO RETORNABLE,330,0.0014418,77001.03906,0.0119,0.024
3/23/2025,market1,ABI,brand45,sub_brand2,BOTELLA,RETORNABLE,250,2.105282307,12141.29785,986.9224854,5.227399826
3/23/2025,market1,manufacturer14,brand27,sub_brand2,BOTELLA,NO RETORNABLE,300,0.066466972,30572.11719,27.00160027,1.621600032
3/23/2025,market1,ABI,brand1,sub_brand1,LATA,NO RETORNABLE,355,0.064365588,9399.383789,81.62999725,0.1699
3/23/2025,market1,ABI,brand1,sub_brand32,BOTELLA,RETORNABLE,330,0.224303633,10606.06055,23.01309967,0.158800006
3/23/2025,market1,manufacturer10,brand14,sub_brand5,BOTELLA,NO RETORNABLE,250,0.328346044,8756,391.8554993,2.158699989
3/23/2025,market1,manufacturer10,brand20,sub_brand3,LATA,NO RETORNABLE,330,0.136999294,11145.40039,21.28310013,0.267399997
3/23/2025,market1,ABI,brand16,sub_brand3,LATA,NO RETORNABLE,355,0.063272782,8856.484375,53.89110184,0.052099999
3/23/2025,market1,manufacturer36,brand66,sub_brand2,LATA,NO RETORNABLE,500,0.233670145,29431.73828,8.754300117,1.979699969
3/23/2025,market1,ABI,brand45,sub_brand2,LATA,NO RETORNABLE,269,25.83138657,10595.05078,20425.00781,49.60430145
3/23/2025,market1,ABI,brand7,sub_brand40,LATA,NO RETORNABLE,269,2.788359165,14701.38184,218.2140045,6.697599888
3/23/2025,market1,manufacturer16,brand43,sub_brand2,BOTELLA,NO RETORNABLE,500,0.129395932,27877.34375,9.749300003,1.672799945
3/23/2025,market1,ABI,brand1,sub_brand1,LATA,NO RETORNABLE,269,2.151583433,9108.701172,510.8493042,3.897200108
3/23/2025,market1,ABI,brand1,sub_brand7,BOTELLA,RETORNABLE,330,3.430165291,12866.96289,2000.295044,7.850399971
3/23/2025,market1,manufacturer10,brand14,sub_brand3,BOTELLA,RETORNABLE,750,2.219367981,5528.394531,4613.338867,5.109200001
3/23/2025,market1,ABI,brand51,sub_brand40,LATA,NO RETORNABLE,269,0.406746596,13477.66309,225.1109009,0.552299976
3/23/2025,market1,ABI,brand3,sub_brand3,LATA,NO RETORNABLE,330,3.377095938,5906.270996,3294.877197,6.885099888
3/23/2025,market1,manufacturer44,brand78,sub_brand2,BOTELLA,NO RETORNABLE,750,0.00232345,72204.88281,0,0.069799997
3/23/2025,market1,manufacturer10,brand20,sub_brand3,LATA,NO RETORNABLE,473,2.721889496,9261.49707,1706.966187,5.284800053
3/23/2025,market1,ABI,brand61,sub_brand3,LATA,NO RETORNABLE,330,0.216931403,7976.158691,48.55179977,0.183799997
3/23/2025,market1,ABI,brand32,sub_brand2,BOTELLA,RETORNABLE,250,0.046803668,4800,14.64649963,0.021299999
3/23/2025,market1,ABI,brand81,sub_brand3,BOTELLA,NO RETORNABLE,355,0.529035568,9548.59668,200.6824036,0.990499973
3/23/2025,market1,ABI,brand16,sub_brand3,LATA,NO RETORNABLE,330,33.47002029,9798.415039,43732.21875,54.68470001
3/23/2025,market1,manufacturer10,brand20,sub_brand3,BOTELLA,RETORNABLE,250,1.35399878,13589.47363,1670.605225,4.867199898
3/23/2025,market1,manufacturer10,brand14,sub_brand3,BOTELLA,RETORNABLE,330,5.60897398,8076.206055,5109.425293,11.51900005
3/23/2025,market1,manufacturer11,brand19,sub_brand3,LATA,NO RETORNABLE,500,0.118632041,24586.87695,12.00749969,1.687299967
3/23/2025,market1,manufacturer10,brand17,sub_brand3,BOTELLA,NO RETORNABLE,250,1.005469561,12618.37695,321.4750061,3.657000065
3/23/2025,market1,manufacturer10,brand57,sub_brand24,BOTELLA,NO RETORNABLE,355,0.00401323,11220.65625,0,0.0074
3/23/2025,market1,ABI,brand83,sub_brand3,BOTELLA,NO RETORNABLE,310,0.01056163,51398.97656,0,0.072099999
3/23/2025,market1,manufacturer34,brand64,sub_brand2,BOTELLA,NO RETORNABLE,330,0.097884208,85162.46094,14.31550026,0.839699984
3/23/2025,market1,ABI,brand12,sub_brand3,BOTELLA,RETORNABLE,330,34.75524139,9368.918945,116267.9766,71.16359711
3/23/2025,market1,manufacturer10,brand22,sub_brand13,LATA,NO RETORNABLE,269,1.890556216,12588.95898,583.9876709,5.58010006
3/23/2025,market1,manufacturer28,brand55,sub_brand2,BOTELLA,NO RETORNABLE,500,0.01119479,55118.11328,0,0.423000008
3/23/2025,market1,ABI,brand26,sub_brand9,BOTELLA,NO RETORNABLE,330,10.39446163,12946.76172,5558.584473,20.88730049
3/23/2025,market1,ABI,brand15,sub_brand3,LATA,NO RETORNABLE,355,0.01339716,11266.92578,4.020299911,0.019099999
3/23/2025,market1,manufacturer14,brand27,sub_brand2,BOTELLA,NO RETORNABLE,330,0.190409198,33142.57031,36.99679947,0.32100001
3/23/2025,market1,ABI,brand73,sub_brand15,LATA,NO RETORNABLE,330,1.786253929,5479.151367,1313.392944,2.93930006
3/23/2025,market1,ABI,brand84,sub_brand37,BOTELLA,NO RETORNABLE,355,0.101757988,14898.03809,11.28439999,0.1087
3/23/2025,market1,ABI,brand1,sub_brand26,LATA,NO RETORNABLE,355,0.00021122,7323.943848,0,0.0018
3/23/2025,market1,manufacturer32,brand62,sub_brand2,BOTELLA,NO RETORNABLE,330,0.118746102,51672.63672,7.644000053,1.760100007
3/23/2025,market1,manufacturer10,brand20,sub_brand17,BOTELLA,NO RETORNABLE,330,0.071108691,12121.21582,16.52029991,0.083099999
3/23/2025,market1,manufacturer42,brand75,sub_brand2,BOTELLA,NO RETORNABLE,330,0.085471809,77521.33594,5.152200222,0.552600026
3/23/2025,market1,manufacturer23,brand47,sub_brand2,BOTELLA,NO RETORNABLE,330,0.00021122,24103.03125,0,0.0018
3/23/2025,market1,ABI,brand16,sub_brand5,BOTELLA,RETORNABLE,1000,10.40419865,6300.211914,22213.12891,20.7798996
3/23/2025,market1,manufacturer33,brand63,sub_brand2,BOTELLA,NO RETORNABLE,330,0.122764178,22601.32031,5.119900227,1.045799971
3/23/2025,market1,ABI,brand1,sub_brand34,BOTELLA,RETORNABLE,,6.164346695,7229.92041,8036.722168,15.28139973
3/23/2025,market1,manufacturer11,brand19,sub_brand3,BOTELLA,NO RETORNABLE,500,0.440178216,36771.19922,62.87189865,1.817100048
3/23/2025,market1,manufacturer45,brand79,sub_brand2,LATA,NO RETORNABLE,500,0.0160529,26765.04688,0,0.506600022
3/23/2025,market1,manufacturer10,brand57,sub_brand25,BOTELLA,RETORNABLE,330,1.050329566,7582.789063,1255.962158,3.23300004
3/23/2025,market1,ABI,brand1,sub_brand32,LATA,NO RETORNABLE,330,0.017219059,12387.8584,4.045400143,0.0041
3/23/2025,market1,ABI,brand16,sub_brand3,BOTELLA,RETORNABLE,750,3.469120026,7951.123535,9454.989258,7.910999775
3/23/2025,market1,ABI,brand12,sub_brand3,OTROS ENVASES,NO RETORNABLE,330,0.394254297,9279.547852,720.5510864,0.260399997
3/23/2025,market1,ABI,brand42,sub_brand5,LATA,NO RETORNABLE,330,0.042935621,9090.902344,3.641000032,0.0319
3/23/2025,market1,ABI,brand51,sub_brand3,BOTELLA,NO RETORNABLE,250,0.0052392,17075.98438,0,0.0317
3/23/2025,market1,manufacturer10,brand14,sub_brand5,LATA,NO RETORNABLE,269,0.749078572,8395.253906,956.887207,4.486400127
3/23/2025,market1,manufacturer3,brand11,sub_brand2,BOTELLA,NO RETORNABLE,330,0.01753146,23919.16602,0,0.552200019
3/23/2025,market1,ABI,brand12,sub_brand3,BOTELLA,RETORNABLE,250,1.128992558,10131.94824,3440.171631,3.403899908
3/23/2025,market1,manufacturer22,brand46,sub_brand37,LATA,NO RETORNABLE,330,0.02302324,26466.73828,0,0.805100024
3/23/2025,market1,manufacturer22,brand46,sub_brand2,BOTELLA,NO RETORNABLE,330,0.353625447,46492.28516,58.05080032,2.331199884
3/23/2025,market1,manufacturer10,brand14,sub_brand3,LATA,NO RETORNABLE,310,8.198747635,8055.711914,4194.233887,13.40929985
3/23/2025,market1,ABI,brand51,sub_brand3,LATA,NO RETORNABLE,269,14.48446465,12144.44434,5174.158691,28.58690071
3/23/2025,market1,manufacturer10,brand14,sub_brand5,LATA,NO RETORNABLE,310,2.034972668,7743.852539,1000.668701,6.573999882
3/23/2025,market1,manufacturer10,brand22,sub_brand19,BOTELLA,NO RETORNABLE,330,0.417079508,20572.58984,22.40309906,1.605700016
3/23/2025,market1,manufacturer10,brand57,sub_brand25,BOTELLA,NO RETORNABLE,250,0.271981388,7823.602539,77.38770294,1.206400037
3/23/2025,market1,manufacturer10,brand20,sub_brand3,BOTELLA,NO RETORNABLE,330,2.188325167,13976.90625,655.2957764,6.48570013
3/23/2025,market1,manufacturer43,brand76,sub_brand2,BOTELLA,NO RETORNABLE,330,0.00021122,11818.18164,0,0.0019
3/23/2025,market1,manufacturer2,brand2,sub_brand2,BOTELLA,NO RETORNABLE,500,0.00674822,18992.69922,3.6868999,0.020500001
3/23/2025,market1,manufacturer10,brand14,sub_brand3,BOTELLA,RETORNABLE,250,0.521783888,7464.19873,207.6398926,0.888100028
3/23/2025,market1,ABI,brand7,sub_brand29,BOTELLA,NO RETORNABLE,330,0.144424438,10954.70996,3.851000071,2.155699968
3/23/2025,market1,ABI,brand16,sub_brand20,BOTELLA,RETORNABLE,330,0.415882409,9350.300781,160.9875946,0.996200025
3/23/2025,market1,manufacturer9,brand23,sub_brand2,BOTELLA,NO RETORNABLE,330,0.117288679,60461.07813,17.4727993,0.904100001
3/23/2025,market1,ABI,brand16,sub_brand30,BOTELLA,RETORNABLE,330,0.172645524,8049.552734,3.575599909,0.0016
3/23/2025,market1,manufacturer22,brand46,sub_brand3,BOTELLA,NO RETORNABLE,330,0.00697034,52565.30469,0,0.284000009
3/23/2025,market1,manufacturer22,brand46,sub_brand2,LATA,NO RETORNABLE,330,0.02154468,25551.05859,0,0.917500019
3/23/2025,market1,ABI,brand32,sub_brand2,BOTELLA,RETORNABLE,330,2.708760738,5888.92627,3802.590576,7.109700203
3/23/2025,market1,manufacturer10,brand22,sub_brand7,BOTELLA,NO RETORNABLE,330,1.075202107,19074.80469,132.1520996,3.704400063
3/23/2025,market1,manufacturer17,brand34,sub_brand2,LATA,NO RETORNABLE,330,0.0112812,4936.583496,0,0.025800001
3/23/2025,market1,ABI,brand3,sub_brand3,BOTELLA,RETORNABLE,330,13.53175831,6452.105957,32977.74219,33.87329865
3/23/2025,market1,manufacturer10,brand22,sub_brand13,BOTELLA,NO RETORNABLE,330,0.27612102,15374.82129,56.43099976,0.458200008
3/23/2025,market1,ABI,brand1,sub_brand33,LATA,NO RETORNABLE,330,1.493166566,11134.34473,273.8669128,2.231400013
3/23/2025,market1,manufacturer26,brand53,sub_brand2,BOTELLA,NO RETORNABLE,250,0.175007612,51052.07422,17.24860001,1.970299959
3/23/2025,market1,ABI,brand12,sub_brand3,BOTELLA,RETORNABLE,300,0.00561201,9999.999023,0,0.0163
3/23/2025,market1,ABI,brand3,sub_brand3,BOTELLA,RETORNABLE,1000,0.864612103,4471.40332,135.272995,1.164800048
3/23/2025,market1,ABI,brand1,sub_brand26,BOTELLA,NO RETORNABLE,330,0.381780446,2535.580078,860.1411743,0.541499972
3/23/2025,market1,ABI,brand15,sub_brand3,LATA,NO RETORNABLE,330,2.170935869,7125.325195,893.9758301,2.921799898
3/23/2025,market1,manufacturer45,brand79,sub_brand2,BOTELLA,NO RETORNABLE,500,0.015630459,31932.0957,0,0.461199999
3/23/2025,market1,ABI,brand25,sub_brand2,BARRIL,NO RETORNABLE,,0.00274589,11208.08789,0,0.141900003
3/23/2025,market1,manufacturer7,brand9,sub_brand2,BOTELLA,NO RETORNABLE,650,0.023234461,14401.2627,0,0.893999994
3/23/2025,market1,manufacturer11,brand19,sub_brand3,BOTELLA,NO RETORNABLE,330,0.046082921,39808.47266,9.760700226,0.081299998
3/23/2025,market1,manufacturer10,brand33,sub_brand3,LATA,NO RETORNABLE,355,0.130432755,7838.601563,39.37739944,0.085199997
3/23/2025,market1,manufacturer22,brand46,sub_brand2,LATA,NO RETORNABLE,330,0.071352273,28269.62109,0,1.085500002
3/23/2025,market1,ABI,brand1,sub_brand42,LATA,NO RETORNABLE,269,0.397857726,12498.37207,61.0223999,2.22510004
3/23/2025,market1,ABI,brand12,sub_brand3,LATA,NO RETORNABLE,269,2.634248734,8365.037109,2249.612793,5.547299862
3/23/2025,market1,manufacturer10,brand22,sub_brand13,BOTELLA,NO RETORNABLE,750,0.258738428,22934.3418,21.35400009,1.744799972
3/23/2025,market1,ABI,brand7,sub_brand15,BARRIL,NO RETORNABLE,,0.00105611,7886.29834,0,0.0383
3/23/2025,market1,manufacturer16,brand31,sub_brand2,BOTELLA,NO RETORNABLE,500,0.17661275,34562.48828,33.63589859,1.911000013
3/23/2025,market1,ABI,brand1,sub_brand33,BOTELLA,RETORNABLE,330,0.153089404,11259.53613,24.89870071,0.128600001
3/23/2025,market1,manufacturer10,brand14,sub_brand5,BOTELLA,RETORNABLE,750,0.403750241,5945.48877,393.2810974,1.242200017
3/23/2025,market1,manufacturer39,brand70,sub_brand3,LATA,NO RETORNABLE,330,0.057896499,17419.65625,1.663100004,0.875899971
3/23/2025,market1,manufacturer8,brand38,sub_brand2,BOTELLA,NO RETORNABLE,330,0.00587747,43061.99219,0.0059,0.104400001
3/23/2025,market1,ABI,brand16,sub_brand3,BOTELLA,RETORNABLE,250,0.204498708,11626.40039,107.2441025,0.355399996
3/23/2025,market1,ABI,brand44,sub_brand15,LATA,NO RETORNABLE,330,0.125798076,4902.796387,292.9259949,0.754499972
3/23/2025,market1,manufacturer38,brand68,sub_brand2,LATA,NO RETORNABLE,500,0.00464689,23840.4082,0,0.292199999
3/23/2025,market1,ABI,brand3,sub_brand3,BOTELLA,RETORNABLE,750,5.966238976,5152.271973,15135.29883,13.94799995
3/23/2025,market1,manufacturer10,brand14,sub_brand3,BOTELLA,NO RETORNABLE,250,0.342816174,9764.555664,7.71570015,0.284099996
3/23/2025,market1,ABI,brand1,sub_brand1,LATA,NO RETORNABLE,473,8.784039497,8749.137695,8368.518555,13.73460007
3/23/2025,market1,ABI,brand36,sub_brand3,LATA,NO RETORNABLE,330,0.678225279,5598.929199,10.32339954,1.419399977
3/23/2025,market1,manufacturer29,brand77,sub_brand2,LATA,NO RETORNABLE,500,0.03189458,12953.89551,0,1.031599998
3/23/2025,market1,manufacturer39,brand70,sub_brand3,BOTELLA,NO RETORNABLE,330,0.112182491,19475.5957,20.35519981,1.432600021
3/23/2025,market1,manufacturer8,brand18,sub_brand2,BOTELLA,NO RETORNABLE,330,0.01546422,34370.60547,0,0.399599999
3/23/2025,market1,ABI,brand3,sub_brand12,BOTELLA,RETORNABLE,320,16.81964684,8487.543945,34257.21484,44.33800125
3/23/2025,market1,manufacturer27,brand54,sub_brand2,BOTELLA,NO RETORNABLE,330,0.117525458,56618.33203,23.00510025,0.764400005
3/23/2025,market1,ABI,brand71,sub_brand3,BOTELLA,RETORNABLE,175,10.39431,16076.82324,12661.6543,30.38400078
3/23/2025,market1,manufacturer10,brand14,sub_brand5,BOTELLA,NO RETORNABLE,300,0.709056675,8644.768555,1156.63855,2.312700033
3/23/2025,market1,manufacturer34,brand64,sub_brand2,BOTELLA,NO RETORNABLE,750,0.01520801,79119.03125,0,0.476599991
3/23/2025,market1,ABI,brand25,sub_brand2,LATA,NO RETORNABLE,330,0.00295711,11521.7832,0,0.0026
3/23/2025,market1,manufacturer47,brand88,sub_brand3,BOTELLA,NO RETORNABLE,,0.00674822,31338.14453,8.789199829,0.053800002
3/23/2025,market1,manufacturer10,brand20,sub_brand3,LATA,NO RETORNABLE,310,11.55487728,10167.85449,5346.805664,23.11100006
3/23/2025,market1,ABI,brand7,sub_brand4,LATA,NO RETORNABLE,269,0.678263307,13114.23242,80.38259888,3.19749999
3/23/2025,market1,ABI,brand16,sub_brand5,BOTELLA,RETORNABLE,330,36.095047,9776.137695,84909.26563,73.83809662
3/23/2025,market1,manufacturer22,brand46,sub_brand2,LATA,NO RETORNABLE,355,0.00422445,33653.64063,0,0.171399996
3/23/2025,market1,ABI,brand25,sub_brand2,BOTELLA,NO RETORNABLE,330,0.598107457,18937.69922,338.0714111,1.709900022
3/23/2025,market1,manufacturer10,brand20,sub_brand3,LATA,NO RETORNABLE,269,1.178439379,12695.78125,472.8460083,1.286499977
3/23/2025,market1,ABI,brand15,sub_brand3,BOTELLA,RETORNABLE,1000,3.691342354,6829.455078,7782.312988,5.692500114
3/23/2025,market1,manufacturer10,brand14,sub_brand3,LATA,NO RETORNABLE,473,9.943225861,7577.276367,8594.032227,12.05449963
3/23/2025,market1,manufacturer10,brand90,sub_brand3,LATA,NO RETORNABLE,330,0.146426424,4945.846191,252.1782074,0.352499992
3/23/2025,market1,manufacturer8,brand10,sub_brand2,LATA,NO RETORNABLE,330,0.01496004,33370.96094,0.0059,0.4463
3/23/2025,market1,ABI,brand58,sub_brand3,LATA,NO RETORNABLE,330,1.040486574,5343.548828,810.5056152,1.998800039
3/23/2025,market1,manufacturer3,brand11,sub_brand2,BOTELLA,NO RETORNABLE,500,0.02238957,23004.82031,0,0.903299987
3/23/2025,market1,ABI,brand15,sub_brand3,BOTELLA,RETORNABLE,330,7.020733356,11105.47461,11618.17676,9.681300163
3/23/2025,market1,manufacturer22,brand46,sub_brand2,LATA,NO RETORNABLE,500,0.138631463,3755.94751,19.3913002,0.923799992
3/23/2025,market1,ABI,brand16,sub_brand5,LATA,NO RETORNABLE,473,12.26746559,8312.178711,12287.21289,16.7602005
3/23/2025,market1,manufacturer10,brand20,sub_brand3,BOTELLA,RETORNABLE,330,0.051031619,12121.21094,9.996600151,0.051399998
3/23/2025,market1,ABI,brand1,sub_brand26,LATA,NO RETORNABLE,330,3.66547823,10590.20508,2336.107422,7.339000225
3/23/2025,market1,manufacturer7,brand9,sub_brand2,BOTELLA,NO RETORNABLE,330,0.00021122,22727.37109,0,0.0081
3/23/2025,market1,manufacturer10,brand22,sub_brand13,BOTELLA,NO RETORNABLE,300,3.308933735,17149.03516,782.2761841,8.153100014
3/23/2025,market1,ABI,brand45,sub_brand2,LATA,NO RETORNABLE,355,0.185883597,9860.019531,59.44129944,0.085500002
3/23/2025,market1,manufacturer10,brand17,sub_brand3,BOTELLA,NO RETORNABLE,330,1.02744472,13729.09863,246.1425934,4.108799934
3/23/2025,market1,manufacturer10,brand22,sub_brand27,BOTELLA,NO RETORNABLE,300,0.01770688,18659.05078,0.542599976,0.384499997
3/23/2025,market1,manufacturer46,brand82,sub_brand3,BOTELLA,RETORNABLE,330,16.68404007,8811.824219,6957.135254,45.94889832
3/23/2025,market1,manufacturer46,brand82,sub_brand3,BOTELLA,NO RETORNABLE,1500,17.65535355,3920.712158,6341.142578,39.75469971
3/23/2025,market1,manufacturer10,brand89,sub_brand3,LATA,NO RETORNABLE,310,21.33328247,8530.007813,2899.528076,39.9516983
3/23/2025,market1,manufacturer46,brand82,sub_brand3,LATA,NO RETORNABLE,330,36.96369553,7788.254395,7383.410156,65.9138031
3/23/2025,market1,manufacturer46,brand82,sub_brand36,LATA,NO RETORNABLE,330,0.018005369,8679.916992,1.985599995,0.0186
3/23/2025,market1,manufacturer10,brand89,sub_brand3,BOTELLA,NO RETORNABLE,1500,8.436337471,3724.653809,2376.276367,19.62360001
3/23/2025,market1,manufacturer46,brand82,sub_brand26,BOTELLA,RETORNABLE,330,0.022699369,6666.666504,2.089400053,0.081100002
3/23/2025,market1,manufacturer46,brand82,sub_brand35,LATA,NO RETORNABLE,330,0.00209975,8478.953125,0.747600019,0.0307
3/23/2025,market1,manufacturer46,brand82,sub_brand39,LATA,NO RETORNABLE,330,1.139752746,8504.258789,105.8154984,2.145699978
3/23/2025,market1,manufacturer10,brand89,sub_brand3,BOTELLA,NO RETORNABLE,330,1.442256927,8499.84082,414.9909973,5.404900074
3/23/2025,market1,manufacturer46,brand82,sub_brand3,BOTELLA,NO RETORNABLE,330,0.346052527,9032.361328,54.19520187,0.216600001
6/22/2025,market1,manufacturer46,brand82,sub_brand3,BOTELLA,NO RETORNABLE,330,0.335220516,8607.162109,28.71349907,0.051800001
6/22/2025,market1,manufacturer46,brand82,sub_brand36,LATA,NO RETORNABLE,330,0.01226384,7651.862305,0,0.255299985
6/22/2025,market1,manufacturer10,brand89,sub_brand3,LATA,NO RETORNABLE,310,20.26881027,8860.804688,2567.289307,37.68349838
6/22/2025,market1,manufacturer46,brand82,sub_brand3,LATA,NO RETORNABLE,330,38.76244354,7896.65918,6675.228516,66.64170074
6/22/2025,market1,manufacturer46,brand82,sub_brand3,BOTELLA,RETORNABLE,330,16.88526917,9224.408203,7678.820801,45.14189911
6/22/2025,market1,manufacturer46,brand82,sub_brand26,BOTELLA,RETORNABLE,330,0.023591761,7575.757324,27.16279984,0.069200002
6/22/2025,market1,manufacturer46,brand82,sub_brand39,LATA,NO RETORNABLE,330,0.710797012,8673.419922,53.4654007,0.448799998
6/22/2025,market1,manufacturer46,brand82,sub_brand3,BOTELLA,NO RETORNABLE,1500,16.92752647,4067.036133,5921.612793,40.29240036
6/22/2025,market1,manufacturer10,brand89,sub_brand3,BOTELLA,NO RETORNABLE,330,2.625412941,9224.560547,605.5385742,6.489699841
6/22/2025,market1,manufacturer46,brand82,sub_brand3,LATA,NO RETORNABLE,269,0.388572305,5173.205078,15.91139984,2.350500107
6/22/2025,market1,manufacturer10,brand89,sub_brand3,BOTELLA,NO RETORNABLE,1500,9.22802639,3603.691895,2343.841553,22.96680069
12/23/2024,market1,manufacturer10,brand89,sub_brand3,LATA,NO RETORNABLE,310,25.63220215,7839.166016,3595.761475,51.89619827
12/23/2024,market1,manufacturer46,brand82,sub_brand26,BOTELLA,RETORNABLE,330,0.024466719,6666.666504,9.239800453,0.242400005
12/23/2024,market1,manufacturer46,brand82,sub_brand3,BOTELLA,NO RETORNABLE,1500,17.6543541,3841.716797,6890.206055,44.32389832
12/23/2024,market1,manufacturer46,brand82,sub_brand3,BOTELLA,NO RETORNABLE,330,0.036280621,9090.917969,7.861999989,0.059300002
12/23/2024,market1,manufacturer46,brand82,sub_brand3,BOTELLA,RETORNABLE,330,16.30740356,8602.307617,7170.57373,43.8132019
12/23/2024,market1,manufacturer46,brand82,sub_brand39,LATA,NO RETORNABLE,330,3.610310316,4059.37915,275.4930115,11.50510025
12/23/2024,market1,manufacturer46,brand82,sub_brand3,LATA,NO RETORNABLE,330,35.18143082,7151.447754,7470.695801,69.48429871
12/23/2024,market1,manufacturer10,brand89,sub_brand3,BOTELLA,NO RETORNABLE,1500,4.650735378,3590.999512,2007.98645,10.78740025
12/23/2024,market1,manufacturer46,brand82,sub_brand3,BOTELLA,NO RETORNABLE,400,0.0004319,4500,0,0.0022
12/23/2024,market1,manufacturer46,brand82,sub_brand36,LATA,NO RETORNABLE,330,0.01607904,7779.237793,1.503900051,0.079599999
12/23/2024,market1,manufacturer46,brand82,sub_brand35,LATA,NO RETORNABLE,330,0.00318571,6998.04541,0.520900011,0.031800002
6/22/2025,market1,ABI,brand45,sub_brand2,BOTELLA,RETORNABLE,250,2.201371193,12701.66895,1460.545044,6.006100178
6/22/2025,market1,ABI,brand16,sub_brand3,LATA,NO RETORNABLE,473,7.922250748,8381.516602,5994.088379,13.24730015
6/22/2025,market1,manufacturer22,brand46,sub_brand2,BOTELLA,NO RETORNABLE,355,0.0102001,63522.24219,2.758599997,0.0999
6/22/2025,market1,manufacturer10,brand57,sub_brand24,BOTELLA,NO RETORNABLE,355,0.00549014,11220.6582,0,0.0082
6/22/2025,market1,ABI,brand1,sub_brand33,BOTELLA,NO RETORNABLE,330,0.094715796,12125.1582,28.68020058,0.178499997
6/22/2025,market1,manufacturer10,brand14,sub_brand3,BOTELLA,RETORNABLE,330,4.747384071,8415.523438,5002.567871,9.001099586
6/22/2025,market1,manufacturer22,brand46,sub_brand37,LATA,NO RETORNABLE,330,0.00907985,27673.79492,0,0.464300007
6/22/2025,market1,manufacturer22,brand46,sub_brand2,BOTELLA,NO RETORNABLE,500,0.123068146,42531.58203,29.34309959,1.266199946
6/22/2025,market1,manufacturer8,brand38,sub_brand2,BOTELLA,NO RETORNABLE,330,0.00628379,45582.34766,0.005,0.143000007
6/22/2025,market1,manufacturer11,brand19,sub_brand3,BOTELLA,NO RETORNABLE,500,0.039375,29485.80273,0,1.30340004
6/22/2025,market1,manufacturer5,brand6,sub_brand2,BOTELLA,NO RETORNABLE,500,0.0135142,42631.69922,0,0.507300019
6/22/2025,market1,ABI,brand1,sub_brand1,LATA,NO RETORNABLE,269,1.835551977,9136.952148,310.0295105,4.091899872
6/22/2025,market1,manufacturer10,brand17,sub_brand3,BOTELLA,NO RETORNABLE,330,0.921688735,14221.40137,225.7799988,3.654299974
6/22/2025,market1,manufacturer10,brand22,sub_brand27,BOTELLA,NO RETORNABLE,330,0.400987536,16398.32813,84.02760315,0.747799993
6/22/2025,market1,ABI,brand61,sub_brand3,BOTELLA,NO RETORNABLE,275,0.269232482,12079.66895,24.94300079,0.186800003
6/22/2025,market1,manufacturer22,brand46,sub_brand2,LATA,NO RETORNABLE,330,0.03631942,26334.11719,0,1.28429997
6/22/2025,market1,manufacturer13,brand24,sub_brand2,LATA,NO RETORNABLE,500,0.038278662,31278.55664,8.893600464,0.228499994
6/22/2025,market1,manufacturer45,brand79,sub_brand2,BOTELLA,NO RETORNABLE,500,0.100887932,33782.99609,13.12530041,1.138299942
6/22/2025,market1,ABI,brand45,sub_brand2,BOTELLA,RETORNABLE,330,0.346773058,9376.799805,173.9844055,0.677699983
6/22/2025,market1,ABI,brand3,sub_brand3,BOTELLA,RETORNABLE,1000,0.02414152,3500,50.92309952,0.039500002
6/22/2025,market1,manufacturer10,brand20,sub_brand17,LATA,NO RETORNABLE,250,0.899667561,11297.7793,334.2601929,3.823400021
6/22/2025,market1,manufacturer19,brand39,sub_brand2,BOTELLA,NO RETORNABLE,330,0.0240734,37481.48438,5.598100185,0.0087
6/22/2025,market1,manufacturer45,brand79,sub_brand2,LATA,NO RETORNABLE,500,0.01034681,28120.01953,0.0999,0.142399997
6/22/2025,market1,manufacturer16,brand31,sub_brand2,LATA,NO RETORNABLE,500,0.00422319,24390.51172,0,0.354400009
6/22/2025,market1,ABI,brand26,sub_brand6,BOTELLA,NO RETORNABLE,330,6.30499649,14381.80469,1472.083252,16.30879974
6/22/2025,market1,ABI,brand51,sub_brand3,BOTELLA,RETORNABLE,330,0.137260884,11223.79785,58.83000183,0.314399987
6/22/2025,market1,ABI,brand25,sub_brand2,BOTELLA,NO RETORNABLE,330,0.488340318,18098.45313,190.3161926,0.979099989
6/22/2025,market1,manufacturer10,brand35,sub_brand2,LATA,NO RETORNABLE,330,1.204605341,5453.36377,413.6618958,3.850500107
6/22/2025,market1,ABI,brand12,sub_brand3,BOTELLA,RETORNABLE,250,1.094064713,10039.78613,3777.928223,3.54460001
6/22/2025,market1,manufacturer10,brand14,sub_brand3,BOTELLA,RETORNABLE,250,0.564800262,7827.42041,137.4598999,0.622600019
6/22/2025,market1,ABI,brand83,sub_brand3,BOTELLA,NO RETORNABLE,330,0.189053386,13278.00391,84.8443985,2.752099991
6/22/2025,market1,manufacturer10,brand14,sub_brand5,BOTELLA,NO RETORNABLE,300,0.556472361,8569.864258,792.2672119,2.026000023
6/22/2025,market1,ABI,brand26,sub_brand6,LATA,NO RETORNABLE,269,1.245908856,11549.08789,143.5675049,4.246900082
6/22/2025,market1,manufacturer10,brand57,sub_brand25,BOTELLA,NO RETORNABLE,250,0.533546686,6327.330566,174.8769989,1.512300014
6/22/2025,market1,ABI,brand26,sub_brand9,BOTELLA,RETORNABLE,330,10.17853832,18591.7168,6517.63623,21.99449921
6/22/2025,market1,ABI,brand12,sub_brand3,LATA,NO RETORNABLE,355,0.040589519,8271.643555,28.98049927,0.041099999
6/22/2025,market1,ABI,brand7,sub_brand40,BOTELLA,NO RETORNABLE,330,0.296022356,14509.85059,53.51369858,2.274300098
6/22/2025,market1,manufacturer27,brand54,sub_brand2,BOTELLA,NO RETORNABLE,330,0.125134364,52376.49219,27.67569923,1.371700048
6/22/2025,market1,manufacturer22,brand46,sub_brand2,LATA,NO RETORNABLE,500,0.158458039,34749.875,34.68130112,1.13380003
6/22/2025,market1,manufacturer31,brand69,sub_brand2,LATA,NO RETORNABLE,330,0.04518811,11553.99512,0,0.970700026
6/22/2025,market1,manufacturer36,brand66,sub_brand2,LATA,NO RETORNABLE,500,0.144095108,26710.48242,7.111800194,2.063199997
6/22/2025,market1,manufacturer10,brand20,sub_brand3,LATA,NO RETORNABLE,269,1.302745581,13253.98242,570.7595215,1.907299995
6/22/2025,market1,manufacturer8,brand38,sub_brand2,LATA,NO RETORNABLE,330,0.0223829,36738.59375,0,0.755400002
6/22/2025,market1,manufacturer10,brand57,sub_brand25,LATA,NO RETORNABLE,310,1.321469903,9216.512695,569.5888062,5.427299976
6/22/2025,market1,ABI,brand1,sub_brand10,BOTELLA,NO RETORNABLE,330,0.00021116,8156.565918,0,0.0051
6/22/2025,market1,ABI,brand3,sub_brand12,BOTELLA,NO RETORNABLE,320,0.066836849,9043.438477,25.01049995,0.076499999
6/22/2025,market1,ABI,brand7,sub_brand4,LATA,NO RETORNABLE,269,0.633716285,12588.19727,121.2173004,3.468400002
6/22/2025,market1,manufacturer38,brand80,sub_brand2,LATA,NO RETORNABLE,500,0.126468599,30471.81445,0.3583,1.871000051
6/22/2025,market1,manufacturer10,brand20,sub_brand3,BOTELLA,NO RETORNABLE,250,5.029458523,13508.72656,2460.193359,13.14579964
6/22/2025,market1,manufacturer17,brand34,sub_brand3,BOTELLA,RETORNABLE,330,0.00952658,42424.24609,0.965399981,0.0026
6/22/2025,market1,ABI,brand1,sub_brand1,LATA,NO RETORNABLE,330,22.01832771,10039.10254,17844.0918,38.9632988
6/22/2025,market1,ABI,brand50,sub_brand9,BOTELLA,NO RETORNABLE,210,29.62659836,16649.79102,24877.31445,65.87889862
6/22/2025,market1,ABI,brand15,sub_brand3,BOTELLA,RETORNABLE,300,0.049421292,11306.00977,59.77190018,0.023600001
6/22/2025,market1,ABI,brand7,sub_brand29,BOTELLA,NO RETORNABLE,330,0.125966594,10421.59766,17.3416996,1.448600054
6/22/2025,market1,manufacturer10,brand22,sub_brand13,BOTELLA,NO RETORNABLE,750,0.02567493,26863.28906,0.740499973,0.050000001
6/22/2025,market1,manufacturer10,brand20,sub_brand3,BOTELLA,NO RETORNABLE,330,2.120640278,14562.83691,534.2075195,6.040200233
6/22/2025,market1,ABI,brand16,sub_brand5,LATA,NO RETORNABLE,473,11.33280754,8426.700195,12542.79492,17.65670013
6/22/2025,market1,manufacturer11,brand19,sub_brand3,BOTELLA,NO RETORNABLE,500,0.448464066,35844.60547,65.64630127,2.183500051
6/22/2025,market1,ABI,brand1,sub_brand26,LATA,NO RETORNABLE,330,4.655464649,10701.75293,2557.97168,10.41539955
6/22/2025,market1,ABI,brand16,sub_brand3,BOTELLA,RETORNABLE,330,40.1478653,9209.376953,168081.75,77.09130096
6/22/2025,market1,manufacturer3,brand52,sub_brand2,LATA,NO RETORNABLE,500,0.031310402,23999.55273,7.26609993,0.058499999
6/22/2025,market1,manufacturer10,brand14,sub_brand3,LATA,NO RETORNABLE,330,0.941435575,8182.678223,162.6710052,0.571500003
6/22/2025,market1,manufacturer10,brand57,sub_brand25,LATA,NO RETORNABLE,269,0.191055864,9837.391602,60.4333992,0.131999999
6/22/2025,market1,ABI,brand16,sub_brand5,LATA,NO RETORNABLE,269,3.548855066,8737.664063,5585.430176,11.29800034
6/22/2025,market1,manufacturer10,brand20,sub_brand3,LATA,NO RETORNABLE,330,0.11950954,11769.71777,21.9727993,0.104400001
6/22/2025,market1,manufacturer21,brand41,sub_brand3,LATA,NO RETORNABLE,473,0.01457,28515.83008,0,0.480100006
6/22/2025,market1,manufacturer22,brand46,sub_brand2,BOTELLA,NO RETORNABLE,250,0.01879319,21824.36133,0,0.820500016
6/22/2025,market1,ABI,brand7,sub_brand40,LATA,NO RETORNABLE,269,2.086122751,14472.53223,244.4064026,6.143899918
6/22/2025,market1,manufacturer10,brand57,sub_brand25,LATA,NO RETORNABLE,330,0.064400427,9643.783203,13.18830013,0.0359
6/22/2025,market1,ABI,brand16,sub_brand5,LATA,NO RETORNABLE,330,13.91046333,9763.163086,10957.59668,27.70700073
6/22/2025,market1,ABI,brand12,sub_brand3,BOTELLA,NO RETORNABLE,330,0.01007967,7143.046387,110.1261978,0.0209
6/22/2025,market1,ABI,brand16,sub_brand20,LATA,NO RETORNABLE,330,9.541144371,7340.379883,2064.963135,18.95330048
6/22/2025,market1,ABI,brand1,sub_brand33,LATA,NO RETORNABLE,330,1.976032615,10844.27246,1028.290649,4.99819994
6/22/2025,market1,ABI,brand25,sub_brand2,LATA,NO RETORNABLE,250,0.01243311,14610.49609,0.072400004,0.0048
6/22/2025,market1,ABI,brand1,sub_brand1,LATA,NO RETORNABLE,473,9.139699936,8941.496094,9133.646484,14.06019974
6/22/2025,market1,ABI,brand1,sub_brand10,LATA,NO RETORNABLE,330,0.034632418,9078.405273,5.188300133,0.082400002
6/22/2025,market1,manufacturer10,brand17,sub_brand3,LATA,NO RETORNABLE,310,1.298401833,9639.149414,385.4758911,5.06829977
6/22/2025,market1,ABI,brand25,sub_brand2,LATA,NO RETORNABLE,330,0.00401203,11713.5498,0,0.0064
6/22/2025,market1,ABI,brand73,sub_brand15,LATA,NO RETORNABLE,330,1.631343007,5241.479492,2738.945313,2.687400103
6/22/2025,market1,manufacturer10,brand20,sub_brand3,BOTELLA,RETORNABLE,330,0.00322835,12121.29688,0.855199993,0.0058
6/22/2025,market1,ABI,brand15,sub_brand3,BOTELLA,RETORNABLE,750,0.00047756,8407.399414,1.00880003,0.0004
6/22/2025,market1,ABI,brand36,sub_brand3,LATA,NO RETORNABLE,330,0.696194887,5592.947754,172.1990967,1.809299946
6/22/2025,market1,ABI,brand71,sub_brand3,BOTELLA,RETORNABLE,175,10.33480358,16016.98145,15203.96387,30.80150032
6/22/2025,market1,manufacturer11,brand19,sub_brand3,LATA,NO RETORNABLE,500,0.149404943,27311.6875,5.977799892,1.683400035
6/22/2025,market1,ABI,brand1,sub_brand1,BOTELLA,NO RETORNABLE,330,0.344149321,10200.44238,180.0688934,1.999600053
6/22/2025,market1,ABI,brand3,sub_brand3,BOTELLA,RETORNABLE,750,5.447948456,5204.780273,17694.87695,12.54020023
6/22/2025,market1,ABI,brand45,sub_brand2,BOTELLA,NO RETORNABLE,250,4.556675911,13725.1709,2023.525391,13.26379967
6/22/2025,market1,ABI,brand16,sub_brand41,BOTELLA,NO RETORNABLE,330,0.194376975,11930.71094,13.01270008,2.75819993
6/22/2025,market1,ABI,brand1,sub_brand7,LATA,NO RETORNABLE,330,3.472285271,10811.19922,1514.37085,7.782299995
6/22/2025,market1,ABI,brand16,sub_brand3,BOTELLA,NO RETORNABLE,500,0.00859288,2999.411865,0,1.00E-04
6/22/2025,market1,manufacturer8,brand18,sub_brand2,LATA,NO RETORNABLE,330,0.0270284,37410.13672,0,0.729900002
6/22/2025,market1,ABI,brand7,sub_brand23,LATA,NO RETORNABLE,269,0.158731923,14660.66504,6.506899834,0.083800003
6/22/2025,market1,ABI,brand81,sub_brand3,LATA,NO RETORNABLE,269,5.037736893,10876.49414,662.3764038,9.325400352
6/22/2025,market1,ABI,brand42,sub_brand5,LATA,NO RETORNABLE,330,0.045756679,9090.913086,1.579100013,0.039000001
6/22/2025,market1,ABI,brand26,sub_brand9,BOTELLA,NO RETORNABLE,355,0.603317916,16764.05664,214.6298981,1.035599947
6/22/2025,market1,ABI,brand16,sub_brand3,BOTELLA,RETORNABLE,250,0.258175939,11867.69434,665.2532959,0.583700001
6/22/2025,market1,manufacturer28,brand55,sub_brand2,BOTELLA,NO RETORNABLE,330,0.042501848,63936.00391,3.385099888,0.524900019
6/22/2025,market1,ABI,brand1,sub_brand7,BOTELLA,NO RETORNABLE,330,0.10402073,11378.80664,56.17219925,0.26730001
6/22/2025,market1,ABI,brand16,sub_brand5,BOTELLA,RETORNABLE,1000,10.00823975,6345.126953,20767.6582,19.36490059
6/22/2025,market1,ABI,brand16,sub_brand3,BOTELLA,NO RETORNABLE,330,0.365923107,8228.645508,434.2966919,1.364099979
6/22/2025,market1,manufacturer3,brand4,sub_brand2,LATA,NO RETORNABLE,500,0.031310402,23999.92383,8.893600464,0.058499999
6/22/2025,market1,manufacturer16,brand31,sub_brand2,LATA,NO RETORNABLE,500,0.060901958,42961.37109,0,0.149299994
6/22/2025,market1,manufacturer10,brand33,sub_brand3,LATA,NO RETORNABLE,330,2.74371767,6065.36377,1016.814575,2.808500051
6/22/2025,market1,ABI,brand16,sub_brand5,LATA,NO RETORNABLE,296,0.066302232,9041.878906,36.51929855,0.282799989
6/22/2025,market1,manufacturer10,brand57,sub_brand25,BOTELLA,RETORNABLE,330,1.030495286,7577.108887,1410.988647,3.328999996
6/22/2025,market1,manufacturer22,brand46,sub_brand2,BOTELLA,NO RETORNABLE,330,0.450123101,49962.9375,158.5305939,2.869899988
6/22/2025,market1,manufacturer47,brand88,sub_brand3,BOTELLA,NO RETORNABLE,,0.00625634,31338.14258,0,0.053199999
6/22/2025,market1,ABI,brand3,sub_brand12,LATA,NO RETORNABLE,473,3.349403381,8069.926758,1244.342285,5.528999805
6/22/2025,market1,ABI,brand84,sub_brand37,BOTELLA,NO RETORNABLE,355,0.445607781,17432.34766,94.80970001,2.741300106
6/22/2025,market1,ABI,brand12,sub_brand16,BOTELLA,RETORNABLE,330,0.29899177,7575.756348,38.12400055,0.0056
6/22/2025,market1,manufacturer9,brand13,sub_brand2,BOTELLA,NO RETORNABLE,750,0.01224724,50518.10938,0,0.441599995
6/22/2025,market1,manufacturer10,brand14,sub_brand3,BOTELLA,RETORNABLE,750,2.221565485,5562.104492,3714.825195,5.099699974
6/22/2025,market1,manufacturer30,brand59,sub_brand2,BOTELLA,NO RETORNABLE,500,0.043152049,36182.12109,7.586299896,1.351199985
6/22/2025,market1,ABI,brand3,sub_brand3,BOTELLA,RETORNABLE,330,13.54072666,6580.885742,30960.2168,32.55009842
6/22/2025,market1,manufacturer4,brand5,sub_brand2,LATA,NO RETORNABLE,500,0.179294556,33695.55859,22.93589973,1.458600044
6/22/2025,market1,ABI,brand51,sub_brand3,LATA,NO RETORNABLE,296,0.035700951,11824.04004,3.438600063,0.214100003
6/22/2025,market1,manufacturer24,brand48,sub_brand2,BOTELLA,NO RETORNABLE,330,0.064229511,44384.28906,3.183199883,0.087300003
6/22/2025,market1,manufacturer22,brand46,sub_brand2,LATA,NO RETORNABLE,330,0.078584827,28700.05664,0.281800002,1.11500001
6/22/2025,market1,ABI,brand50,sub_brand9,BOTELLA,NO RETORNABLE,207,0.03253432,13685.66016,62.79460144,0.059900001
6/22/2025,market1,ABI,brand51,sub_brand40,LATA,NO RETORNABLE,269,4.519220829,12944.75,1131.422974,12.24979973
6/22/2025,market1,manufacturer34,brand64,sub_brand2,BOTELLA,NO RETORNABLE,750,0.01457,77562.98438,0,0.801999986
6/22/2025,market1,manufacturer10,brand14,sub_brand3,BOTELLA,NO RETORNABLE,250,0.208600208,9352.529297,6.424200058,0.074100003
6/22/2025,market1,ABI,brand26,sub_brand9,BOTELLA,NO RETORNABLE,330,11.16569138,13301.02637,7660.182129,24.40699959
6/22/2025,market1,ABI,brand1,sub_brand26,BOTELLA,NO RETORNABLE,330,0.012299,12121.21191,2.435800076,0.016000001
6/22/2025,market1,manufacturer7,brand9,sub_brand2,BOTELLA,NO RETORNABLE,650,0.034272268,8783.384766,3.607899904,0.810500026
6/22/2025,market1,manufacturer45,brand79,sub_brand2,BOTELLA,NO RETORNABLE,330,0.03012592,38788.54297,2.843400002,0.501900017
6/22/2025,market1,manufacturer10,brand22,sub_brand27,BOTELLA,NO RETORNABLE,300,0.272342443,18789.16992,34.87379837,2.965600014
6/22/2025,market1,manufacturer10,brand20,sub_brand3,LATA,NO RETORNABLE,473,3.022375107,9145.032227,1974.311157,5.868999958
6/22/2025,market1,manufacturer22,brand46,sub_brand2,LATA,NO RETORNABLE,500,0.00042232,14945.85352,0,0.0185
6/22/2025,market1,manufacturer37,brand67,sub_brand2,BOTELLA,NO RETORNABLE,330,0.00633478,38912.51172,0,0.314099997
6/22/2025,market1,manufacturer39,brand70,sub_brand3,LATA,NO RETORNABLE,330,0.02573978,18577.82227,0.310699999,0.663100004
6/22/2025,market1,manufacturer22,brand46,sub_brand2,LATA,NO RETORNABLE,355,0.00717942,38755.375,0,0.260100007
6/22/2025,market1,manufacturer10,brand14,sub_brand5,BOTELLA,RETORNABLE,330,2.93088603,8439.494141,2880.169189,6.501399994
6/22/2025,market1,manufacturer10,brand22,sub_brand18,BOTELLA,NO RETORNABLE,300,0.294079423,18493.75391,55.74079895,1.985700011
6/22/2025,market1,manufacturer22,brand46,sub_brand2,LATA,NO RETORNABLE,,0.190778807,30766.04688,33.96989822,0.771099985
6/22/2025,market1,manufacturer10,brand20,sub_brand17,BOTELLA,NO RETORNABLE,330,0.039009292,10678.75684,12.87839985,0.0517
6/22/2025,market1,manufacturer10,brand22,sub_brand13,BOTELLA,NO RETORNABLE,300,3.514515162,16983.1582,723.7158813,8.097900391
6/22/2025,market1,ABI,brand12,sub_brand3,LATA,NO RETORNABLE,330,27.03607368,9605.638672,35282.60156,44.64640045
6/22/2025,market1,manufacturer10,brand14,sub_brand3,LATA,NO RETORNABLE,473,10.42238235,7565.26123,8707.317383,12.40880013
6/22/2025,market1,ABI,brand81,sub_brand3,BOTELLA,NO RETORNABLE,355,0.385125518,9844.128906,67.32420349,0.505599976
6/22/2025,market1,manufacturer10,brand22,sub_brand2,BOTELLA,NO RETORNABLE,330,0.064674303,9673.660156,13.09549999,0.0024
6/22/2025,market1,ABI,brand32,sub_brand2,BOTELLA,RETORNABLE,330,2.588922024,5931.249512,3775.512207,7.562300205
6/22/2025,market1,manufacturer11,brand19,sub_brand14,BOTELLA,NO RETORNABLE,330,0.00977778,48484.82031,0.73269999,0.091899998
6/22/2025,market1,ABI,brand25,sub_brand2,LATA,NO RETORNABLE,269,9.001995087,13185.51465,1694.414185,15.33810043
6/22/2025,market1,manufacturer44,brand78,sub_brand2,BOTELLA,NO RETORNABLE,330,0.070615292,58623.65234,4.56580019,0.397199988
6/22/2025,market1,ABI,brand50,sub_brand9,BOTELLA,RETORNABLE,210,3.951389551,18871.66211,1194.38623,9.524900436
6/22/2025,market1,ABI,brand16,sub_brand5,BOTELLA,RETORNABLE,750,4.358819962,7309.458496,9306.30957,8.397999763
6/22/2025,market1,manufacturer10,brand35,sub_brand2,BOTELLA,RETORNABLE,330,0.074037872,5945.821777,114.7554016,0.223900005
6/22/2025,market1,ABI,brand32,sub_brand2,BOTELLA,RETORNABLE,250,0.037546929,4818.113281,0,0.0647
6/22/2025,market1,manufacturer21,brand41,sub_brand3,LATA,NO RETORNABLE,330,0.01224724,30382.17969,0,0.477400005
6/22/2025,market1,ABI,brand1,sub_brand42,LATA,NO RETORNABLE,269,0.751607418,13370.66211,100.2823029,4.426599979
6/22/2025,market1,ABI,brand16,sub_brand6,LATA,NO RETORNABLE,355,0.00168623,6359.384766,0.351999998,0.002
6/22/2025,market1,ABI,brand1,sub_brand10,BOTELLA,RETORNABLE,330,0.215508834,9459.449219,7.561500072,0.0276
6/22/2025,market1,manufacturer10,brand20,sub_brand3,LATA,NO RETORNABLE,250,0.00209865,11659.66602,0.953499973,0.0019
6/22/2025,market1,manufacturer16,brand43,sub_brand2,BOTELLA,NO RETORNABLE,500,0.035785291,34556.05859,0,1.148100019
6/22/2025,market1,ABI,brand16,sub_brand3,LATA,NO RETORNABLE,330,31.25190735,9492.12793,42208.875,51.04180145
6/22/2025,market1,manufacturer10,brand14,sub_brand5,LATA,NO RETORNABLE,310,1.648711443,8134.058594,576.5830078,5.257900238
6/22/2025,market1,manufacturer10,brand17,sub_brand3,BOTELLA,NO RETORNABLE,355,0.00759944,15016.87012,3.688699961,0.038199998
6/22/2025,market1,manufacturer8,brand10,sub_brand2,LATA,NO RETORNABLE,330,0.0155748,35800.03125,0.005,0.507600009
6/22/2025,market1,manufacturer10,brand14,sub_brand5,LATA,NO RETORNABLE,473,1.223954082,7807.187988,425.1915894,1.692999959
6/22/2025,market1,manufacturer9,brand13,sub_brand2,BOTELLA,NO RETORNABLE,330,0.168619215,53110.67969,35.66139984,1.980999947
6/22/2025,market1,manufacturer10,brand22,sub_brand13,LATA,NO RETORNABLE,269,2.397488356,12733.37207,658.4598999,6.678199768
6/22/2025,market1,ABI,brand12,sub_brand3,OTROS ENVASES,NO RETORNABLE,330,0.395548731,9657.017578,539.1126099,0.296999991
6/22/2025,market1,ABI,brand12,sub_brand3,LATA,NO RETORNABLE,473,14.63533497,8368.912109,21450.14063,20.40099907
6/22/2025,market1,manufacturer10,brand20,sub_brand3,BOTELLA,RETORNABLE,250,1.335113764,13749.57129,1101.752441,4.785999775
6/22/2025,market1,ABI,brand51,sub_brand3,BOTELLA,NO RETORNABLE,250,0.00126696,23702.02344,0,0.0045
6/22/2025,market1,manufacturer22,brand46,sub_brand37,LATA,NO RETORNABLE,500,0.122161813,24867.17773,20.85650063,0.925499976
6/22/2025,market1,ABI,brand45,sub_brand2,LATA,NO RETORNABLE,355,0.220436886,7082.497559,74.20880127,0.1193
6/22/2025,market1,manufacturer10,brand14,sub_brand3,BOTELLA,NO RETORNABLE,300,0.414494485,8465.225586,191.4660034,0.880699992
6/22/2025,market1,manufacturer47,brand88,sub_brand3,LATA,NO RETORNABLE,355,0.01260712,22535.2168,3.242199898,0.0031
6/22/2025,market1,manufacturer10,brand33,sub_brand3,LATA,NO RETORNABLE,269,0.041197889,8029.378906,21.05780029,0.0254
6/22/2025,market1,ABI,brand1,sub_brand26,BOTELLA,RETORNABLE,330,2.867946863,13308.50391,2139.853027,8.497599602
6/22/2025,market1,ABI,brand1,sub_brand7,BOTELLA,RETORNABLE,330,3.105017662,13005.56348,1466.24707,8.695400238
6/22/2025,market1,ABI,brand16,sub_brand20,LATA,NO RETORNABLE,355,0.00156199,4576.523926,2.535300016,0.0114
6/22/2025,market1,manufacturer3,brand11,sub_brand2,BOTELLA,NO RETORNABLE,500,0.03771909,32439.52734,4.379799843,1.224099994
6/22/2025,market1,manufacturer10,brand22,sub_brand19,BOTELLA,NO RETORNABLE,300,0.244945034,22231.83008,27.44949913,2.226500034
6/22/2025,market1,ABI,brand44,sub_brand15,LATA,NO RETORNABLE,330,0.092259511,5359.062012,5.093999863,0.541199982
6/22/2025,market1,ABI,brand1,sub_brand34,BOTELLA,RETORNABLE,,6.04805851,7264.089355,7949.722656,14.04699993
6/22/2025,market1,manufacturer9,brand23,sub_brand2,BOTELLA,NO RETORNABLE,330,0.11637748,61505.30078,14.23289967,1.255900025
6/22/2025,market1,manufacturer7,brand9,sub_brand2,LATA,NO RETORNABLE,500,0.00126696,25936.27539,0,0.0244
6/22/2025,market1,manufacturer10,brand14,sub_brand3,LATA,NO RETORNABLE,355,0.01051278,7249.195801,10.37160015,0.089500003
6/22/2025,market1,ABI,brand61,sub_brand3,LATA,NO RETORNABLE,269,0.00384473,11152.41504,3.303499937,0.032900002
6/22/2025,market1,manufacturer7,brand9,sub_brand2,LATA,NO RETORNABLE,330,0.00190043,7752.196777,0,0.0418
6/22/2025,market1,ABI,brand12,sub_brand3,BOTELLA,RETORNABLE,750,7.368173599,7064.810059,14529.15723,11.72249985
6/22/2025,market1,manufacturer11,brand19,sub_brand14,BOTELLA,NO RETORNABLE,500,0.165106922,37375.71484,21.91180038,1.707299948
6/22/2025,market1,ABI,brand61,sub_brand3,LATA,NO RETORNABLE,330,0.201871216,9968.175781,23.61689949,0.152199998
6/22/2025,market1,ABI,brand25,sub_brand2,BOTELLA,NO RETORNABLE,300,7.983477592,17118.63867,3281.140137,21.04400063
6/22/2025,market1,manufacturer10,brand22,sub_brand13,BOTELLA,NO RETORNABLE,330,0.372427642,15545.52539,78.16020203,0.689899981
6/22/2025,market1,ABI,brand16,sub_brand3,LATA,NO RETORNABLE,269,4.520409584,9479.676758,7009.052246,12.2262001
6/22/2025,market1,ABI,brand1,sub_brand32,BOTELLA,RETORNABLE,330,0.181409761,10606.06055,2.537499905,0.0502
6/22/2025,market1,manufacturer28,brand55,sub_brand2,BOTELLA,NO RETORNABLE,500,0.00950217,49215.10938,0,0.390799999
6/22/2025,market1,manufacturer10,brand14,sub_brand5,LATA,NO RETORNABLE,269,0.994678438,8217.821289,891.678894,4.938300133
6/22/2025,market1,manufacturer10,brand14,sub_brand5,BOTELLA,NO RETORNABLE,250,0.392422378,9520.674805,412.8789063,2.017699957
6/22/2025,market1,manufacturer10,brand22,sub_brand7,BOTELLA,NO RETORNABLE,330,1.366807103,17349.2832,186.9091034,4.049600124
6/22/2025,market1,manufacturer14,brand27,sub_brand2,BOTELLA,NO RETORNABLE,300,0.058642071,38008.35156,10.93610001,1.503200054
6/22/2025,market1,ABI,brand12,sub_brand3,LATA,NO RETORNABLE,269,3.199793816,8397.262695,2322.276855,5.882100105
6/22/2025,market1,manufacturer38,brand68,sub_brand2,LATA,NO RETORNABLE,500,0.00337855,21117.45313,0,0.327399999
6/22/2025,market1,manufacturer3,brand11,sub_brand2,LATA,NO RETORNABLE,500,0.057508878,23828.33008,0,1.638599992
6/22/2025,market1,ABI,brand1,sub_brand1,LATA,NO RETORNABLE,355,0.055299539,9176.610352,73.09069824,0.157800004
6/22/2025,market1,manufacturer22,brand46,sub_brand3,BOTELLA,NO RETORNABLE,330,0.00802406,52763.57031,0,0.379200011
6/22/2025,market1,manufacturer6,brand8,sub_brand2,LATA,NO RETORNABLE,330,0.080542907,5995.912598,20.1595993,0.0098
6/22/2025,market1,manufacturer10,brand14,sub_brand5,LATA,NO RETORNABLE,330,0.192730308,7587.483887,29.31850052,0.0506
6/22/2025,market1,ABI,brand3,sub_brand12,LATA,NO RETORNABLE,269,1.819682837,7825.681641,1706.917603,5.001200199
6/22/2025,market1,ABI,brand26,sub_brand9,BOTELLA,NO RETORNABLE,210,0.164248616,16249.83691,100.447998,0.314300001
6/22/2025,market1,ABI,brand16,sub_brand6,BOTELLA,RETORNABLE,330,0.028610811,7725.936523,5.096099854,0.018999999
6/22/2025,market1,manufacturer3,brand11,sub_brand2,BARRIL,NO RETORNABLE,5000,0.051380251,21781.39453,44.30730057,0.739099979
6/22/2025,market1,manufacturer32,brand62,sub_brand2,BOTELLA,NO RETORNABLE,330,0.137215853,50044.53906,33.58869934,1.994199991
6/22/2025,market1,ABI,brand1,sub_brand1,BOTELLA,RETORNABLE,330,24.5131321,11782.8252,32277.54102,58.42670059
6/22/2025,market1,manufacturer5,brand6,sub_brand2,LATA,NO RETORNABLE,500,0.01288072,30323.08789,0,0.426899999
6/22/2025,market1,manufacturer14,brand27,sub_brand2,BOTELLA,NO RETORNABLE,330,0.185614616,32235.26953,30.16340065,0.221300006
6/22/2025,market1,manufacturer10,brand33,sub_brand3,BOTELLA,RETORNABLE,330,6.430811405,6414.739746,9129.164063,12.44330025
6/22/2025,market1,manufacturer3,brand11,sub_brand2,BOTELLA,NO RETORNABLE,330,0.02902819,25725.82813,0,0.87559998
6/22/2025,market1,ABI,brand7,sub_brand4,BOTELLA,NO RETORNABLE,330,0.555812478,13739.97461,55.9715004,3.182300091
6/22/2025,market1,ABI,brand16,sub_brand3,BOTELLA,RETORNABLE,750,4.340348244,7844.762207,11337.49609,8.2645998
6/22/2025,market1,ABI,brand58,sub_brand3,LATA,NO RETORNABLE,330,0.766046703,5456.569336,527.53302,2.378900051
6/22/2025,market1,manufacturer16,brand43,sub_brand2,BOTELLA,NO RETORNABLE,500,0.121685229,24190.9375,7.726699829,1.441300035
6/22/2025,market1,ABI,brand16,sub_brand5,BOTELLA,NO RETORNABLE,300,0.049904291,10000.00195,5.104199886,0.0143
6/22/2025,market1,ABI,brand7,sub_brand22,BOTELLA,NO RETORNABLE,330,0.066664539,14593.23145,4.407800198,0.2958
6/22/2025,market1,ABI,brand16,sub_brand3,LATA,NO RETORNABLE,355,0.062016118,9738.615234,30.49279976,0.0211
6/22/2025,market1,ABI,brand16,sub_brand20,BOTELLA,RETORNABLE,330,0.467736363,8673.803711,207.2424927,1.01760006
6/22/2025,market1,manufacturer18,brand37,sub_brand2,BOTELLA,NO RETORNABLE,330,0.07057859,36563.51172,35.22800064,0.0814
6/22/2025,market1,ABI,brand3,sub_brand3,LATA,NO RETORNABLE,330,3.424947262,5780.435059,2574.153809,5.910099983
6/22/2025,market1,ABI,brand15,sub_brand3,LATA,NO RETORNABLE,355,0.00077601,9296.073242,0.417400002,0.0007
6/22/2025,market1,ABI,brand16,sub_brand5,BOTELLA,NO RETORNABLE,330,0.131866485,8572.834961,381.9923096,0.162
6/22/2025,market1,ABI,brand7,sub_brand31,BOTELLA,NO RETORNABLE,330,0.00021116,20300,0,0.012
6/22/2025,market1,manufacturer3,brand11,sub_brand2,BOTELLA,NO RETORNABLE,330,0.01726771,54545.45313,16.64430046,0.139699996
6/22/2025,market1,manufacturer11,brand19,sub_brand14,LATA,NO RETORNABLE,500,0.087624982,27967.66602,7.828800201,1.206900001
6/22/2025,market1,manufacturer10,brand22,sub_brand18,BOTELLA,NO RETORNABLE,330,0.520592272,19840.1543,32.71310043,1.286200047
6/22/2025,market1,manufacturer39,brand70,sub_brand3,BOTELLA,NO RETORNABLE,330,0.159521759,22078.9082,21.61339951,1.934100032
6/22/2025,market1,ABI,brand12,sub_brand3,BOTELLA,RETORNABLE,330,33.76185226,9465.509766,106440.8047,70.46459961
6/22/2025,market1,manufacturer10,brand33,sub_brand3,BOTELLA,RETORNABLE,750,4.094390392,4752.841309,7021.378906,7.20179987
6/22/2025,market1,manufacturer42,brand75,sub_brand2,BOTELLA,NO RETORNABLE,330,0.103161879,73486.67188,6.36289978,0.687300026
6/22/2025,market1,manufacturer44,brand78,sub_brand2,BOTELLA,NO RETORNABLE,750,0.00232275,80178.48438,0,0.1008
6/22/2025,market1,manufacturer10,brand14,sub_brand3,LATA,NO RETORNABLE,269,0.87036097,7880.289551,406.4338989,3.8671
6/22/2025,market1,manufacturer10,brand57,sub_brand25,BOTELLA,NO RETORNABLE,300,2.755590439,9542.40918,2738.607666,7.047100067
6/22/2025,market1,ABI,brand16,sub_brand3,BOTELLA,RETORNABLE,1000,12.44700909,6400.427246,30644.73242,25.04680061
6/22/2025,market1,ABI,brand16,sub_brand6,LATA,NO RETORNABLE,330,0.093698353,9146.848633,9.394200325,0.111000001
6/22/2025,market1,ABI,brand83,sub_brand3,BOTELLA,NO RETORNABLE,310,0.00952004,51399.03125,2.536099911,0.080600001
6/22/2025,market1,manufacturer22,brand46,sub_brand2,BOTELLA,RETORNABLE,330,0.056282591,17511.63281,1.000800014,0.609499991
6/22/2025,market1,ABI,brand7,sub_brand11,BOTELLA,NO RETORNABLE,330,0.00994512,15124.50488,0,0.0385
6/22/2025,market1,ABI,brand15,sub_brand3,BOTELLA,RETORNABLE,1000,3.669066191,6876.92041,8537.879883,5.942100048
6/22/2025,market1,manufacturer22,brand46,sub_brand3,LATA,NO RETORNABLE,330,0.01457,19756.45313,0,0.582899988
6/22/2025,market1,ABI,brand16,sub_brand41,BOTELLA,RETORNABLE,330,1.986673117,10570.85156,1151.852905,5.753499985
6/22/2025,market1,ABI,brand45,sub_brand2,LATA,NO RETORNABLE,269,23.81087875,10565.9834,21052.17383,45.64860153
6/22/2025,market1,manufacturer10,brand33,sub_brand3,LATA,NO RETORNABLE,355,0.159828946,7238.458496,40.49580002,0.150299996
6/22/2025,market1,manufacturer10,brand17,sub_brand3,BOTELLA,NO RETORNABLE,250,1.315716863,9105.736328,474.7388,3.62590003
6/22/2025,market1,manufacturer29,brand77,sub_brand2,LATA,NO RETORNABLE,500,0.02597261,11417.9248,0,0.772400022
6/22/2025,market1,manufacturer22,brand46,sub_brand37,BOTELLA,NO RETORNABLE,330,0.225514144,27970.34375,18.79770088,1.643100023
6/22/2025,market1,manufacturer10,brand20,sub_brand3,LATA,NO RETORNABLE,310,10.31625271,10238.62793,5391.549316,19.93950081
6/22/2025,market1,manufacturer34,brand64,sub_brand2,BOTELLA,NO RETORNABLE,330,0.174852833,87969.55469,18.61129951,1.752099991
6/22/2025,market1,ABI,brand1,sub_brand32,LATA,NO RETORNABLE,330,0.042787161,8618.831055,1.519199967,0.0071
6/22/2025,market1,ABI,brand15,sub_brand3,LATA,NO RETORNABLE,473,6.768583775,8568.972656,6950.273926,9.085700035
6/22/2025,market1,manufacturer10,brand90,sub_brand3,LATA,NO RETORNABLE,330,0.134980828,4899.290527,323.3323975,0.309599996
6/22/2025,market1,manufacturer10,brand17,sub_brand3,LATA,NO RETORNABLE,269,0.320896029,10771.22168,116.6617966,0.159299999
6/22/2025,market1,ABI,brand3,sub_brand12,LATA,NO RETORNABLE,330,19.57130814,9246.381836,17270.89063,40.71210098
6/22/2025,market1,ABI,brand12,sub_brand16,LATA,NO RETORNABLE,330,0.175171554,9862.21875,47.23049927,0.126900002
6/22/2025,market1,ABI,brand3,sub_brand12,BOTELLA,RETORNABLE,320,16.72213364,8450.944336,34392.09375,43.65480042
6/22/2025,market1,ABI,brand15,sub_brand3,LATA,NO RETORNABLE,330,1.961192966,8482.373047,721.227417,2.146500111
6/22/2025,market1,manufacturer8,brand18,sub_brand2,BOTELLA,NO RETORNABLE,330,0.0067571,42952.76563,0,0.395000011
6/22/2025,market1,ABI,brand15,sub_brand3,BOTELLA,RETORNABLE,330,7.390170097,11171.26855,11709.80664,10.13220024
6/22/2025,market1,manufacturer7,brand9,sub_brand2,BOTELLA,NO RETORNABLE,330,0.01357865,18594.09766,1.465399981,0.241799995
6/22/2025,market1,manufacturer16,brand31,sub_brand2,BOTELLA,NO RETORNABLE,500,0.223046869,33596.99609,71.84960175,2.144299984
6/22/2025,market1,manufacturer24,brand48,sub_brand2,BOTELLA,NO RETORNABLE,750,0.00190043,95050.71094,0,0.053399999
6/22/2025,market1,ABI,brand12,sub_brand21,BOTELLA,RETORNABLE,330,0.039824732,8960.883789,643.8997192,0.165000007
6/22/2025,market1,manufacturer10,brand22,sub_brand19,BOTELLA,NO RETORNABLE,330,0.280441225,22257.9707,12.49769974,0.903500021
6/22/2025,market1,manufacturer33,brand63,sub_brand2,BOTELLA,NO RETORNABLE,330,0.086702026,20774.99023,6.364500046,1.479400039
6/22/2025,market1,manufacturer26,brand53,sub_brand2,BOTELLA,NO RETORNABLE,250,0.212944567,54225.97266,12.68309975,1.986700058
6/22/2025,market1,manufacturer10,brand14,sub_brand5,BOTELLA,RETORNABLE,250,0.080235712,8000,31.42970085,0.027899999
6/22/2025,market1,ABI,brand16,sub_brand5,BOTELLA,RETORNABLE,250,0.157679498,11051.7207,1028.967651,0.9278
6/22/2025,market1,manufacturer17,brand34,sub_brand2,LATA,NO RETORNABLE,330,0.555118024,6818.199707,0.878600001,1.488899946
6/22/2025,market1,ABI,brand1,sub_brand33,BOTELLA,RETORNABLE,330,1.311863899,12549.89258,1076.094727,4.976200104
6/22/2025,market1,ABI,brand16,sub_brand5,BOTELLA,RETORNABLE,330,36.16017914,9795.507813,83951.46094,73.93440247
6/22/2025,market1,ABI,brand51,sub_brand3,LATA,NO RETORNABLE,269,17.52008629,12246.7373,5653.365723,35.37459946
6/22/2025,market1,ABI,brand26,sub_brand9,LATA,NO RETORNABLE,269,7.978982449,12839.9375,5488.05127,18.2614994
6/22/2025,market1,ABI,brand25,sub_brand2,BARRIL,NO RETORNABLE,,0.00126696,10880.11133,0,0.075900003
6/22/2025,market1,manufacturer10,brand14,sub_brand5,BOTELLA,RETORNABLE,750,0.424812019,6179.469238,267.289093,1.193400025
6/22/2025,market1,manufacturer10,brand14,sub_brand3,LATA,NO RETORNABLE,310,6.37745142,8265.645508,3349.496094,11.19209957
6/22/2025,market1,ABI,brand12,sub_brand3,BOTELLA,RETORNABLE,1000,14.23435974,6336.477539,45054.47266,28.47439957
8/23/2025,market1,ABI,brand25,sub_brand2,BOTELLA,NO RETORNABLE,300,9.1951828,17689.33984,3934.090332,23.42560005
8/23/2025,market1,ABI,brand1,sub_brand1,LATA,NO RETORNABLE,473,9.562561035,8985.160156,8896.625,16.04649925
8/23/2025,market1,manufacturer10,brand20,sub_brand3,LATA,NO RETORNABLE,473,3.252033949,9243.124023,2545.616455,7.144899845
8/23/2025,market1,ABI,brand71,sub_brand3,BOTELLA,RETORNABLE,175,10.25831509,16071.63965,12588.61426,29.93009949
8/23/2025,market1,manufacturer34,brand64,sub_brand2,BOTELLA,NO RETORNABLE,750,0.01140082,86018,0,0.536000013
8/23/2025,market1,manufacturer47,brand88,sub_brand3,LATA,NO RETORNABLE,355,0.00400302,22535.21875,1.784000039,0.002
8/23/2025,market1,manufacturer8,brand18,sub_brand2,LATA,NO RETORNABLE,330,0.02364615,41658.34375,0,0.892700016
8/23/2025,market1,manufacturer10,brand14,sub_brand3,BOTELLA,NO RETORNABLE,250,0.199533477,10000,35.47330093,0.064199999
8/23/2025,market1,manufacturer10,brand17,sub_brand3,LATA,NO RETORNABLE,310,1.04921937,9746.499023,349.7520142,5.097899914
8/23/2025,market1,manufacturer11,brand19,sub_brand3,LATA,NO RETORNABLE,500,0.115440011,30091.32227,11.54559994,1.913499951
8/23/2025,market1,ABI,brand3,sub_brand3,BOTELLA,RETORNABLE,330,13.22106552,6471.694336,31243.98438,31.32559967
8/23/2025,market1,manufacturer10,brand35,sub_brand2,BOTELLA,RETORNABLE,330,0.164354518,4986.946777,171.2751007,0.528699994
8/23/2025,market1,ABI,brand16,sub_brand5,LATA,NO RETORNABLE,269,4.329923153,8776.807617,7748.758789,13.11349964
8/23/2025,market1,ABI,brand16,sub_brand5,BOTELLA,RETORNABLE,750,4.46390152,7259.196289,7619.659668,8.673800468
8/23/2025,market1,ABI,brand16,sub_brand3,BOTELLA,RETORNABLE,1000,12.4868021,6446.347656,28582.10938,24.07600021
8/23/2025,market1,manufacturer10,brand17,sub_brand3,LATA,NO RETORNABLE,269,0.300718278,9629.6875,146.987793,0.129999995
8/23/2025,market1,manufacturer10,brand14,sub_brand5,BOTELLA,RETORNABLE,250,0.054654751,9703.261719,32.25619888,0.0062
8/23/2025,market1,manufacturer10,brand14,sub_brand5,LATA,NO RETORNABLE,310,1.571765423,8172.896484,828.3494263,5.321700096
8/23/2025,market1,ABI,brand1,sub_brand1,LATA,NO RETORNABLE,355,0.059073199,9718.479492,99.89859772,0.183699995
8/23/2025,market1,ABI,brand15,sub_brand3,LATA,NO RETORNABLE,330,1.709563613,8020.312012,683.2667847,2.35619998
8/23/2025,market1,ABI,brand16,sub_brand41,BOTELLA,RETORNABLE,330,2.455921173,10668.91992,1776.503418,6.128099918
8/23/2025,market1,manufacturer34,brand64,sub_brand2,BOTELLA,NO RETORNABLE,330,0.160342753,83948.22656,17.93320084,1.656800032
8/23/2025,market1,manufacturer3,brand11,sub_brand2,LATA,NO RETORNABLE,500,0.067707151,24200.71289,0.330300003,1.729900002
8/23/2025,market1,ABI,brand58,sub_brand3,LATA,NO RETORNABLE,330,0.921782553,5449.232422,702.1199951,2.550199986
8/23/2025,market1,manufacturer10,brand14,sub_brand3,BOTELLA,RETORNABLE,330,4.595254421,8341.05957,4416.470215,9.085900307
8/23/2025,market1,ABI,brand1,sub_brand34,BOTELLA,RETORNABLE,,5.386752605,7280.712402,7384.376465,13.59210014
8/23/2025,market1,ABI,brand15,sub_brand3,LATA,NO RETORNABLE,355,0.01894572,10281.39551,4.237699986,0.019200001
8/23/2025,market1,manufacturer10,brand57,sub_brand25,LATA,NO RETORNABLE,269,0.669465959,10129.31152,562.1959839,1.321799994
8/23/2025,market1,ABI,brand16,sub_brand6,LATA,NO RETORNABLE,330,0.211934,8271.111328,8.231800079,0.342799991
8/23/2025,market1,manufacturer16,brand31,sub_brand2,LATA,NO RETORNABLE,500,0.022090239,36196.29688,0.66049999,0.0063
8/23/2025,market1,ABI,brand16,sub_brand20,BOTELLA,RETORNABLE,330,0.578465998,10411.14844,356.6984863,1.733399987
8/23/2025,market1,ABI,brand16,sub_brand5,LATA,NO RETORNABLE,473,11.0821209,8460.091797,9880.966797,18.4048996
8/23/2025,market1,ABI,brand15,sub_brand3,BOTELLA,RETORNABLE,330,7.236442566,11396.69043,12453.93457,10.18000031
8/23/2025,market1,ABI,brand51,sub_brand40,LATA,NO RETORNABLE,269,5.494078159,12815.31641,1284.625854,15.67259979
8/23/2025,market1,manufacturer22,brand46,sub_brand37,LATA,NO RETORNABLE,330,0.02153489,26601.67578,0,1.191699982
8/23/2025,market1,manufacturer10,brand14,sub_brand3,BOTELLA,NO RETORNABLE,300,0.354413718,8693.110352,109.4151001,0.925300002
8/23/2025,market1,manufacturer2,brand2,sub_brand2,BOTELLA,NO RETORNABLE,500,0.054108411,21532.26172,27.2404995,0.25
8/23/2025,market1,ABI,brand16,sub_brand20,LATA,NO RETORNABLE,355,0.00156174,4576.661621,2.271399975,0.0069
8/23/2025,market1,ABI,brand61,sub_brand3,BOTELLA,NO RETORNABLE,275,0.254189879,10893.74805,19.8757,0.193700001
8/23/2025,market1,ABI,brand12,sub_brand3,BOTELLA,RETORNABLE,1000,14.24970055,6263.470703,41573.53516,27.2262001
8/23/2025,market1,ABI,brand16,sub_brand3,BOTELLA,NO RETORNABLE,330,0.295534939,8697.432617,901.4708252,0.780499995
8/23/2025,market1,ABI,brand1,sub_brand7,LATA,NO RETORNABLE,330,3.033712864,11609.61621,1026.239502,4.954599857
8/23/2025,market1,manufacturer22,brand46,sub_brand2,LATA,NO RETORNABLE,355,0.00570041,38430.76563,0,0.328599989
8/23/2025,market1,manufacturer10,brand22,sub_brand19,BOTELLA,NO RETORNABLE,300,0.266593963,24650.83789,28.40600014,2.596400023
8/23/2025,market1,ABI,brand12,sub_brand3,LATA,NO RETORNABLE,269,3.207967281,9005.68457,1809.501831,6.152400017
8/23/2025,market1,ABI,brand16,sub_brand5,LATA,NO RETORNABLE,296,0.053827111,9798.107422,64.34870148,0.287999988
8/23/2025,market1,ABI,brand50,sub_brand9,BOTELLA,NO RETORNABLE,207,0.034044132,14792.4707,118.0105972,0.066799998
8/23/2025,market1,ABI,brand1,sub_brand32,LATA,NO RETORNABLE,330,0.00943663,8058.193848,1.388599992,0.0036
8/23/2025,market1,ABI,brand7,sub_brand40,LATA,NO RETORNABLE,269,1.789703488,15295.11328,240.167099,5.492599964
8/23/2025,market1,ABI,brand51,sub_brand3,BOTELLA,NO RETORNABLE,250,0.00426205,19039.92969,1.177600026,0.0154
8/23/2025,market1,manufacturer22,brand46,sub_brand2,BOTELLA,NO RETORNABLE,500,0.120713502,44122.61328,26.31480026,1.165699959
8/23/2025,market1,manufacturer10,brand33,sub_brand3,LATA,NO RETORNABLE,330,2.578022718,6032.467773,931.1796875,3.124500036
8/23/2025,market1,manufacturer10,brand14,sub_brand3,BOTELLA,RETORNABLE,750,2.005550623,5642.089844,2762.371582,4.519599915
8/23/2025,market1,manufacturer11,brand19,sub_brand14,BOTELLA,NO RETORNABLE,330,0.01001662,48484.86719,1.098999977,0.079000004
8/23/2025,market1,manufacturer16,brand31,sub_brand2,LATA,NO RETORNABLE,500,0.0071783,27001.89063,0,0.449600011
8/23/2025,market1,ABI,brand61,sub_brand3,LATA,NO RETORNABLE,330,0.124162927,8645.193359,26.63479996,0.1109
8/23/2025,market1,manufacturer16,brand31,sub_brand2,BOTELLA,NO RETORNABLE,500,0.220053285,35751.16406,70.17030334,2.345099926
8/23/2025,market1,ABI,brand16,sub_brand5,LATA,NO RETORNABLE,330,13.90996647,9944.556641,9906.022461,28.72290039
8/23/2025,market1,manufacturer19,brand39,sub_brand2,BOTELLA,NO RETORNABLE,330,0.02432617,37400.24219,6.343999863,0.0042
8/23/2025,market1,manufacturer7,brand9,sub_brand2,BOTELLA,NO RETORNABLE,650,0.02043674,13976.00488,0.721599996,0.370099992
8/23/2025,market1,manufacturer42,brand75,sub_brand2,BOTELLA,NO RETORNABLE,330,0.03221288,66160.44531,2.559999943,0.194999993
8/23/2025,market1,manufacturer22,brand46,sub_brand3,BOTELLA,NO RETORNABLE,330,0.00527816,54419.75391,0,0.3134
8/23/2025,market1,ABI,brand12,sub_brand3,BOTELLA,RETORNABLE,330,33.82020187,9618.890625,107810.6719,70.03410339
8/23/2025,market1,ABI,brand12,sub_brand3,OTROS ENVASES,NO RETORNABLE,330,0.349787503,9914.697266,403.0351868,0.195899993
8/23/2025,market1,manufacturer22,brand46,sub_brand2,LATA,NO RETORNABLE,330,0.071190439,29767.5918,0,0.944700003
8/23/2025,market1,manufacturer39,brand70,sub_brand3,LATA,NO RETORNABLE,330,0.01388059,19306.33203,0.300000012,0.118000001
8/23/2025,market1,manufacturer38,brand80,sub_brand2,LATA,NO RETORNABLE,500,0.077071607,30536.42188,0.330300003,2.003599882
8/23/2025,market1,manufacturer18,brand37,sub_brand2,BOTELLA,NO RETORNABLE,330,0.061317299,32800.91797,44.34899902,0.096600004
8/23/2025,market1,ABI,brand3,sub_brand12,LATA,NO RETORNABLE,269,3.01520586,8573.143555,2113.15625,6.935900211
8/23/2025,market1,manufacturer21,brand41,sub_brand3,LATA,NO RETORNABLE,330,0.01182308,29746.44141,0,0.518999994
8/23/2025,market1,manufacturer38,brand68,sub_brand2,LATA,NO RETORNABLE,500,0.0040114,23569.5332,0,0.426699996
8/23/2025,market1,ABI,brand1,sub_brand26,LATA,NO RETORNABLE,330,4.047050476,10201.12988,2614.627197,9.64470005
8/23/2025,market1,manufacturer3,brand11,sub_brand2,BARRIL,NO RETORNABLE,5000,0.00886731,27901.90625,0,0.398299992
8/23/2025,market1,ABI,brand26,sub_brand9,LATA,NO RETORNABLE,269,7.937752724,12941.1084,5121.723145,19.50149918
8/23/2025,market1,ABI,brand45,sub_brand2,LATA,NO RETORNABLE,269,24.45983315,10817.90039,18656.7207,47.8742981
8/23/2025,market1,ABI,brand3,sub_brand12,LATA,NO RETORNABLE,330,19.46408272,9259.041016,15637.32129,39.55490112
8/23/2025,market1,ABI,brand45,sub_brand2,LATA,NO RETORNABLE,355,0.231520146,6961.672363,142.2131958,0.154699996
8/23/2025,market1,manufacturer10,brand20,sub_brand3,LATA,NO RETORNABLE,310,9.979480743,10667.97461,5538.008301,21.18110085
8/23/2025,market1,ABI,brand1,sub_brand33,BOTELLA,RETORNABLE,330,1.971719742,13788.60156,1381.59314,7.36439991
8/23/2025,market1,manufacturer9,brand23,sub_brand2,BOTELLA,NO RETORNABLE,330,0.113406122,60950.32031,13.2173996,1.133399963
8/23/2025,market1,manufacturer22,brand46,sub_brand37,LATA,NO RETORNABLE,500,0.099392928,29996.38477,12.17749977,1.266700029
8/23/2025,market1,ABI,brand7,sub_brand29,BOTELLA,NO RETORNABLE,330,0.17045255,12657.03418,43.07759857,1.783800006
8/23/2025,market1,ABI,brand83,sub_brand3,BOTELLA,NO RETORNABLE,310,0.01017853,51398.96484,5.665500164,0.097900003
8/23/2025,market1,ABI,brand50,sub_brand9,BOTELLA,NO RETORNABLE,210,31.27593231,16556.7207,26800.71484,68.23210144
8/23/2025,market1,manufacturer10,brand22,sub_brand2,BOTELLA,NO RETORNABLE,330,0.113025308,30310.95313,16.01779938,0.939700007
8/23/2025,market1,manufacturer7,brand9,sub_brand2,BOTELLA,NO RETORNABLE,330,0.018883919,21991.59375,1.465399981,0.607200027
8/23/2025,market1,manufacturer10,brand22,sub_brand27,BOTELLA,NO RETORNABLE,300,0.320685834,19759.37891,58.55099869,3.290400028
8/23/2025,market1,manufacturer22,brand46,sub_brand2,LATA,NO RETORNABLE,,0.128915876,31335.74609,29.0802002,0.902899981
8/23/2025,market1,manufacturer10,brand14,sub_brand5,LATA,NO RETORNABLE,473,1.463031292,7776.14502,320.8944092,2.295300007
8/23/2025,market1,manufacturer10,brand35,sub_brand2,LATA,NO RETORNABLE,330,2.121875763,5740.095215,1573.859009,6.134699821
8/23/2025,market1,manufacturer22,brand46,sub_brand2,BOTELLA,NO RETORNABLE,355,0.01043887,63542.51172,1.182299972,0.096100003
8/23/2025,market1,ABI,brand26,sub_brand6,BOTELLA,NO RETORNABLE,330,6.138110161,14503.50781,1332.966553,16.08239937
8/23/2025,market1,manufacturer22,brand46,sub_brand37,BOTELLA,NO RETORNABLE,330,0.184932813,27477.64648,33.58929825,1.358500004
8/23/2025,market1,ABI,brand16,sub_brand5,BOTELLA,NO RETORNABLE,330,0.02927408,10584.99414,40.14490128,0.075199999
8/23/2025,market1,manufacturer7,brand9,sub_brand2,LATA,NO RETORNABLE,500,0.0040114,36194.10156,0,0.39230001
8/23/2025,market1,manufacturer10,brand57,sub_brand25,BOTELLA,RETORNABLE,330,0.975357234,7663.319824,1312.946655,2.896500111
8/23/2025,market1,manufacturer10,brand28,sub_brand2,BOTELLA,NO RETORNABLE,330,0.00021113,25444.0918,0,0.0016
8/23/2025,market1,manufacturer3,brand11,sub_brand2,BOTELLA,NO RETORNABLE,330,0.03339709,25518.20508,3.361099958,1.029700041
8/23/2025,market1,manufacturer30,brand59,sub_brand2,BOTELLA,NO RETORNABLE,500,0.044289619,33154.36328,20.09210014,1.574800014
8/23/2025,market1,ABI,brand16,sub_brand3,LATA,NO RETORNABLE,330,31.51722336,9671.419922,39676.61719,52.31909943
8/23/2025,market1,manufacturer22,brand46,sub_brand3,LATA,NO RETORNABLE,330,0.01414547,19866.42188,0,0.585200012
8/23/2025,market1,ABI,brand1,sub_brand42,LATA,NO RETORNABLE,269,0.59344244,13564.16309,83.87680054,1.995200038
8/23/2025,market1,ABI,brand3,sub_brand12,BOTELLA,RETORNABLE,320,17.23833656,8474.917969,36486.01563,44.18209839
8/23/2025,market1,manufacturer10,brand20,sub_brand3,LATA,NO RETORNABLE,330,0.07021372,10339.7627,14.99009991,0.059599999
8/23/2025,market1,manufacturer10,brand22,sub_brand27,BOTELLA,NO RETORNABLE,330,0.178885013,14521.89551,117.7947006,0.247199997
8/23/2025,market1,manufacturer10,brand14,sub_brand3,LATA,NO RETORNABLE,355,0.0127203,8419.509766,21.40979958,0.0185
8/23/2025,market1,ABI,brand1,sub_brand1,BOTELLA,RETORNABLE,330,23.62755966,11981.88574,28123.21094,58.57989883
8/23/2025,market1,ABI,brand3,sub_brand3,LATA,NO RETORNABLE,296,0.06065641,5249.763672,0,0.114399999
8/23/2025,market1,ABI,brand7,sub_brand23,LATA,NO RETORNABLE,269,0.110468492,11540.28613,7.754899979,0.037
8/23/2025,market1,manufacturer10,brand57,sub_brand25,LATA,NO RETORNABLE,310,1.354196191,9391.106445,614.7111206,5.238900185
8/23/2025,market1,manufacturer5,brand6,sub_brand2,BOTELLA,NO RETORNABLE,500,0.00760055,41759.98438,0,0.449699998
8/23/2025,market1,manufacturer10,brand57,sub_brand25,BOTELLA,NO RETORNABLE,300,2.51570487,9867.918945,3104.181885,6.521900177
8/23/2025,market1,manufacturer17,brand34,sub_brand2,LATA,NO RETORNABLE,330,0.539586723,6818.181641,0.868399978,1.383299947
8/23/2025,market1,ABI,brand25,sub_brand2,BOTELLA,NO RETORNABLE,330,0.414695501,18391.49023,160.3460999,0.755999982
8/23/2025,market1,ABI,brand3,sub_brand3,BOTELLA,RETORNABLE,1000,0.01206887,4000,0,0.040199999
8/23/2025,market1,manufacturer10,brand33,sub_brand3,BOTELLA,RETORNABLE,330,6.427581787,6392.370117,9883.185547,12.35459995
8/23/2025,market1,manufacturer4,brand5,sub_brand2,LATA,NO RETORNABLE,500,0.189119354,30195.18945,17.35560036,1.910400033
8/23/2025,market1,manufacturer22,brand46,sub_brand2,LATA,NO RETORNABLE,500,0.125909507,27838.30664,83.01210022,1.039899945
8/23/2025,market1,manufacturer10,brand22,sub_brand13,LATA,NO RETORNABLE,269,2.603559971,12805.79395,668.9229736,7.582099915
8/23/2025,market1,ABI,brand7,sub_brand22,BOTELLA,NO RETORNABLE,330,0.215291381,12875.53418,11.41149998,0.723399997
8/23/2025,market1,ABI,brand16,sub_brand3,BOTELLA,RETORNABLE,330,39.67131042,9302.866211,168260.4688,76.13020325
8/23/2025,market1,manufacturer8,brand38,sub_brand2,BOTELLA,NO RETORNABLE,330,0.01651055,42573.13672,1.104099989,0.140900001
8/23/2025,market1,manufacturer10,brand22,sub_brand19,BOTELLA,NO RETORNABLE,330,0.072437808,24063.95508,3.810100079,0.732800007
8/23/2025,market1,ABI,brand16,sub_brand3,LATA,NO RETORNABLE,355,0.077751212,9397.642578,16.88489914,0.025
8/23/2025,market1,ABI,brand16,sub_brand41,BOTELLA,NO RETORNABLE,330,0.193598807,10643.7998,6.174300194,2.170300007
8/23/2025,market1,manufacturer10,brand22,sub_brand18,BOTELLA,NO RETORNABLE,300,0.449382722,26110.82813,99.6855011,3.248399973
8/23/2025,market1,manufacturer10,brand20,sub_brand3,BOTELLA,NO RETORNABLE,330,2.095273972,15137.59863,560.5604248,7.284900188
8/23/2025,market1,ABI,brand15,sub_brand3,BOTELLA,RETORNABLE,750,0.0051673,7646.34668,12.53100014,0.0145
8/23/2025,market1,ABI,brand15,sub_brand3,LATA,NO RETORNABLE,473,7.059463978,8453.380859,7768.953613,9.20759964
8/23/2025,market1,ABI,brand3,sub_brand3,BOTELLA,RETORNABLE,750,5.708353519,5244.279297,16051.0459,13.63399982
8/23/2025,market1,ABI,brand16,sub_brand5,BOTELLA,RETORNABLE,1000,9.737155914,6333.896484,19018.61328,18.56570053
8/23/2025,market1,manufacturer11,brand19,sub_brand3,BOTELLA,NO RETORNABLE,330,0.104209863,33392.89063,10.45820045,0.309500009
8/23/2025,market1,manufacturer45,brand79,sub_brand2,BOTELLA,NO RETORNABLE,330,0.02015068,40561.11328,0,0.616599977
8/23/2025,market1,manufacturer10,brand20,sub_brand3,BOTELLA,NO RETORNABLE,250,4.831827641,13556.53613,3141.510498,13.28499985
8/23/2025,market1,ABI,brand45,sub_brand2,BOTELLA,RETORNABLE,330,0.989740789,12042.77051,755.0383911,2.975800037
8/23/2025,market1,ABI,brand7,sub_brand4,LATA,NO RETORNABLE,269,0.57176739,13548.67383,114.7213974,3.416800022
8/23/2025,market1,ABI,brand16,sub_brand5,BOTELLA,RETORNABLE,330,36.07427597,9899.238281,87690.15625,73.32929993
8/23/2025,market1,ABI,brand1,sub_brand1,LATA,NO RETORNABLE,330,22.43776703,10023.03711,15666.13379,39.66139984
8/23/2025,market1,ABI,brand7,sub_brand4,BOTELLA,NO RETORNABLE,330,0.507497966,14503.98633,53.0807991,2.947099924
8/23/2025,market1,manufacturer22,brand46,sub_brand2,BOTELLA,NO RETORNABLE,250,0.01245646,29478.92773,0,0.423599988
8/23/2025,market1,manufacturer14,brand27,sub_brand2,BOTELLA,NO RETORNABLE,300,0.053303052,34135.96875,5.894199848,1.571799994
8/23/2025,market1,manufacturer10,brand90,sub_brand3,LATA,NO RETORNABLE,330,0.165513709,4953.023926,383.7981873,0.318500012
8/23/2025,market1,manufacturer26,brand53,sub_brand2,BOTELLA,NO RETORNABLE,250,0.212144464,54092.04297,14.21290016,2.124000072
8/23/2025,market1,ABI,brand16,sub_brand5,BOTELLA,NO RETORNABLE,300,0.00531582,9333.332031,1.548699975,0.0076
8/23/2025,market1,manufacturer10,brand14,sub_brand5,BOTELLA,NO RETORNABLE,250,0.304766148,9778.958984,226.2778931,1.419100046
8/23/2025,market1,ABI,brand1,sub_brand7,BOTELLA,RETORNABLE,330,1.818450928,13060.33105,570.8717041,5.397500038
8/23/2025,market1,manufacturer44,brand78,sub_brand2,BOTELLA,NO RETORNABLE,750,0.00274464,80950.44531,0,0.093000002
8/23/2025,market1,manufacturer44,brand78,sub_brand2,BOTELLA,NO RETORNABLE,330,0.069870427,51623.21875,4.45909977,0.318699986
8/23/2025,market1,ABI,brand32,sub_brand2,BOTELLA,RETORNABLE,330,2.514736414,5932.474609,3179.825684,7.166600227
8/23/2025,market1,manufacturer10,brand17,sub_brand3,BOTELLA,NO RETORNABLE,355,0.00809684,15580.92578,11.86900043,0.037900001
8/23/2025,market1,manufacturer8,brand38,sub_brand2,LATA,NO RETORNABLE,330,0.017312361,40236.58203,0,0.676500022
8/23/2025,market1,ABI,brand1,sub_brand33,LATA,NO RETORNABLE,330,3.229029655,10853.72363,1683.991455,9.087300301
8/23/2025,market1,ABI,brand51,sub_brand3,LATA,NO RETORNABLE,296,0.037618238,9886.366211,0,0.047699999
8/23/2025,market1,manufacturer3,brand11,sub_brand2,BOTELLA,NO RETORNABLE,500,0.03246247,24072.82813,0.0078,1.219300032
8/23/2025,market1,ABI,brand12,sub_brand26,LATA,NO RETORNABLE,330,0.01297264,9595.958008,0.129800007,0.0005
8/23/2025,market1,ABI,brand84,sub_brand37,BOTELLA,NO RETORNABLE,355,0.987359047,18414.89063,468.8736877,4.191699982
8/23/2025,market1,manufacturer22,brand46,sub_brand2,BOTELLA,RETORNABLE,330,0.06101533,17822.08398,1.31400001,0.540799975
8/23/2025,market1,manufacturer16,brand43,sub_brand2,BOTELLA,NO RETORNABLE,500,0.080323853,32877.64063,10.86839962,1.592700005
8/23/2025,market1,manufacturer28,brand55,sub_brand2,BOTELLA,NO RETORNABLE,330,0.00506703,67340.73438,0,0.2509
8/23/2025,market1,manufacturer10,brand22,sub_brand13,BOTELLA,NO RETORNABLE,330,0.355914384,24751.83984,136.0265045,0.768599987
8/23/2025,market1,manufacturer13,brand24,sub_brand2,LATA,NO RETORNABLE,500,0.065014534,37985.51563,11.82349968,0.215399995
8/23/2025,market1,manufacturer29,brand77,sub_brand2,LATA,NO RETORNABLE,500,0.01477885,9326.854492,0,0.497000009
8/23/2025,market1,manufacturer10,brand20,sub_brand17,LATA,NO RETORNABLE,250,1.0227952,11020.82617,366.0788879,3.596600056
8/23/2025,market1,manufacturer10,brand33,sub_brand3,LATA,NO RETORNABLE,473,0.45075354,8046.717773,110.3902969,0.475600004
8/23/2025,market1,ABI,brand26,sub_brand9,BOTELLA,RETORNABLE,330,9.612955093,18073.70117,5640.385254,20.69219971
8/23/2025,market1,ABI,brand36,sub_brand3,LATA,NO RETORNABLE,330,0.726839125,5595.754883,34.34090042,1.843799949
8/23/2025,market1,manufacturer14,brand27,sub_brand2,BOTELLA,NO RETORNABLE,330,0.174891233,28309.85742,53.52539825,0.208199993
8/23/2025,market1,manufacturer10,brand22,sub_brand18,BOTELLA,NO RETORNABLE,330,0.203197524,21676.35156,19.60269928,0.675300002
8/23/2025,market1,manufacturer24,brand48,sub_brand2,BOTELLA,NO RETORNABLE,750,0.00211126,90196.94531,0,0.0273
8/23/2025,market1,manufacturer10,brand20,sub_brand17,BOTELLA,NO RETORNABLE,330,0.038131949,12121.21191,9.605099678,0.0638
8/23/2025,market1,ABI,brand1,sub_brand1,BOTELLA,NO RETORNABLE,330,0.270093501,10896.3291,161.3697052,2.31159997
8/23/2025,market1,ABI,brand7,sub_brand40,BOTELLA,NO RETORNABLE,330,0.27937448,15093.92676,27.71389961,2.444200039
8/23/2025,market1,manufacturer5,brand6,sub_brand2,LATA,NO RETORNABLE,500,0.00612266,37677.32031,0,0.332700014
8/23/2025,market1,manufacturer21,brand41,sub_brand3,LATA,NO RETORNABLE,473,0.01414547,28394.78516,0,0.527899981
8/23/2025,market1,manufacturer8,brand10,sub_brand2,LATA,NO RETORNABLE,330,0.01493898,40852.39844,0.0051,0.630500019
8/23/2025,market1,ABI,brand25,sub_brand2,BARRIL,NO RETORNABLE,,0.00147788,10753.00879,0,0.101999998
8/23/2025,market1,ABI,brand16,sub_brand3,LATA,NO RETORNABLE,269,5.420685291,8975.633789,6173.375977,15.04290009
8/23/2025,market1,manufacturer47,brand88,sub_brand3,BOTELLA,NO RETORNABLE,,0.0324504,28042.5332,3.635499954,0.097599998
8/23/2025,market1,manufacturer10,brand14,sub_brand3,LATA,NO RETORNABLE,330,0.623517334,8271.228516,152.7579041,0.576200008
8/23/2025,market1,ABI,brand12,sub_brand3,LATA,NO RETORNABLE,473,14.3443594,8338.862305,20961.66992,20.28960037
8/23/2025,market1,ABI,brand12,sub_brand21,BOTELLA,RETORNABLE,330,0.027323451,8745.283203,248.9557953,0.149599999
8/23/2025,market1,manufacturer10,brand22,sub_brand13,BOTELLA,NO RETORNABLE,750,0.01667499,26032.45703,0.280800015,0.077100001
8/23/2025,market1,ABI,brand1,sub_brand26,BOTELLA,RETORNABLE,330,3.453320742,13922.68945,2414.743652,9.764399529
8/23/2025,market1,ABI,brand12,sub_brand16,BOTELLA,RETORNABLE,330,0.304683238,10265.8877,44.13499832,0.080899999
8/23/2025,market1,ABI,brand1,sub_brand10,LATA,NO RETORNABLE,330,0.029355491,10778.96094,4.707699776,0.0066
8/23/2025,market1,ABI,brand26,sub_brand9,BOTELLA,NO RETORNABLE,355,0.583365679,14092.7041,461.5714111,0.819899976
8/23/2025,market1,manufacturer7,brand9,sub_brand2,LATA,NO RETORNABLE,330,0.00422253,14916.95605,0,0.407900006
8/23/2025,market1,ABI,brand81,sub_brand3,BOTELLA,NO RETORNABLE,355,0.35331285,7949.866699,79.88809967,0.792999983
8/23/2025,market1,manufacturer8,brand18,sub_brand2,BOTELLA,NO RETORNABLE,330,0.03036592,29536.64844,15.89400005,0.505599976
8/23/2025,market1,manufacturer10,brand14,sub_brand3,LATA,NO RETORNABLE,269,1.250308752,6826.871094,897.3657837,4.283500195
8/23/2025,market1,manufacturer17,brand34,sub_brand3,BOTELLA,RETORNABLE,330,0.0099897,42424.29688,0,0.0017
8/23/2025,market1,ABI,brand12,sub_brand3,LATA,NO RETORNABLE,330,27.16170883,9613.564453,33690.55469,44.16930008
8/23/2025,market1,manufacturer22,brand46,sub_brand2,LATA,NO RETORNABLE,330,0.031246699,26889.16797,0,0.995700002
8/23/2025,market1,ABI,brand12,sub_brand16,LATA,NO RETORNABLE,330,0.122990921,9148.230469,22.1371994,0.142700002
8/23/2025,market1,manufacturer10,brand17,sub_brand3,BOTELLA,NO RETORNABLE,330,0.945294619,13764.27148,233.1345978,4.343900204
8/23/2025,market1,ABI,brand25,sub_brand2,LATA,NO RETORNABLE,250,0.01193732,15438.93164,0.072400004,0.0032
8/23/2025,market1,manufacturer24,brand48,sub_brand2,BOTELLA,NO RETORNABLE,330,0.00417154,46686.29688,0.471899986,0.075000003
8/23/2025,market1,manufacturer16,brand43,sub_brand2,BOTELLA,NO RETORNABLE,500,0.035972659,35700.77344,24.96299934,0.761900008
8/23/2025,market1,ABI,brand81,sub_brand3,LATA,NO RETORNABLE,269,4.889401436,10271.98535,690.1992188,9.998800278
8/23/2025,market1,ABI,brand16,sub_brand3,BOTELLA,RETORNABLE,250,0.130349368,11907.77832,216.1573944,0.572099984
8/23/2025,market1,manufacturer10,brand14,sub_brand3,BOTELLA,RETORNABLE,250,0.511281073,7639.334961,194.7653046,0.746900022
8/23/2025,market1,ABI,brand45,sub_brand2,BOTELLA,RETORNABLE,250,1.802902579,12593.83984,714.5114746,5.139500141
8/23/2025,market1,manufacturer45,brand79,sub_brand2,LATA,NO RETORNABLE,500,0.00760055,23108.86133,0.399599999,0.112000003
8/23/2025,market1,manufacturer10,brand33,sub_brand3,LATA,NO RETORNABLE,355,0.155901909,6553.485352,31.40259933,0.0394
8/23/2025,market1,ABI,brand12,sub_brand3,BOTELLA,RETORNABLE,750,7.085639954,7221.024414,13899.53906,11.03100014
8/23/2025,market1,manufacturer11,brand19,sub_brand3,BOTELLA,NO RETORNABLE,500,0.564923346,37081.08594,100.5764999,2.424400091
8/23/2025,market1,ABI,brand12,sub_brand3,BOTELLA,NO RETORNABLE,330,0.01032587,7143.046387,212.4705963,0.0198
8/23/2025,market1,manufacturer10,brand14,sub_brand3,LATA,NO RETORNABLE,310,6.295022964,8149.465332,2921.662109,10.80039978
8/23/2025,market1,manufacturer36,brand66,sub_brand2,LATA,NO RETORNABLE,500,0.101217993,27615.98438,9.489500046,2.131400108
8/23/2025,market1,ABI,brand16,sub_brand3,LATA,NO RETORNABLE,473,8.480039597,8611.045898,6441.147461,13.30790043
8/23/2025,market1,manufacturer10,brand14,sub_brand3,LATA,NO RETORNABLE,473,10.66269398,7668.61377,9462.389648,13.60830021
8/23/2025,market1,ABI,brand50,sub_brand9,BOTELLA,RETORNABLE,210,1.931660891,19999.66992,614.0180054,4.756000042
8/23/2025,market1,ABI,brand15,sub_brand3,BOTELLA,RETORNABLE,1000,3.534416437,6870.183105,9335.173828,5.842299938
8/23/2025,market1,ABI,brand12,sub_brand3,BOTELLA,RETORNABLE,250,1.005491614,10104.12891,2627.766113,3.514499903
8/23/2025,market1,manufacturer37,brand67,sub_brand2,BOTELLA,NO RETORNABLE,330,0.00422253,40415.11719,0,0.248500004
8/23/2025,market1,ABI,brand83,sub_brand3,BOTELLA,NO RETORNABLE,330,0.237127557,13197.81055,84.19930267,3.109600067
8/23/2025,market1,manufacturer10,brand14,sub_brand5,BOTELLA,RETORNABLE,330,3.021431923,8281.560547,3769.298828,6.89989996
8/23/2025,market1,manufacturer10,brand14,sub_brand5,LATA,NO RETORNABLE,330,0.175437495,9075.644531,11.22019958,0.059099998
8/23/2025,market1,manufacturer10,brand20,sub_brand3,BOTELLA,RETORNABLE,250,1.343505859,14362.82715,1022.958374,4.237800121
8/23/2025,market1,ABI,brand16,sub_brand20,LATA,NO RETORNABLE,330,10.77113438,8815.400391,2481.524414,20.84449959
8/23/2025,market1,manufacturer10,brand33,sub_brand3,LATA,NO RETORNABLE,269,0.038906239,8084.074707,13.7432003,0.024900001
8/23/2025,market1,manufacturer3,brand11,sub_brand2,BOTELLA,NO RETORNABLE,330,0.02544605,52978.49219,31.9151001,0.226500005
8/23/2025,market1,manufacturer31,brand69,sub_brand2,LATA,NO RETORNABLE,330,0.07250303,11959.06152,6.72480011,1.106299996
8/23/2025,market1,ABI,brand1,sub_brand33,BOTELLA,NO RETORNABLE,330,0.298347801,13203.19531,186.0912018,0.219899997
8/23/2025,market1,manufacturer10,brand22,sub_brand7,BOTELLA,NO RETORNABLE,330,1.304992795,20366.72266,133.4477997,4.333199978
8/23/2025,market1,manufacturer10,brand14,sub_brand5,BOTELLA,NO RETORNABLE,300,0.471021801,8670.860352,1119.557739,1.710700035
8/23/2025,market1,manufacturer27,brand54,sub_brand2,BOTELLA,NO RETORNABLE,330,0.124353893,61033.53906,24.54500008,1.129600048
8/23/2025,market1,manufacturer32,brand62,sub_brand2,BOTELLA,NO RETORNABLE,330,0.164940447,52163.82813,19.93110085,2.186199903
8/23/2025,market1,manufacturer10,brand17,sub_brand3,BOTELLA,NO RETORNABLE,250,1.452703476,11654.06445,690.8187866,5.325099945
8/23/2025,market1,ABI,brand26,sub_brand9,BOTELLA,NO RETORNABLE,210,0.05277057,13549.9668,344.4914856,0.073399998
8/23/2025,market1,manufacturer9,brand13,sub_brand2,BOTELLA,NO RETORNABLE,330,0.162120089,61532.73828,15.21370029,1.699499965
8/23/2025,market1,manufacturer10,brand14,sub_brand5,LATA,NO RETORNABLE,269,1.241592884,8417.042969,1424.068481,5.570499897
8/23/2025,market1,manufacturer10,brand57,sub_brand25,BOTELLA,NO RETORNABLE,250,0.587743044,6347.886719,158.758194,1.705000043
8/23/2025,market1,ABI,brand44,sub_brand15,LATA,NO RETORNABLE,330,0.123682402,5145.280762,144.6412048,0.503199995
8/23/2025,market1,ABI,brand32,sub_brand2,BOTELLA,RETORNABLE,250,0.02934346,4800,3.992899895,0.058699999
8/23/2025,market1,ABI,brand26,sub_brand9,BOTELLA,NO RETORNABLE,330,12.19626427,13823.93652,7669.788086,29.4484005
8/23/2025,market1,manufacturer11,brand19,sub_brand3,BOTELLA,NO RETORNABLE,500,0.075825721,33945.53125,1.055099964,1.311200023
8/23/2025,market1,ABI,brand73,sub_brand15,LATA,NO RETORNABLE,330,1.854190826,6204.972656,1733.188721,3.440000057
8/23/2025,market1,manufacturer28,brand55,sub_brand2,BOTELLA,NO RETORNABLE,500,0.00633379,56660.35938,0,0.268299997
8/23/2025,market1,ABI,brand16,sub_brand6,LATA,NO RETORNABLE,355,0.00048922,9014.109375,0.300300002,0.0005
8/23/2025,market1,ABI,brand3,sub_brand12,LATA,NO RETORNABLE,473,3.129341841,7930.15918,1253.402832,5.107299805
8/23/2025,market1,ABI,brand7,sub_brand15,BARRIL,NO RETORNABLE,,0.00063338,8123.623535,0,0.023399999
8/23/2025,market1,manufacturer45,brand79,sub_brand2,BOTELLA,NO RETORNABLE,500,0.099420987,34081.84766,13.1718998,1.098099947
8/23/2025,market1,ABI,brand45,sub_brand2,BOTELLA,NO RETORNABLE,250,5.215713024,13204.94141,2083.345703,14.46380043
8/23/2025,market1,ABI,brand16,sub_brand5,BOTELLA,RETORNABLE,250,0.14117977,11420.98145,731.0637817,0.944599986
8/23/2025,market1,manufacturer9,brand13,sub_brand2,BOTELLA,NO RETORNABLE,750,0.00844505,50702.44141,0,0.380800009
8/23/2025,market1,manufacturer39,brand70,sub_brand3,BOTELLA,NO RETORNABLE,330,0.169355199,24520.35352,43.59889984,2.004800081
8/23/2025,market1,ABI,brand51,sub_brand3,LATA,NO RETORNABLE,269,17.19291687,12543.7666,5118.74707,33.02700043
8/23/2025,market1,manufacturer11,brand19,sub_brand14,LATA,NO RETORNABLE,500,0.05504752,31095.8125,1.181399941,1.333500028
8/23/2025,market1,manufacturer10,brand33,sub_brand3,BOTELLA,RETORNABLE,750,4.26381731,4816.784668,7482.997559,7.956200123
8/23/2025,market1,manufacturer10,brand14,sub_brand5,BOTELLA,RETORNABLE,750,0.440824002,5954.026855,309.5273132,1.013700008
8/23/2025,market1,ABI,brand12,sub_brand3,LATA,NO RETORNABLE,355,0.00417914,6644.598633,7.298600197,0.0151
8/23/2025,market1,manufacturer33,brand63,sub_brand2,BOTELLA,NO RETORNABLE,330,0.099820673,20561.16406,13.78709984,1.952299953
8/23/2025,market1,ABI,brand1,sub_brand10,BOTELLA,RETORNABLE,330,0.174809366,9090.90918,3.6802001,0.036699999
8/23/2025,market1,ABI,brand16,sub_brand3,BOTELLA,NO RETORNABLE,500,0.00858265,2999.414795,0,1.00E-04
8/23/2025,market1,manufacturer10,brand20,sub_brand3,LATA,NO RETORNABLE,269,2.23776269,12021.42383,1049.064209,4.488900185
8/23/2025,market1,manufacturer11,brand19,sub_brand14,BOTELLA,NO RETORNABLE,500,0.211925834,40628.15625,48.67570114,1.786800027
8/23/2025,market1,ABI,brand3,sub_brand3,LATA,NO RETORNABLE,330,3.449900866,5310.668457,3183.102539,5.917600155
8/23/2025,market1,ABI,brand26,sub_brand6,LATA,NO RETORNABLE,269,2.210449696,11559.60254,439.1520081,7.466899872
8/23/2025,market1,ABI,brand1,sub_brand7,BOTELLA,NO RETORNABLE,330,0.067878202,12121.21094,47.27970123,0.0583
8/23/2025,market1,manufacturer10,brand22,sub_brand13,BOTELLA,NO RETORNABLE,300,3.167048931,18929.82422,673.4368286,7.851200104
8/23/2025,market1,ABI,brand25,sub_brand2,LATA,NO RETORNABLE,269,9.487182617,12949.04004,1845.505615,17.22820091
8/23/2025,market1,ABI,brand16,sub_brand3,BOTELLA,RETORNABLE,750,4.597207546,7906.734375,10039.87598,10.05860043
8/23/2025,market1,manufacturer10,brand57,sub_brand25,LATA,NO RETORNABLE,330,0.100815222,9673.707031,32.98339844,0.068800002
8/23/2025,market1,ABI,brand16,sub_brand30,BOTELLA,RETORNABLE,330,0.01544045,8315.165039,3.017199993,0.0015
8/23/2025,market1,ABI,brand51,sub_brand3,BOTELLA,RETORNABLE,330,1.093514204,11749.82031,534.5825195,3.624000072
8/23/2025,market1,manufacturer22,brand46,sub_brand2,BOTELLA,NO RETORNABLE,330,0.394934505,41879.03125,75.78379822,2.967600107
8/23/2025,market1,ABI,brand1,sub_brand1,LATA,NO RETORNABLE,269,2.211593151,9160.8125,366.4642029,4.040599823
